Year,Price,Country,Fuel,countryISO
2025,682.05,Austria,Petrol,AUT
2025,700.38,Austria,Petrol,AUT
2025,699.55,Austria,Petrol,AUT
2025,698.72,Austria,Petrol,AUT
2025,692.05,Austria,Petrol,AUT
2025,708.72,Austria,Petrol,AUT
2025,715.38,Austria,Petrol,AUT
2025,688.72,Austria,Petrol,AUT
2025,677.88,Austria,Petrol,AUT
2024,671.42,Austria,Petrol,AUT
2024,676.42,Austria,Petrol,AUT
2024,668.08,Austria,Petrol,AUT
2024,659.75,Austria,Petrol,AUT
2024,658.92,Austria,Petrol,AUT
2024,663.08,Austria,Petrol,AUT
2024,658.08,Austria,Petrol,AUT
2024,650.58,Austria,Petrol,AUT
2024,641.42,Austria,Petrol,AUT
2024,658.08,Austria,Petrol,AUT
2024,659.75,Austria,Petrol,AUT
2024,668.92,Austria,Petrol,AUT
2024,656.42,Austria,Petrol,AUT
2024,633.08,Austria,Petrol,AUT
2024,641.42,Austria,Petrol,AUT
2024,657.25,Austria,Petrol,AUT
2024,662.25,Austria,Petrol,AUT
2024,686.42,Austria,Petrol,AUT
2024,691.42,Austria,Petrol,AUT
2024,710.58,Austria,Petrol,AUT
2024,718.92,Austria,Petrol,AUT
2024,738.08,Austria,Petrol,AUT
2024,741.42,Austria,Petrol,AUT
2024,743.08,Austria,Petrol,AUT
2024,763.92,Austria,Petrol,AUT
2024,765.58,Austria,Petrol,AUT
2024,757.25,Austria,Petrol,AUT
2024,748.82,Austria,Petrol,AUT
2024,743.82,Austria,Petrol,AUT
2024,730.49,Austria,Petrol,AUT
2024,753.82,Austria,Petrol,AUT
2024,766.32,Austria,Petrol,AUT
2024,764.66,Austria,Petrol,AUT
2024,782.99,Austria,Petrol,AUT
2024,791.32,Austria,Petrol,AUT
2024,802.16,Austria,Petrol,AUT
2024,806.32,Austria,Petrol,AUT
2024,806.32,Austria,Petrol,AUT
2024,795.49,Austria,Petrol,AUT
2024,772.16,Austria,Petrol,AUT
2024,749.66,Austria,Petrol,AUT
2024,737.99,Austria,Petrol,AUT
2024,737.99,Austria,Petrol,AUT
2024,738.82,Austria,Petrol,AUT
2024,736.32,Austria,Petrol,AUT
2024,741.32,Austria,Petrol,AUT
2024,723.82,Austria,Petrol,AUT
2024,718.82,Austria,Petrol,AUT
2024,708.82,Austria,Petrol,AUT
2024,689.66,Austria,Petrol,AUT
2024,684.66,Austria,Petrol,AUT
2024,686.32,Austria,Petrol,AUT
2024,668.03,Austria,Petrol,AUT
2023,668.03,Austria,Petrol,AUT
2023,672.19,Austria,Petrol,AUT
2023,691.36,Austria,Petrol,AUT
2023,723.03,Austria,Petrol,AUT
2023,733.03,Austria,Petrol,AUT
2023,753.86,Austria,Petrol,AUT
2023,769.69,Austria,Petrol,AUT
2023,770.53,Austria,Petrol,AUT
2023,783.86,Austria,Petrol,AUT
2023,794.69,Austria,Petrol,AUT
2023,822.19,Austria,Petrol,AUT
2023,846.36,Austria,Petrol,AUT
2023,863.03,Austria,Petrol,AUT
2023,868.03,Austria,Petrol,AUT
2023,852.19,Austria,Petrol,AUT
2023,849.69,Austria,Petrol,AUT
2023,845.53,Austria,Petrol,AUT
2023,833.86,Austria,Petrol,AUT
2023,829.69,Austria,Petrol,AUT
2023,811.36,Austria,Petrol,AUT
2023,793.03,Austria,Petrol,AUT
2023,759.69,Austria,Petrol,AUT
2023,755.53,Austria,Petrol,AUT
2023,733.86,Austria,Petrol,AUT
2023,740.53,Austria,Petrol,AUT
2023,751.08,Austria,Petrol,AUT
2023,746.08,Austria,Petrol,AUT
2023,756.08,Austria,Petrol,AUT
2023,742.74,Austria,Petrol,AUT
2023,744.41,Austria,Petrol,AUT
2023,728.58,Austria,Petrol,AUT
2023,732.74,Austria,Petrol,AUT
2023,732.74,Austria,Petrol,AUT
2023,754.41,Austria,Petrol,AUT
2023,772.74,Austria,Petrol,AUT
2023,783.58,Austria,Petrol,AUT
2023,789.41,Austria,Petrol,AUT
2023,750.24,Austria,Petrol,AUT
2023,734.41,Austria,Petrol,AUT
2023,739.41,Austria,Petrol,AUT
2023,763.58,Austria,Petrol,AUT
2023,761.91,Austria,Petrol,AUT
2023,754.41,Austria,Petrol,AUT
2023,759.41,Austria,Petrol,AUT
2023,748.58,Austria,Petrol,AUT
2023,756.08,Austria,Petrol,AUT
2023,776.91,Austria,Petrol,AUT
2023,761.08,Austria,Petrol,AUT
2023,742.74,Austria,Petrol,AUT
2023,745.24,Austria,Petrol,AUT
2023,680.24,Austria,Petrol,AUT
2022,654.26,Austria,Petrol,AUT
2022,665.92,Austria,Petrol,AUT
2022,694.26,Austria,Petrol,AUT
2022,731.76,Austria,Petrol,AUT
2022,773.42,Austria,Petrol,AUT
2022,830.92,Austria,Petrol,AUT
2022,871.76,Austria,Petrol,AUT
2022,889.26,Austria,Petrol,AUT
2022,903.42,Austria,Petrol,AUT
2022,912.59,Austria,Petrol,AUT
2022,930.92,Austria,Petrol,AUT
2022,909.26,Austria,Petrol,AUT
2022,879.26,Austria,Petrol,AUT
2022,909.86,Austria,Petrol,AUT
2022,931.52,Austria,Petrol,AUT
2022,969.86,Austria,Petrol,AUT
2022,964.02,Austria,Petrol,AUT
2022,975.69,Austria,Petrol,AUT
2022,981.52,Austria,Petrol,AUT
2022,978.19,Austria,Petrol,AUT
2022,1060.69,Austria,Petrol,AUT
2022,1147.36,Austria,Petrol,AUT
2022,1174.02,Austria,Petrol,AUT
2022,1210.69,Austria,Petrol,AUT
2022,1260.69,Austria,Petrol,AUT
2022,1249.02,Austria,Petrol,AUT
2022,1262.4,Austria,Petrol,AUT
2022,1251.56,Austria,Petrol,AUT
2022,1217.4,Austria,Petrol,AUT
2022,1167.4,Austria,Petrol,AUT
2022,1032.4,Austria,Petrol,AUT
2022,1017.4,Austria,Petrol,AUT
2022,989.06,Austria,Petrol,AUT
2022,973.23,Austria,Petrol,AUT
2022,954.06,Austria,Petrol,AUT
2022,943.23,Austria,Petrol,AUT
2022,918.23,Austria,Petrol,AUT
2022,940.73,Austria,Petrol,AUT
2022,974.06,Austria,Petrol,AUT
2022,959.06,Austria,Petrol,AUT
2022,1166.56,Austria,Petrol,AUT
2022,919.9,Austria,Petrol,AUT
2022,784.06,Austria,Petrol,AUT
2022,742.4,Austria,Petrol,AUT
2022,735.73,Austria,Petrol,AUT
2022,721.56,Austria,Petrol,AUT
2022,709.9,Austria,Petrol,AUT
2022,699.9,Austria,Petrol,AUT
2022,692.4,Austria,Petrol,AUT
2022,682.4,Austria,Petrol,AUT
2022,673.23,Austria,Petrol,AUT
2021,675.73,Austria,Petrol,AUT
2021,674.9,Austria,Petrol,AUT
2021,681.56,Austria,Petrol,AUT
2021,699.06,Austria,Petrol,AUT
2021,698.23,Austria,Petrol,AUT
2021,709.06,Austria,Petrol,AUT
2021,699.9,Austria,Petrol,AUT
2021,685.73,Austria,Petrol,AUT
2021,680.73,Austria,Petrol,AUT
2021,675.73,Austria,Petrol,AUT
2021,662.4,Austria,Petrol,AUT
2021,629.06,Austria,Petrol,AUT
2021,614.9,Austria,Petrol,AUT
2021,611.56,Austria,Petrol,AUT
2021,614.9,Austria,Petrol,AUT
2021,613.23,Austria,Petrol,AUT
2021,615.73,Austria,Petrol,AUT
2021,610.73,Austria,Petrol,AUT
2021,617.4,Austria,Petrol,AUT
2021,619.06,Austria,Petrol,AUT
2021,618.23,Austria,Petrol,AUT
2021,608.23,Austria,Petrol,AUT
2021,604.06,Austria,Petrol,AUT
2021,599.9,Austria,Petrol,AUT
2021,579.9,Austria,Petrol,AUT
2021,575.73,Austria,Petrol,AUT
2021,566.56,Austria,Petrol,AUT
2021,554.9,Austria,Petrol,AUT
2021,552.4,Austria,Petrol,AUT
2021,548.23,Austria,Petrol,AUT
2021,546.56,Austria,Petrol,AUT
2021,549.06,Austria,Petrol,AUT
2021,555.73,Austria,Petrol,AUT
2021,540.73,Austria,Petrol,AUT
2021,537.4,Austria,Petrol,AUT
2021,531.56,Austria,Petrol,AUT
2021,525.73,Austria,Petrol,AUT
2021,522.4,Austria,Petrol,AUT
2021,518.23,Austria,Petrol,AUT
2021,524.06,Austria,Petrol,AUT
2021,507.4,Austria,Petrol,AUT
2021,494.9,Austria,Petrol,AUT
2021,482.4,Austria,Petrol,AUT
2021,469.06,Austria,Petrol,AUT
2021,463.23,Austria,Petrol,AUT
2021,448.23,Austria,Petrol,AUT
2021,450.73,Austria,Petrol,AUT
2021,443.23,Austria,Petrol,AUT
2021,421.56,Austria,Petrol,AUT
2020,404.06,Austria,Petrol,AUT
2020,404.06,Austria,Petrol,AUT
2020,404.9,Austria,Petrol,AUT
2020,394.9,Austria,Petrol,AUT
2020,396.56,Austria,Petrol,AUT
2020,378.23,Austria,Petrol,AUT
2020,378.23,Austria,Petrol,AUT
2020,384.06,Austria,Petrol,AUT
2020,387.4,Austria,Petrol,AUT
2020,393.23,Austria,Petrol,AUT
2020,398.23,Austria,Petrol,AUT
2020,399.06,Austria,Petrol,AUT
2020,396.56,Austria,Petrol,AUT
2020,398.23,Austria,Petrol,AUT
2020,399.06,Austria,Petrol,AUT
2020,402.4,Austria,Petrol,AUT
2020,405.73,Austria,Petrol,AUT
2020,394.9,Austria,Petrol,AUT
2020,395.73,Austria,Petrol,AUT
2020,392.4,Austria,Petrol,AUT
2020,393.23,Austria,Petrol,AUT
2020,394.9,Austria,Petrol,AUT
2020,393.23,Austria,Petrol,AUT
2020,390.73,Austria,Petrol,AUT
2020,382.4,Austria,Petrol,AUT
2020,379.97,Austria,Petrol,AUT
2020,369.14,Austria,Petrol,AUT
2020,357.47,Austria,Petrol,AUT
2020,351.64,Austria,Petrol,AUT
2020,349.14,Austria,Petrol,AUT
2020,344.97,Austria,Petrol,AUT
2020,333.31,Austria,Petrol,AUT
2020,355.81,Austria,Petrol,AUT
2020,358.31,Austria,Petrol,AUT
2020,369.14,Austria,Petrol,AUT
2020,375.81,Austria,Petrol,AUT
2020,411.64,Austria,Petrol,AUT
2020,409.14,Austria,Petrol,AUT
2020,410.81,Austria,Petrol,AUT
2020,399.14,Austria,Petrol,AUT
2020,470.81,Austria,Petrol,AUT
2020,493.31,Austria,Petrol,AUT
2020,515.81,Austria,Petrol,AUT
2020,503.31,Austria,Petrol,AUT
2020,507.47,Austria,Petrol,AUT
2020,516.64,Austria,Petrol,AUT
2020,527.47,Austria,Petrol,AUT
2020,534.14,Austria,Petrol,AUT
2020,542.47,Austria,Petrol,AUT
2020,538.31,Austria,Petrol,AUT
2019,529.97,Austria,Petrol,AUT
2019,544.97,Austria,Petrol,AUT
2019,542.47,Austria,Petrol,AUT
2019,539.14,Austria,Petrol,AUT
2019,538.31,Austria,Petrol,AUT
2019,543.31,Austria,Petrol,AUT
2019,534.14,Austria,Petrol,AUT
2019,534.14,Austria,Petrol,AUT
2019,533.31,Austria,Petrol,AUT
2019,539.14,Austria,Petrol,AUT
2019,546.64,Austria,Petrol,AUT
2019,543.31,Austria,Petrol,AUT
2019,564.14,Austria,Petrol,AUT
2019,544.14,Austria,Petrol,AUT
2019,544.97,Austria,Petrol,AUT
2019,534.14,Austria,Petrol,AUT
2019,539.14,Austria,Petrol,AUT
2019,537.47,Austria,Petrol,AUT
2019,545.81,Austria,Petrol,AUT
2019,561.64,Austria,Petrol,AUT
2019,559.14,Austria,Petrol,AUT
2019,561.64,Austria,Petrol,AUT
2019,568.31,Austria,Petrol,AUT
2019,564.14,Austria,Petrol,AUT
2019,551.64,Austria,Petrol,AUT
2019,544.97,Austria,Petrol,AUT
2019,559.14,Austria,Petrol,AUT
2019,562.47,Austria,Petrol,AUT
2019,594.14,Austria,Petrol,AUT
2019,600.81,Austria,Petrol,AUT
2019,594.97,Austria,Petrol,AUT
2019,586.64,Austria,Petrol,AUT
2019,579.97,Austria,Petrol,AUT
2019,583.31,Austria,Petrol,AUT
2019,565.81,Austria,Petrol,AUT
2019,543.31,Austria,Petrol,AUT
2019,526.64,Austria,Petrol,AUT
2019,509.97,Austria,Petrol,AUT
2019,512.47,Austria,Petrol,AUT
2019,508.31,Austria,Petrol,AUT
2019,497.47,Austria,Petrol,AUT
2019,504.14,Austria,Petrol,AUT
2019,488.31,Austria,Petrol,AUT
2019,479.14,Austria,Petrol,AUT
2019,473.31,Austria,Petrol,AUT
2019,480.81,Austria,Petrol,AUT
2019,479.97,Austria,Petrol,AUT
2019,480.81,Austria,Petrol,AUT
2019,483.31,Austria,Petrol,AUT
2018,516.64,Austria,Petrol,AUT
2018,541.64,Austria,Petrol,AUT
2018,574.97,Austria,Petrol,AUT
2018,598.31,Austria,Petrol,AUT
2018,600.81,Austria,Petrol,AUT
2018,604.14,Austria,Petrol,AUT
2018,614.14,Austria,Petrol,AUT
2018,610.81,Austria,Petrol,AUT
2018,615.81,Austria,Petrol,AUT
2018,619.97,Austria,Petrol,AUT
2018,618.31,Austria,Petrol,AUT
2018,613.31,Austria,Petrol,AUT
2018,612.47,Austria,Petrol,AUT
2018,609.97,Austria,Petrol,AUT
2018,603.31,Austria,Petrol,AUT
2018,598.31,Austria,Petrol,AUT
2018,587.47,Austria,Petrol,AUT
2018,588.31,Austria,Petrol,AUT
2018,584.97,Austria,Petrol,AUT
2018,580.81,Austria,Petrol,AUT
2018,575.81,Austria,Petrol,AUT
2018,573.31,Austria,Petrol,AUT
2018,579.14,Austria,Petrol,AUT
2018,583.31,Austria,Petrol,AUT
2018,579.97,Austria,Petrol,AUT
2018,574.14,Austria,Petrol,AUT
2018,584.97,Austria,Petrol,AUT
2018,585.81,Austria,Petrol,AUT
2018,596.64,Austria,Petrol,AUT
2018,599.14,Austria,Petrol,AUT
2018,577.47,Austria,Petrol,AUT
2018,562.47,Austria,Petrol,AUT
2018,548.31,Austria,Petrol,AUT
2018,541.64,Austria,Petrol,AUT
2018,527.47,Austria,Petrol,AUT
2018,520.81,Austria,Petrol,AUT
2018,510.81,Austria,Petrol,AUT
2018,485.81,Austria,Petrol,AUT
2018,474.14,Austria,Petrol,AUT
2018,474.97,Austria,Petrol,AUT
2018,489.97,Austria,Petrol,AUT
2018,490.81,Austria,Petrol,AUT
2018,502.47,Austria,Petrol,AUT
2018,504.97,Austria,Petrol,AUT
2018,514.97,Austria,Petrol,AUT
2018,514.14,Austria,Petrol,AUT
2018,510.81,Austria,Petrol,AUT
2018,512.47,Austria,Petrol,AUT
2018,510.81,Austria,Petrol,AUT
2018,510.81,Austria,Petrol,AUT
2017,501.64,Austria,Petrol,AUT
2017,499.14,Austria,Petrol,AUT
2017,508.31,Austria,Petrol,AUT
2017,505.81,Austria,Petrol,AUT
2017,515.81,Austria,Petrol,AUT
2017,519.97,Austria,Petrol,AUT
2017,501.64,Austria,Petrol,AUT
2017,485.81,Austria,Petrol,AUT
2017,484.97,Austria,Petrol,AUT
2017,484.14,Austria,Petrol,AUT
2017,490.81,Austria,Petrol,AUT
2017,493.31,Austria,Petrol,AUT
2017,490.81,Austria,Petrol,AUT
2017,493.31,Austria,Petrol,AUT
2017,503.31,Austria,Petrol,AUT
2017,489.14,Austria,Petrol,AUT
2017,466.64,Austria,Petrol,AUT
2017,465.81,Austria,Petrol,AUT
2017,467.47,Austria,Petrol,AUT
2017,466.64,Austria,Petrol,AUT
2017,459.97,Austria,Petrol,AUT
2017,461.64,Austria,Petrol,AUT
2017,459.97,Austria,Petrol,AUT
2017,463.31,Austria,Petrol,AUT
2017,459.14,Austria,Petrol,AUT
2017,469.14,Austria,Petrol,AUT
2017,469.97,Austria,Petrol,AUT
2017,470.81,Austria,Petrol,AUT
2017,474.97,Austria,Petrol,AUT
2017,484.14,Austria,Petrol,AUT
2017,484.14,Austria,Petrol,AUT
2017,483.31,Austria,Petrol,AUT
2017,484.14,Austria,Petrol,AUT
2017,498.31,Austria,Petrol,AUT
2017,506.64,Austria,Petrol,AUT
2017,501.64,Austria,Petrol,AUT
2017,477.47,Austria,Petrol,AUT
2017,459.97,Austria,Petrol,AUT
2017,465.81,Austria,Petrol,AUT
2017,492.47,Austria,Petrol,AUT
2017,509.14,Austria,Petrol,AUT
2017,516.64,Austria,Petrol,AUT
2017,511.64,Austria,Petrol,AUT
2017,502.47,Austria,Petrol,AUT
2017,498.31,Austria,Petrol,AUT
2017,491.64,Austria,Petrol,AUT
2017,497.47,Austria,Petrol,AUT
2017,499.97,Austria,Petrol,AUT
2017,501.64,Austria,Petrol,AUT
2017,501.64,Austria,Petrol,AUT
2025,747.65,Belgium,Petrol,BEL
2025,743.58,Belgium,Petrol,BEL
2025,762.36,Belgium,Petrol,BEL
2025,726.15,Belgium,Petrol,BEL
2025,710.29,Belgium,Petrol,BEL
2025,734.4,Belgium,Petrol,BEL
2025,727.57,Belgium,Petrol,BEL
2025,716.56,Belgium,Petrol,BEL
2025,710.2,Belgium,Petrol,BEL
2024,719.82,Belgium,Petrol,BEL
2024,714.79,Belgium,Petrol,BEL
2024,688.04,Belgium,Petrol,BEL
2024,721.35,Belgium,Petrol,BEL
2024,704.78,Belgium,Petrol,BEL
2024,706.65,Belgium,Petrol,BEL
2024,680.91,Belgium,Petrol,BEL
2024,669.26,Belgium,Petrol,BEL
2024,691.67,Belgium,Petrol,BEL
2024,702.77,Belgium,Petrol,BEL
2024,713.39,Belgium,Petrol,BEL
2024,710.04,Belgium,Petrol,BEL
2024,679.46,Belgium,Petrol,BEL
2024,731.2,Belgium,Petrol,BEL
2024,694.41,Belgium,Petrol,BEL
2024,662.31,Belgium,Petrol,BEL
2024,683.22,Belgium,Petrol,BEL
2024,745.25,Belgium,Petrol,BEL
2024,725.79,Belgium,Petrol,BEL
2024,753.77,Belgium,Petrol,BEL
2024,728.39,Belgium,Petrol,BEL
2024,750.99,Belgium,Petrol,BEL
2024,812.44,Belgium,Petrol,BEL
2024,780.88,Belgium,Petrol,BEL
2024,796.2,Belgium,Petrol,BEL
2024,787.34,Belgium,Petrol,BEL
2024,786.56,Belgium,Petrol,BEL
2024,770.46,Belgium,Petrol,BEL
2024,802.99,Belgium,Petrol,BEL
2024,730.49,Belgium,Petrol,BEL
2024,783.2,Belgium,Petrol,BEL
2024,796.59,Belgium,Petrol,BEL
2024,847.24,Belgium,Petrol,BEL
2024,856.25,Belgium,Petrol,BEL
2024,847.92,Belgium,Petrol,BEL
2024,849.65,Belgium,Petrol,BEL
2024,866.41,Belgium,Petrol,BEL
2024,849.67,Belgium,Petrol,BEL
2024,823.81,Belgium,Petrol,BEL
2024,818.03,Belgium,Petrol,BEL
2024,790.53,Belgium,Petrol,BEL
2024,773.83,Belgium,Petrol,BEL
2024,798.65,Belgium,Petrol,BEL
2024,767.59,Belgium,Petrol,BEL
2024,791.39,Belgium,Petrol,BEL
2024,759.02,Belgium,Petrol,BEL
2024,747.81,Belgium,Petrol,BEL
2024,738.42,Belgium,Petrol,BEL
2024,721.42,Belgium,Petrol,BEL
2024,693.58,Belgium,Petrol,BEL
2024,701.03,Belgium,Petrol,BEL
2024,708.98,Belgium,Petrol,BEL
2024,716.31,Belgium,Petrol,BEL
2023,726.17,Belgium,Petrol,BEL
2023,724.25,Belgium,Petrol,BEL
2023,740.19,Belgium,Petrol,BEL
2023,748.05,Belgium,Petrol,BEL
2023,759.32,Belgium,Petrol,BEL
2023,781.79,Belgium,Petrol,BEL
2023,798.24,Belgium,Petrol,BEL
2023,810.83,Belgium,Petrol,BEL
2023,808.36,Belgium,Petrol,BEL
2023,814.01,Belgium,Petrol,BEL
2023,808.46,Belgium,Petrol,BEL
2023,860.73,Belgium,Petrol,BEL
2023,906.95,Belgium,Petrol,BEL
2023,926.29,Belgium,Petrol,BEL
2023,890.99,Belgium,Petrol,BEL
2023,938.24,Belgium,Petrol,BEL
2023,901.68,Belgium,Petrol,BEL
2023,899.21,Belgium,Petrol,BEL
2023,875.1,Belgium,Petrol,BEL
2023,920.82,Belgium,Petrol,BEL
2023,886.34,Belgium,Petrol,BEL
2023,866.84,Belgium,Petrol,BEL
2023,811.68,Belgium,Petrol,BEL
2023,810.45,Belgium,Petrol,BEL
2023,833.14,Belgium,Petrol,BEL
2023,813.23,Belgium,Petrol,BEL
2023,811.38,Belgium,Petrol,BEL
2023,815.59,Belgium,Petrol,BEL
2023,854.44,Belgium,Petrol,BEL
2023,829.34,Belgium,Petrol,BEL
2023,815.38,Belgium,Petrol,BEL
2023,788.86,Belgium,Petrol,BEL
2023,802.81,Belgium,Petrol,BEL
2023,807.78,Belgium,Petrol,BEL
2023,814.42,Belgium,Petrol,BEL
2023,841.96,Belgium,Petrol,BEL
2023,873.7,Belgium,Petrol,BEL
2023,856.81,Belgium,Petrol,BEL
2023,797.35,Belgium,Petrol,BEL
2023,773.08,Belgium,Petrol,BEL
2023,816.69,Belgium,Petrol,BEL
2023,831.61,Belgium,Petrol,BEL
2023,801.91,Belgium,Petrol,BEL
2023,814.69,Belgium,Petrol,BEL
2023,816.1,Belgium,Petrol,BEL
2023,802.33,Belgium,Petrol,BEL
2023,825.22,Belgium,Petrol,BEL
2023,828.25,Belgium,Petrol,BEL
2023,798.16,Belgium,Petrol,BEL
2023,772.51,Belgium,Petrol,BEL
2023,798.17,Belgium,Petrol,BEL
2023,794.05,Belgium,Petrol,BEL
2022,750.54,Belgium,Petrol,BEL
2022,739.82,Belgium,Petrol,BEL
2022,793.76,Belgium,Petrol,BEL
2022,814.86,Belgium,Petrol,BEL
2022,849.59,Belgium,Petrol,BEL
2022,914.35,Belgium,Petrol,BEL
2022,999.8,Belgium,Petrol,BEL
2022,962.13,Belgium,Petrol,BEL
2022,956.5,Belgium,Petrol,BEL
2022,978.84,Belgium,Petrol,BEL
2022,983.85,Belgium,Petrol,BEL
2022,936.69,Belgium,Petrol,BEL
2022,898.05,Belgium,Petrol,BEL
2022,907.67,Belgium,Petrol,BEL
2022,895.87,Belgium,Petrol,BEL
2022,878.91,Belgium,Petrol,BEL
2022,939.99,Belgium,Petrol,BEL
2022,977.11,Belgium,Petrol,BEL
2022,965.06,Belgium,Petrol,BEL
2022,983.92,Belgium,Petrol,BEL
2022,1015.53,Belgium,Petrol,BEL
2022,1070.6,Belgium,Petrol,BEL
2022,1094.29,Belgium,Petrol,BEL
2022,1123.18,Belgium,Petrol,BEL
2022,1189.67,Belgium,Petrol,BEL
2022,1202.68,Belgium,Petrol,BEL
2022,1232.89,Belgium,Petrol,BEL
2022,1288.96,Belgium,Petrol,BEL
2022,1285.83,Belgium,Petrol,BEL
2022,1216.68,Belgium,Petrol,BEL
2022,1153.87,Belgium,Petrol,BEL
2022,1170.73,Belgium,Petrol,BEL
2022,1136.05,Belgium,Petrol,BEL
2022,1094.54,Belgium,Petrol,BEL
2022,1049.87,Belgium,Petrol,BEL
2022,1001.73,Belgium,Petrol,BEL
2022,1021.56,Belgium,Petrol,BEL
2022,1038.36,Belgium,Petrol,BEL
2022,999.15,Belgium,Petrol,BEL
2022,993.31,Belgium,Petrol,BEL
2022,1011.93,Belgium,Petrol,BEL
2022,897.11,Belgium,Petrol,BEL
2022,833.6,Belgium,Petrol,BEL
2022,805.63,Belgium,Petrol,BEL
2022,792.07,Belgium,Petrol,BEL
2022,782.69,Belgium,Petrol,BEL
2022,769.15,Belgium,Petrol,BEL
2022,762.05,Belgium,Petrol,BEL
2022,743.11,Belgium,Petrol,BEL
2022,760.86,Belgium,Petrol,BEL
2022,755.21,Belgium,Petrol,BEL
2021,734.64,Belgium,Petrol,BEL
2021,690.21,Belgium,Petrol,BEL
2021,707.09,Belgium,Petrol,BEL
2021,756.58,Belgium,Petrol,BEL
2021,819.29,Belgium,Petrol,BEL
2021,793.43,Belgium,Petrol,BEL
2021,782.56,Belgium,Petrol,BEL
2021,758.54,Belgium,Petrol,BEL
2021,746.4,Belgium,Petrol,BEL
2021,740.15,Belgium,Petrol,BEL
2021,696.19,Belgium,Petrol,BEL
2021,675.69,Belgium,Petrol,BEL
2021,658.16,Belgium,Petrol,BEL
2021,669.23,Belgium,Petrol,BEL
2021,648.79,Belgium,Petrol,BEL
2021,648.46,Belgium,Petrol,BEL
2021,638.95,Belgium,Petrol,BEL
2021,667.05,Belgium,Petrol,BEL
2021,642.78,Belgium,Petrol,BEL
2021,651.41,Belgium,Petrol,BEL
2021,658.93,Belgium,Petrol,BEL
2021,650.07,Belgium,Petrol,BEL
2021,633.66,Belgium,Petrol,BEL
2021,632.2,Belgium,Petrol,BEL
2021,638.47,Belgium,Petrol,BEL
2021,638.47,Belgium,Petrol,BEL
2021,624.58,Belgium,Petrol,BEL
2021,607.53,Belgium,Petrol,BEL
2021,586.29,Belgium,Petrol,BEL
2021,593.15,Belgium,Petrol,BEL
2021,621.97,Belgium,Petrol,BEL
2021,635.63,Belgium,Petrol,BEL
2021,595.83,Belgium,Petrol,BEL
2021,570.5,Belgium,Petrol,BEL
2021,573.83,Belgium,Petrol,BEL
2021,569.16,Belgium,Petrol,BEL
2021,561.44,Belgium,Petrol,BEL
2021,566.92,Belgium,Petrol,BEL
2021,579.82,Belgium,Petrol,BEL
2021,587.44,Belgium,Petrol,BEL
2021,562.56,Belgium,Petrol,BEL
2021,524.29,Belgium,Petrol,BEL
2021,519.91,Belgium,Petrol,BEL
2021,512.05,Belgium,Petrol,BEL
2021,506.22,Belgium,Petrol,BEL
2021,480.66,Belgium,Petrol,BEL
2021,485.96,Belgium,Petrol,BEL
2021,470.34,Belgium,Petrol,BEL
2021,445.96,Belgium,Petrol,BEL
2020,475.05,Belgium,Petrol,BEL
2020,458.52,Belgium,Petrol,BEL
2020,442.82,Belgium,Petrol,BEL
2020,447.44,Belgium,Petrol,BEL
2020,445.63,Belgium,Petrol,BEL
2020,425.13,Belgium,Petrol,BEL
2020,420.83,Belgium,Petrol,BEL
2020,445.54,Belgium,Petrol,BEL
2020,471.58,Belgium,Petrol,BEL
2020,478.52,Belgium,Petrol,BEL
2020,466.62,Belgium,Petrol,BEL
2020,471.58,Belgium,Petrol,BEL
2020,487.94,Belgium,Petrol,BEL
2020,464.63,Belgium,Petrol,BEL
2020,493.89,Belgium,Petrol,BEL
2020,513.89,Belgium,Petrol,BEL
2020,491.16,Belgium,Petrol,BEL
2020,484.3,Belgium,Petrol,BEL
2020,480.91,Belgium,Petrol,BEL
2020,476.78,Belgium,Petrol,BEL
2020,483.72,Belgium,Petrol,BEL
2020,471.24,Belgium,Petrol,BEL
2020,446.45,Belgium,Petrol,BEL
2020,479.26,Belgium,Petrol,BEL
2020,458.85,Belgium,Petrol,BEL
2020,429.26,Belgium,Petrol,BEL
2020,431.96,Belgium,Petrol,BEL
2020,414.63,Belgium,Petrol,BEL
2020,423.89,Belgium,Petrol,BEL
2020,405.05,Belgium,Petrol,BEL
2020,383.56,Belgium,Petrol,BEL
2020,367.2,Belgium,Petrol,BEL
2020,354.88,Belgium,Petrol,BEL
2020,346.29,Belgium,Petrol,BEL
2020,311.78,Belgium,Petrol,BEL
2020,508.93,Belgium,Petrol,BEL
2020,305.46,Belgium,Petrol,BEL
2020,274.3,Belgium,Petrol,BEL
2020,289.18,Belgium,Petrol,BEL
2020,400.09,Belgium,Petrol,BEL
2020,491.08,Belgium,Petrol,BEL
2020,537.86,Belgium,Petrol,BEL
2020,536.7,Belgium,Petrol,BEL
2020,526.62,Belgium,Petrol,BEL
2020,548.93,Belgium,Petrol,BEL
2020,519.26,Belgium,Petrol,BEL
2020,562.57,Belgium,Petrol,BEL
2020,567.41,Belgium,Petrol,BEL
2020,569.1,Belgium,Petrol,BEL
2020,594.8,Belgium,Petrol,BEL
2019,563.15,Belgium,Petrol,BEL
2019,550.09,Belgium,Petrol,BEL
2019,534.63,Belgium,Petrol,BEL
2019,546.7,Belgium,Petrol,BEL
2019,546.95,Belgium,Petrol,BEL
2019,541.74,Belgium,Petrol,BEL
2019,541.74,Belgium,Petrol,BEL
2019,527.11,Belgium,Petrol,BEL
2019,529.92,Belgium,Petrol,BEL
2019,559.01,Belgium,Petrol,BEL
2019,565.05,Belgium,Petrol,BEL
2019,557.69,Belgium,Petrol,BEL
2019,546.37,Belgium,Petrol,BEL
2019,529.18,Belgium,Petrol,BEL
2019,525.21,Belgium,Petrol,BEL
2019,528.52,Belgium,Petrol,BEL
2019,540.91,Belgium,Petrol,BEL
2019,588.1,Belgium,Petrol,BEL
2019,525.54,Belgium,Petrol,BEL
2019,591.24,Belgium,Petrol,BEL
2019,593.15,Belgium,Petrol,BEL
2019,593.89,Belgium,Petrol,BEL
2019,582.98,Belgium,Petrol,BEL
2019,573.72,Belgium,Petrol,BEL
2019,552.9,Belgium,Petrol,BEL
2019,570.17,Belgium,Petrol,BEL
2019,539.67,Belgium,Petrol,BEL
2019,577.11,Belgium,Petrol,BEL
2019,662.82,Belgium,Petrol,BEL
2019,635.79,Belgium,Petrol,BEL
2019,588.85,Belgium,Petrol,BEL
2019,620.25,Belgium,Petrol,BEL
2019,687.44,Belgium,Petrol,BEL
2019,622.4,Belgium,Petrol,BEL
2019,572.48,Belgium,Petrol,BEL
2019,574.14,Belgium,Petrol,BEL
2019,543.72,Belgium,Petrol,BEL
2019,552.4,Belgium,Petrol,BEL
2019,532.82,Belgium,Petrol,BEL
2019,511.82,Belgium,Petrol,BEL
2019,496.45,Belgium,Petrol,BEL
2019,498.1,Belgium,Petrol,BEL
2019,485.05,Belgium,Petrol,BEL
2019,477.77,Belgium,Petrol,BEL
2019,482.32,Belgium,Petrol,BEL
2019,460.67,Belgium,Petrol,BEL
2019,476.62,Belgium,Petrol,BEL
2019,451.33,Belgium,Petrol,BEL
2019,468.68,Belgium,Petrol,BEL
2018,495.71,Belgium,Petrol,BEL
2018,477.28,Belgium,Petrol,BEL
2018,500.09,Belgium,Petrol,BEL
2018,498.6,Belgium,Petrol,BEL
2018,525.05,Belgium,Petrol,BEL
2018,564.96,Belgium,Petrol,BEL
2018,601.08,Belgium,Petrol,BEL
2018,579.67,Belgium,Petrol,BEL
2018,579.84,Belgium,Petrol,BEL
2018,571.49,Belgium,Petrol,BEL
2018,620.5,Belgium,Petrol,BEL
2018,572.98,Belgium,Petrol,BEL
2018,597.53,Belgium,Petrol,BEL
2018,598.27,Belgium,Petrol,BEL
2018,660.67,Belgium,Petrol,BEL
2018,602.4,Belgium,Petrol,BEL
2018,614.8,Belgium,Petrol,BEL
2018,584.47,Belgium,Petrol,BEL
2018,589.18,Belgium,Petrol,BEL
2018,597.2,Belgium,Petrol,BEL
2018,579.92,Belgium,Petrol,BEL
2018,562.28,Belgium,Petrol,BEL
2018,578.56,Belgium,Petrol,BEL
2018,569.18,Belgium,Petrol,BEL
2018,615.91,Belgium,Petrol,BEL
2018,573.93,Belgium,Petrol,BEL
2018,577.4,Belgium,Petrol,BEL
2018,551.04,Belgium,Petrol,BEL
2018,616.99,Belgium,Petrol,BEL
2018,587.32,Belgium,Petrol,BEL
2018,589.22,Belgium,Petrol,BEL
2018,545.75,Belgium,Petrol,BEL
2018,574.92,Belgium,Petrol,BEL
2018,549.71,Belgium,Petrol,BEL
2018,528.72,Belgium,Petrol,BEL
2018,538.28,Belgium,Petrol,BEL
2018,536.82,Belgium,Petrol,BEL
2018,481.53,Belgium,Petrol,BEL
2018,474.92,Belgium,Petrol,BEL
2018,441.61,Belgium,Petrol,BEL
2018,487.4,Belgium,Petrol,BEL
2018,521.04,Belgium,Petrol,BEL
2018,484.67,Belgium,Petrol,BEL
2018,511.53,Belgium,Petrol,BEL
2018,516.82,Belgium,Petrol,BEL
2018,511.45,Belgium,Petrol,BEL
2018,502.03,Belgium,Petrol,BEL
2018,514.51,Belgium,Petrol,BEL
2018,510.62,Belgium,Petrol,BEL
2018,500.46,Belgium,Petrol,BEL
2017,495.34,Belgium,Petrol,BEL
2017,474.68,Belgium,Petrol,BEL
2017,531.38,Belgium,Petrol,BEL
2017,539.81,Belgium,Petrol,BEL
2017,520.14,Belgium,Petrol,BEL
2017,539.56,Belgium,Petrol,BEL
2017,509.97,Belgium,Petrol,BEL
2017,499.06,Belgium,Petrol,BEL
2017,491.13,Belgium,Petrol,BEL
2017,479.31,Belgium,Petrol,BEL
2017,483.61,Belgium,Petrol,BEL
2017,512.37,Belgium,Petrol,BEL
2017,497.24,Belgium,Petrol,BEL
2017,475.76,Belgium,Petrol,BEL
2017,509.31,Belgium,Petrol,BEL
2017,519.72,Belgium,Petrol,BEL
2017,481.87,Belgium,Petrol,BEL
2017,483.19,Belgium,Petrol,BEL
2017,515.92,Belgium,Petrol,BEL
2017,499.56,Belgium,Petrol,BEL
2017,467.33,Belgium,Petrol,BEL
2017,475.92,Belgium,Petrol,BEL
2017,465.18,Belgium,Petrol,BEL
2017,488.52,Belgium,Petrol,BEL
2017,484.75,Belgium,Petrol,BEL
2017,481.38,Belgium,Petrol,BEL
2017,472.12,Belgium,Petrol,BEL
2017,489.48,Belgium,Petrol,BEL
2017,488.57,Belgium,Petrol,BEL
2017,501.05,Belgium,Petrol,BEL
2017,537.49,Belgium,Petrol,BEL
2017,505.18,Belgium,Petrol,BEL
2017,550.96,Belgium,Petrol,BEL
2017,534.35,Belgium,Petrol,BEL
2017,578.4,Belgium,Petrol,BEL
2017,515.34,Belgium,Petrol,BEL
2017,536,Belgium,Petrol,BEL
2017,469.23,Belgium,Petrol,BEL
2017,489.56,Belgium,Petrol,BEL
2017,521.34,Belgium,Petrol,BEL
2017,534.72,Belgium,Petrol,BEL
2017,531.42,Belgium,Petrol,BEL
2017,546.87,Belgium,Petrol,BEL
2017,497.37,Belgium,Petrol,BEL
2017,514.06,Belgium,Petrol,BEL
2017,541.75,Belgium,Petrol,BEL
2017,526.79,Belgium,Petrol,BEL
2017,505.8,Belgium,Petrol,BEL
2017,529.02,Belgium,Petrol,BEL
2017,496.86,Belgium,Petrol,BEL
2025,737.038551999182,Bulgaria,Petrol,BGR
2025,707.2962470600266,Bulgaria,Petrol,BGR
2025,707.2962470600266,Bulgaria,Petrol,BGR
2025,707.168422129052,Bulgaria,Petrol,BGR
2025,728.6021065548625,Bulgaria,Petrol,BGR
2025,734.9064321505267,Bulgaria,Petrol,BGR
2025,724.2969628796401,Bulgaria,Petrol,BGR
2025,711.8161366192863,Bulgaria,Petrol,BGR
2025,707.168422129052,Bulgaria,Petrol,BGR
2024,704.5301155537377,Bulgaria,Petrol,BGR
2024,694.3450250536865,Bulgaria,Petrol,BGR
2024,694.3450250536865,Bulgaria,Petrol,BGR
2024,693.409346558953,Bulgaria,Petrol,BGR
2024,691.9572553430821,Bulgaria,Petrol,BGR
2024,685.7807546783926,Bulgaria,Petrol,BGR
2024,685.7807546783926,Bulgaria,Petrol,BGR
2024,683.4799059208509,Bulgaria,Petrol,BGR
2024,682.0329277022191,Bulgaria,Petrol,BGR
2024,681.3477860721955,Bulgaria,Petrol,BGR
2024,679.3486041517539,Bulgaria,Petrol,BGR
2024,677.088659372124,Bulgaria,Petrol,BGR
2024,678.1112588199203,Bulgaria,Petrol,BGR
2024,678.1112588199203,Bulgaria,Petrol,BGR
2024,682.2425605890173,Bulgaria,Petrol,BGR
2024,693.2815216279785,Bulgaria,Petrol,BGR
2024,710.3640454034155,Bulgaria,Petrol,BGR
2024,718.6726659167605,Bulgaria,Petrol,BGR
2024,726.6847325902445,Bulgaria,Petrol,BGR
2024,734.6098783106657,Bulgaria,Petrol,BGR
2024,738.6133551487883,Bulgaria,Petrol,BGR
2024,746.456692913386,Bulgaria,Petrol,BGR
2024,747.3514674302077,Bulgaria,Petrol,BGR
2024,747.3514674302077,Bulgaria,Petrol,BGR
2024,747.3514674302077,Bulgaria,Petrol,BGR
2024,747.3514674302077,Bulgaria,Petrol,BGR
2024,747.3514674302077,Bulgaria,Petrol,BGR
2024,747.3514674302077,Bulgaria,Petrol,BGR
2024,751.3038142959404,Bulgaria,Petrol,BGR
2024,747.3514674302077,Bulgaria,Petrol,BGR
2024,755.8697208303508,Bulgaria,Petrol,BGR
2024,760.0470395745987,Bulgaria,Petrol,BGR
2024,766.7808569383374,Bulgaria,Petrol,BGR
2024,778.1572757950712,Bulgaria,Petrol,BGR
2024,782.5033234482055,Bulgaria,Petrol,BGR
2024,782.5033234482055,Bulgaria,Petrol,BGR
2024,777.1346763472749,Bulgaria,Petrol,BGR
2024,768.9947847428164,Bulgaria,Petrol,BGR
2024,758.0887616320688,Bulgaria,Petrol,BGR
2024,758.0887616320688,Bulgaria,Petrol,BGR
2024,746.24,Bulgaria,Petrol,BGR
2024,750.93,Bulgaria,Petrol,BGR
2024,750.81,Bulgaria,Petrol,BGR
2024,751.79,Bulgaria,Petrol,BGR
2024,751.79,Bulgaria,Petrol,BGR
2024,746.24,Bulgaria,Petrol,BGR
2024,739.72,Bulgaria,Petrol,BGR
2024,734.87,Bulgaria,Petrol,BGR
2024,724.94,Bulgaria,Petrol,BGR
2024,722.3,Bulgaria,Petrol,BGR
2024,721.74,Bulgaria,Petrol,BGR
2024,728.09,Bulgaria,Petrol,BGR
2024,746.92,Bulgaria,Petrol,BGR
2023,736.23,Bulgaria,Petrol,BGR
2023,751.19,Bulgaria,Petrol,BGR
2023,768.91,Bulgaria,Petrol,BGR
2023,781.91,Bulgaria,Petrol,BGR
2023,796.35,Bulgaria,Petrol,BGR
2023,804.66,Bulgaria,Petrol,BGR
2023,814.2,Bulgaria,Petrol,BGR
2023,822.26,Bulgaria,Petrol,BGR
2023,822.98,Bulgaria,Petrol,BGR
2023,826.43,Bulgaria,Petrol,BGR
2023,839.9,Bulgaria,Petrol,BGR
2023,845.14,Bulgaria,Petrol,BGR
2023,845.18,Bulgaria,Petrol,BGR
2023,834.06,Bulgaria,Petrol,BGR
2023,822.3,Bulgaria,Petrol,BGR
2023,813.77,Bulgaria,Petrol,BGR
2023,804.44,Bulgaria,Petrol,BGR
2023,796.09,Bulgaria,Petrol,BGR
2023,780.8,Bulgaria,Petrol,BGR
2023,768.52,Bulgaria,Petrol,BGR
2023,743.77,Bulgaria,Petrol,BGR
2023,725.49,Bulgaria,Petrol,BGR
2023,716.71,Bulgaria,Petrol,BGR
2023,716.71,Bulgaria,Petrol,BGR
2023,716.71,Bulgaria,Petrol,BGR
2023,716.37,Bulgaria,Petrol,BGR
2023,715.65,Bulgaria,Petrol,BGR
2023,713.69,Bulgaria,Petrol,BGR
2023,710.41,Bulgaria,Petrol,BGR
2023,710.41,Bulgaria,Petrol,BGR
2023,710.45,Bulgaria,Petrol,BGR
2023,712.15,Bulgaria,Petrol,BGR
2023,717.27,Bulgaria,Petrol,BGR
2023,723.06,Bulgaria,Petrol,BGR
2023,727.41,Bulgaria,Petrol,BGR
2023,723.62,Bulgaria,Petrol,BGR
2023,716.12,Bulgaria,Petrol,BGR
2023,714.12,Bulgaria,Petrol,BGR
2023,713.78,Bulgaria,Petrol,BGR
2023,717.57,Bulgaria,Petrol,BGR
2023,719.69,Bulgaria,Petrol,BGR
2023,719.88,Bulgaria,Petrol,BGR
2023,721.7,Bulgaria,Petrol,BGR
2023,723.11,Bulgaria,Petrol,BGR
2023,726.47,Bulgaria,Petrol,BGR
2023,726.47,Bulgaria,Petrol,BGR
2023,725.49,Bulgaria,Petrol,BGR
2023,718.08,Bulgaria,Petrol,BGR
2023,720.97,Bulgaria,Petrol,BGR
2023,734.48,Bulgaria,Petrol,BGR
2023,665.24,Bulgaria,Petrol,BGR
2022,709.85,Bulgaria,Petrol,BGR
2022,705.34,Bulgaria,Petrol,BGR
2022,735.46,Bulgaria,Petrol,BGR
2022,764.48,Bulgaria,Petrol,BGR
2022,787.79,Bulgaria,Petrol,BGR
2022,809.99,Bulgaria,Petrol,BGR
2022,817.7,Bulgaria,Petrol,BGR
2022,817.78,Bulgaria,Petrol,BGR
2022,822.77,Bulgaria,Petrol,BGR
2022,826.99,Bulgaria,Petrol,BGR
2022,827.63,Bulgaria,Petrol,BGR
2022,845.82,Bulgaria,Petrol,BGR
2022,845.82,Bulgaria,Petrol,BGR
2022,845.82,Bulgaria,Petrol,BGR
2022,867.51,Bulgaria,Petrol,BGR
2022,897.33,Bulgaria,Petrol,BGR
2022,922.9,Bulgaria,Petrol,BGR
2022,935.68,Bulgaria,Petrol,BGR
2022,948.46,Bulgaria,Petrol,BGR
2022,961.24,Bulgaria,Petrol,BGR
2022,982.55,Bulgaria,Petrol,BGR
2022,1003.98,Bulgaria,Petrol,BGR
2022,1047.31,Bulgaria,Petrol,BGR
2022,1060.22,Bulgaria,Petrol,BGR
2022,1060.22,Bulgaria,Petrol,BGR
2022,1073.73,Bulgaria,Petrol,BGR
2022,1065.38,Bulgaria,Petrol,BGR
2022,1046.03,Bulgaria,Petrol,BGR
2022,1024.77,Bulgaria,Petrol,BGR
2022,990.94,Bulgaria,Petrol,BGR
2022,965.76,Bulgaria,Petrol,BGR
2022,951.44,Bulgaria,Petrol,BGR
2022,921.53,Bulgaria,Petrol,BGR
2022,902.74,Bulgaria,Petrol,BGR
2022,883.36,Bulgaria,Petrol,BGR
2022,874.67,Bulgaria,Petrol,BGR
2022,874.67,Bulgaria,Petrol,BGR
2022,871,Bulgaria,Petrol,BGR
2022,856.51,Bulgaria,Petrol,BGR
2022,859.88,Bulgaria,Petrol,BGR
2022,841,Bulgaria,Petrol,BGR
2022,782.76,Bulgaria,Petrol,BGR
2022,749.05,Bulgaria,Petrol,BGR
2022,706.49,Bulgaria,Petrol,BGR
2022,690.77,Bulgaria,Petrol,BGR
2022,683.61,Bulgaria,Petrol,BGR
2022,670.91,Bulgaria,Petrol,BGR
2022,659.49,Bulgaria,Petrol,BGR
2022,631.03,Bulgaria,Petrol,BGR
2022,635.29,Bulgaria,Petrol,BGR
2022,631.03,Bulgaria,Petrol,BGR
2021,631.03,Bulgaria,Petrol,BGR
2021,631.03,Bulgaria,Petrol,BGR
2021,639.55,Bulgaria,Petrol,BGR
2021,648.16,Bulgaria,Petrol,BGR
2021,649.35,Bulgaria,Petrol,BGR
2021,644.96,Bulgaria,Petrol,BGR
2021,644.66,Bulgaria,Petrol,BGR
2021,636.27,Bulgaria,Petrol,BGR
2021,628.47,Bulgaria,Petrol,BGR
2021,619.86,Bulgaria,Petrol,BGR
2021,602.78,Bulgaria,Petrol,BGR
2021,589.53,Bulgaria,Petrol,BGR
2021,584.25,Bulgaria,Petrol,BGR
2021,584.25,Bulgaria,Petrol,BGR
2021,581.82,Bulgaria,Petrol,BGR
2021,581.01,Bulgaria,Petrol,BGR
2021,582.28,Bulgaria,Petrol,BGR
2021,579.81,Bulgaria,Petrol,BGR
2021,579.81,Bulgaria,Petrol,BGR
2021,579.81,Bulgaria,Petrol,BGR
2021,553.06,Bulgaria,Petrol,BGR
2021,553.06,Bulgaria,Petrol,BGR
2021,553.06,Bulgaria,Petrol,BGR
2021,532.73,Bulgaria,Petrol,BGR
2021,532.73,Bulgaria,Petrol,BGR
2021,522.16,Bulgaria,Petrol,BGR
2021,507.72,Bulgaria,Petrol,BGR
2021,507.72,Bulgaria,Petrol,BGR
2021,502.95,Bulgaria,Petrol,BGR
2021,502.95,Bulgaria,Petrol,BGR
2021,503.46,Bulgaria,Petrol,BGR
2021,497.92,Bulgaria,Petrol,BGR
2021,497.92,Bulgaria,Petrol,BGR
2021,496.81,Bulgaria,Petrol,BGR
2021,496.81,Bulgaria,Petrol,BGR
2021,497.28,Bulgaria,Petrol,BGR
2021,494.47,Bulgaria,Petrol,BGR
2021,488.55,Bulgaria,Petrol,BGR
2021,486.46,Bulgaria,Petrol,BGR
2021,432.34,Bulgaria,Petrol,BGR
2021,432.34,Bulgaria,Petrol,BGR
2021,432.34,Bulgaria,Petrol,BGR
2021,432.34,Bulgaria,Petrol,BGR
2021,432.34,Bulgaria,Petrol,BGR
2021,423.01,Bulgaria,Petrol,BGR
2021,417.82,Bulgaria,Petrol,BGR
2021,401.16,Bulgaria,Petrol,BGR
2021,401.16,Bulgaria,Petrol,BGR
2021,392.89,Bulgaria,Petrol,BGR
2020,384.07,Bulgaria,Petrol,BGR
2020,382.67,Bulgaria,Petrol,BGR
2020,381.98,Bulgaria,Petrol,BGR
2020,382.28,Bulgaria,Petrol,BGR
2020,382.03,Bulgaria,Petrol,BGR
2020,383.35,Bulgaria,Petrol,BGR
2020,384.37,Bulgaria,Petrol,BGR
2020,386.41,Bulgaria,Petrol,BGR
2020,385.94,Bulgaria,Petrol,BGR
2020,385.18,Bulgaria,Petrol,BGR
2020,383.83,Bulgaria,Petrol,BGR
2020,381.52,Bulgaria,Petrol,BGR
2020,381.09,Bulgaria,Petrol,BGR
2020,381.85,Bulgaria,Petrol,BGR
2020,383.43,Bulgaria,Petrol,BGR
2020,383.86,Bulgaria,Petrol,BGR
2020,381.9,Bulgaria,Petrol,BGR
2020,381.39,Bulgaria,Petrol,BGR
2020,381.39,Bulgaria,Petrol,BGR
2020,380.24,Bulgaria,Petrol,BGR
2020,373.5,Bulgaria,Petrol,BGR
2020,373.5,Bulgaria,Petrol,BGR
2020,368.99,Bulgaria,Petrol,BGR
2020,364.64,Bulgaria,Petrol,BGR
2020,357.36,Bulgaria,Petrol,BGR
2020,351.94,Bulgaria,Petrol,BGR
2020,345.04,Bulgaria,Petrol,BGR
2020,338.95,Bulgaria,Petrol,BGR
2020,333.75,Bulgaria,Petrol,BGR
2020,332.56,Bulgaria,Petrol,BGR
2020,325.57,Bulgaria,Petrol,BGR
2020,318.07,Bulgaria,Petrol,BGR
2020,322.08,Bulgaria,Petrol,BGR
2020,339.54,Bulgaria,Petrol,BGR
2020,360.47,Bulgaria,Petrol,BGR
2020,371.08,Bulgaria,Petrol,BGR
2020,395.45,Bulgaria,Petrol,BGR
2020,435.88,Bulgaria,Petrol,BGR
2020,481.3,Bulgaria,Petrol,BGR
2020,520.21,Bulgaria,Petrol,BGR
2020,547.43,Bulgaria,Petrol,BGR
2020,553.19,Bulgaria,Petrol,BGR
2020,555.44,Bulgaria,Petrol,BGR
2020,558.55,Bulgaria,Petrol,BGR
2020,559.7,Bulgaria,Petrol,BGR
2020,560.17,Bulgaria,Petrol,BGR
2020,561.37,Bulgaria,Petrol,BGR
2020,561.41,Bulgaria,Petrol,BGR
2020,562.05,Bulgaria,Petrol,BGR
2020,560.47,Bulgaria,Petrol,BGR
2019,558.83,Bulgaria,Petrol,BGR
2019,557.86,Bulgaria,Petrol,BGR
2019,558.07,Bulgaria,Petrol,BGR
2019,557.96,Bulgaria,Petrol,BGR
2019,561.2,Bulgaria,Petrol,BGR
2019,561.24,Bulgaria,Petrol,BGR
2019,559.2,Bulgaria,Petrol,BGR
2019,560.2,Bulgaria,Petrol,BGR
2019,559.4,Bulgaria,Petrol,BGR
2019,560.32,Bulgaria,Petrol,BGR
2019,562.8,Bulgaria,Petrol,BGR
2019,561.09,Bulgaria,Petrol,BGR
2019,557.48,Bulgaria,Petrol,BGR
2019,553.68,Bulgaria,Petrol,BGR
2019,553.91,Bulgaria,Petrol,BGR
2019,557.56,Bulgaria,Petrol,BGR
2019,559.8,Bulgaria,Petrol,BGR
2019,561.22,Bulgaria,Petrol,BGR
2019,563.08,Bulgaria,Petrol,BGR
2019,564.41,Bulgaria,Petrol,BGR
2019,564.36,Bulgaria,Petrol,BGR
2019,565.97,Bulgaria,Petrol,BGR
2019,562.57,Bulgaria,Petrol,BGR
2019,564.74,Bulgaria,Petrol,BGR
2019,560.56,Bulgaria,Petrol,BGR
2019,561.12,Bulgaria,Petrol,BGR
2019,566.8,Bulgaria,Petrol,BGR
2019,575.1,Bulgaria,Petrol,BGR
2019,579.33,Bulgaria,Petrol,BGR
2019,583.6,Bulgaria,Petrol,BGR
2019,582.22,Bulgaria,Petrol,BGR
2019,573.19,Bulgaria,Petrol,BGR
2019,562.92,Bulgaria,Petrol,BGR
2019,551.93,Bulgaria,Petrol,BGR
2019,581.83,Bulgaria,Petrol,BGR
2019,524.22,Bulgaria,Petrol,BGR
2019,523.5,Bulgaria,Petrol,BGR
2019,518.89,Bulgaria,Petrol,BGR
2019,504.17,Bulgaria,Petrol,BGR
2019,500.01,Bulgaria,Petrol,BGR
2019,496.39,Bulgaria,Petrol,BGR
2019,480.62,Bulgaria,Petrol,BGR
2019,472.36,Bulgaria,Petrol,BGR
2019,464.82,Bulgaria,Petrol,BGR
2019,455.89,Bulgaria,Petrol,BGR
2019,465.12,Bulgaria,Petrol,BGR
2019,449.6,Bulgaria,Petrol,BGR
2019,450.23,Bulgaria,Petrol,BGR
2019,452.58,Bulgaria,Petrol,BGR
2018,471.07,Bulgaria,Petrol,BGR
2018,475.27,Bulgaria,Petrol,BGR
2018,497.8,Bulgaria,Petrol,BGR
2018,518.88,Bulgaria,Petrol,BGR
2018,551.33,Bulgaria,Petrol,BGR
2018,599.88,Bulgaria,Petrol,BGR
2018,626.38,Bulgaria,Petrol,BGR
2018,634.28,Bulgaria,Petrol,BGR
2018,623.96,Bulgaria,Petrol,BGR
2018,611.79,Bulgaria,Petrol,BGR
2018,599.11,Bulgaria,Petrol,BGR
2018,596.03,Bulgaria,Petrol,BGR
2018,596.17,Bulgaria,Petrol,BGR
2018,592.67,Bulgaria,Petrol,BGR
2018,589.08,Bulgaria,Petrol,BGR
2018,587.9,Bulgaria,Petrol,BGR
2018,586.52,Bulgaria,Petrol,BGR
2018,585.73,Bulgaria,Petrol,BGR
2018,585.99,Bulgaria,Petrol,BGR
2018,584.67,Bulgaria,Petrol,BGR
2018,581.31,Bulgaria,Petrol,BGR
2018,582.2,Bulgaria,Petrol,BGR
2018,582.16,Bulgaria,Petrol,BGR
2018,580.8,Bulgaria,Petrol,BGR
2018,581.52,Bulgaria,Petrol,BGR
2018,584.07,Bulgaria,Petrol,BGR
2018,585.01,Bulgaria,Petrol,BGR
2018,580.41,Bulgaria,Petrol,BGR
2018,573.81,Bulgaria,Petrol,BGR
2018,565.84,Bulgaria,Petrol,BGR
2018,556.34,Bulgaria,Petrol,BGR
2018,543.98,Bulgaria,Petrol,BGR
2018,535.16,Bulgaria,Petrol,BGR
2018,523.02,Bulgaria,Petrol,BGR
2018,515.09,Bulgaria,Petrol,BGR
2018,509.72,Bulgaria,Petrol,BGR
2018,506.53,Bulgaria,Petrol,BGR
2018,503.42,Bulgaria,Petrol,BGR
2018,504.66,Bulgaria,Petrol,BGR
2018,503.76,Bulgaria,Petrol,BGR
2018,505.63,Bulgaria,Petrol,BGR
2018,507.76,Bulgaria,Petrol,BGR
2018,511,Bulgaria,Petrol,BGR
2018,519.18,Bulgaria,Petrol,BGR
2018,517.35,Bulgaria,Petrol,BGR
2018,510.19,Bulgaria,Petrol,BGR
2018,506.61,Bulgaria,Petrol,BGR
2018,506.61,Bulgaria,Petrol,BGR
2018,506.87,Bulgaria,Petrol,BGR
2018,506.1,Bulgaria,Petrol,BGR
2017,506.44,Bulgaria,Petrol,BGR
2017,501.8,Bulgaria,Petrol,BGR
2017,501.8,Bulgaria,Petrol,BGR
2017,498.43,Bulgaria,Petrol,BGR
2017,497.54,Bulgaria,Petrol,BGR
2017,495.28,Bulgaria,Petrol,BGR
2017,488.42,Bulgaria,Petrol,BGR
2017,484.16,Bulgaria,Petrol,BGR
2017,482.11,Bulgaria,Petrol,BGR
2017,486.41,Bulgaria,Petrol,BGR
2017,491.27,Bulgaria,Petrol,BGR
2017,490.59,Bulgaria,Petrol,BGR
2017,490.81,Bulgaria,Petrol,BGR
2017,490.38,Bulgaria,Petrol,BGR
2017,484.54,Bulgaria,Petrol,BGR
2017,479.3,Bulgaria,Petrol,BGR
2017,475.47,Bulgaria,Petrol,BGR
2017,478.45,Bulgaria,Petrol,BGR
2017,471.8,Bulgaria,Petrol,BGR
2017,471.08,Bulgaria,Petrol,BGR
2017,469.12,Bulgaria,Petrol,BGR
2017,468.57,Bulgaria,Petrol,BGR
2017,470.4,Bulgaria,Petrol,BGR
2017,472.23,Bulgaria,Petrol,BGR
2017,472.19,Bulgaria,Petrol,BGR
2017,473.38,Bulgaria,Petrol,BGR
2017,479.43,Bulgaria,Petrol,BGR
2017,491.61,Bulgaria,Petrol,BGR
2017,495.62,Bulgaria,Petrol,BGR
2017,497.15,Bulgaria,Petrol,BGR
2017,500.35,Bulgaria,Petrol,BGR
2017,506.23,Bulgaria,Petrol,BGR
2017,505.93,Bulgaria,Petrol,BGR
2017,507.59,Bulgaria,Petrol,BGR
2017,508.02,Bulgaria,Petrol,BGR
2017,500.14,Bulgaria,Petrol,BGR
2017,496.22,Bulgaria,Petrol,BGR
2017,499.67,Bulgaria,Petrol,BGR
2017,500.09,Bulgaria,Petrol,BGR
2017,507.08,Bulgaria,Petrol,BGR
2017,487.82,Bulgaria,Petrol,BGR
2017,487.82,Bulgaria,Petrol,BGR
2017,502.78,Bulgaria,Petrol,BGR
2017,506.78,Bulgaria,Petrol,BGR
2017,508.15,Bulgaria,Petrol,BGR
2017,507.76,Bulgaria,Petrol,BGR
2017,508.02,Bulgaria,Petrol,BGR
2017,503.57,Bulgaria,Petrol,BGR
2017,499.92,Bulgaria,Petrol,BGR
2017,496.09,Bulgaria,Petrol,BGR
2025,763.91,Cyprus,Petrol,CYP
2025,763.96,Cyprus,Petrol,CYP
2025,763.86,Cyprus,Petrol,CYP
2025,763.8,Cyprus,Petrol,CYP
2025,763.86,Cyprus,Petrol,CYP
2025,760.94,Cyprus,Petrol,CYP
2025,755.92,Cyprus,Petrol,CYP
2025,736.6,Cyprus,Petrol,CYP
2025,730,Cyprus,Petrol,CYP
2024,729.96,Cyprus,Petrol,CYP
2024,729.76,Cyprus,Petrol,CYP
2024,729.32,Cyprus,Petrol,CYP
2024,729.59,Cyprus,Petrol,CYP
2024,730.11,Cyprus,Petrol,CYP
2024,727.46,Cyprus,Petrol,CYP
2024,726.27,Cyprus,Petrol,CYP
2024,728.34,Cyprus,Petrol,CYP
2024,731.33,Cyprus,Petrol,CYP
2024,733.73,Cyprus,Petrol,CYP
2024,733.94,Cyprus,Petrol,CYP
2024,719.17,Cyprus,Petrol,CYP
2024,712.26,Cyprus,Petrol,CYP
2024,714.48,Cyprus,Petrol,CYP
2024,741.26,Cyprus,Petrol,CYP
2024,741.26,Cyprus,Petrol,CYP
2024,760.48,Cyprus,Petrol,CYP
2024,780.89,Cyprus,Petrol,CYP
2024,795.15,Cyprus,Petrol,CYP
2024,801.86,Cyprus,Petrol,CYP
2024,807.16,Cyprus,Petrol,CYP
2024,819.25,Cyprus,Petrol,CYP
2024,828.49,Cyprus,Petrol,CYP
2024,833.25,Cyprus,Petrol,CYP
2024,833.66,Cyprus,Petrol,CYP
2024,823.51,Cyprus,Petrol,CYP
2024,812.98,Cyprus,Petrol,CYP
2024,811.57,Cyprus,Petrol,CYP
2024,813.18,Cyprus,Petrol,CYP
2024,835.99,Cyprus,Petrol,CYP
2024,846.48,Cyprus,Petrol,CYP
2024,856.91,Cyprus,Petrol,CYP
2024,870.69,Cyprus,Petrol,CYP
2024,875.51,Cyprus,Petrol,CYP
2024,883.08,Cyprus,Petrol,CYP
2024,883.01,Cyprus,Petrol,CYP
2024,882.04,Cyprus,Petrol,CYP
2024,865.13,Cyprus,Petrol,CYP
2024,831.66,Cyprus,Petrol,CYP
2024,830.64,Cyprus,Petrol,CYP
2024,818.09,Cyprus,Petrol,CYP
2024,809.86,Cyprus,Petrol,CYP
2024,798.19,Cyprus,Petrol,CYP
2024,794.33,Cyprus,Petrol,CYP
2024,786.64,Cyprus,Petrol,CYP
2024,777.94,Cyprus,Petrol,CYP
2024,772.42,Cyprus,Petrol,CYP
2024,757.54,Cyprus,Petrol,CYP
2024,752.28,Cyprus,Petrol,CYP
2024,752.87,Cyprus,Petrol,CYP
2024,753.51,Cyprus,Petrol,CYP
2024,756.09,Cyprus,Petrol,CYP
2024,758.93,Cyprus,Petrol,CYP
2023,763.42,Cyprus,Petrol,CYP
2023,774.09,Cyprus,Petrol,CYP
2023,800.9,Cyprus,Petrol,CYP
2023,812.57,Cyprus,Petrol,CYP
2023,820.76,Cyprus,Petrol,CYP
2023,832.11,Cyprus,Petrol,CYP
2023,839.2,Cyprus,Petrol,CYP
2023,850.06,Cyprus,Petrol,CYP
2023,866.26,Cyprus,Petrol,CYP
2023,876.25,Cyprus,Petrol,CYP
2023,891.12,Cyprus,Petrol,CYP
2023,913.56,Cyprus,Petrol,CYP
2023,914.64,Cyprus,Petrol,CYP
2023,915.86,Cyprus,Petrol,CYP
2023,893.38,Cyprus,Petrol,CYP
2023,890.63,Cyprus,Petrol,CYP
2023,884.31,Cyprus,Petrol,CYP
2023,866.36,Cyprus,Petrol,CYP
2023,861.02,Cyprus,Petrol,CYP
2023,851.2,Cyprus,Petrol,CYP
2023,834.6,Cyprus,Petrol,CYP
2023,814.27,Cyprus,Petrol,CYP
2023,799.8,Cyprus,Petrol,CYP
2023,786.08,Cyprus,Petrol,CYP
2023,790.48,Cyprus,Petrol,CYP
2023,793.88,Cyprus,Petrol,CYP
2023,793.18,Cyprus,Petrol,CYP
2023,789.26,Cyprus,Petrol,CYP
2023,790.92,Cyprus,Petrol,CYP
2023,788.21,Cyprus,Petrol,CYP
2023,789.22,Cyprus,Petrol,CYP
2023,795.52,Cyprus,Petrol,CYP
2023,824.02,Cyprus,Petrol,CYP
2023,828.91,Cyprus,Petrol,CYP
2023,834.47,Cyprus,Petrol,CYP
2023,832.24,Cyprus,Petrol,CYP
2023,825.86,Cyprus,Petrol,CYP
2023,818.32,Cyprus,Petrol,CYP
2023,810.14,Cyprus,Petrol,CYP
2023,810.51,Cyprus,Petrol,CYP
2023,809.32,Cyprus,Petrol,CYP
2023,801.49,Cyprus,Petrol,CYP
2023,801.89,Cyprus,Petrol,CYP
2023,799.91,Cyprus,Petrol,CYP
2023,791.1,Cyprus,Petrol,CYP
2023,789.96,Cyprus,Petrol,CYP
2023,779.38,Cyprus,Petrol,CYP
2023,779.42,Cyprus,Petrol,CYP
2023,778.36,Cyprus,Petrol,CYP
2023,780.9,Cyprus,Petrol,CYP
2023,789.28,Cyprus,Petrol,CYP
2023,814.44,Cyprus,Petrol,CYP
2022,836.47,Cyprus,Petrol,CYP
2022,845.32,Cyprus,Petrol,CYP
2022,872.36,Cyprus,Petrol,CYP
2022,883.3,Cyprus,Petrol,CYP
2022,917.87,Cyprus,Petrol,CYP
2022,918.17,Cyprus,Petrol,CYP
2022,909.92,Cyprus,Petrol,CYP
2022,888.72,Cyprus,Petrol,CYP
2022,870.61,Cyprus,Petrol,CYP
2022,868.64,Cyprus,Petrol,CYP
2022,846.69,Cyprus,Petrol,CYP
2022,844.59,Cyprus,Petrol,CYP
2022,849.61,Cyprus,Petrol,CYP
2022,856.77,Cyprus,Petrol,CYP
2022,878.22,Cyprus,Petrol,CYP
2022,910.53,Cyprus,Petrol,CYP
2022,934.06,Cyprus,Petrol,CYP
2022,942.97,Cyprus,Petrol,CYP
2022,964.64,Cyprus,Petrol,CYP
2022,994.67,Cyprus,Petrol,CYP
2022,1061.37,Cyprus,Petrol,CYP
2022,1099.43,Cyprus,Petrol,CYP
2022,1135.13,Cyprus,Petrol,CYP
2022,1145.27,Cyprus,Petrol,CYP
2022,1165.59,Cyprus,Petrol,CYP
2022,1165.34,Cyprus,Petrol,CYP
2022,1159.22,Cyprus,Petrol,CYP
2022,1143.56,Cyprus,Petrol,CYP
2022,1129.12,Cyprus,Petrol,CYP
2022,1109.75,Cyprus,Petrol,CYP
2022,1071.61,Cyprus,Petrol,CYP
2022,1034.44,Cyprus,Petrol,CYP
2022,978.12,Cyprus,Petrol,CYP
2022,946.79,Cyprus,Petrol,CYP
2022,913.35,Cyprus,Petrol,CYP
2022,897.18,Cyprus,Petrol,CYP
2022,880.12,Cyprus,Petrol,CYP
2022,857.82,Cyprus,Petrol,CYP
2022,828.93,Cyprus,Petrol,CYP
2022,813.36,Cyprus,Petrol,CYP
2022,813.64,Cyprus,Petrol,CYP
2022,767.91,Cyprus,Petrol,CYP
2022,759.23,Cyprus,Petrol,CYP
2022,754.59,Cyprus,Petrol,CYP
2022,739.96,Cyprus,Petrol,CYP
2022,718.28,Cyprus,Petrol,CYP
2022,699.76,Cyprus,Petrol,CYP
2022,684.01,Cyprus,Petrol,CYP
2022,669.48,Cyprus,Petrol,CYP
2022,666.68,Cyprus,Petrol,CYP
2022,665.38,Cyprus,Petrol,CYP
2021,672.76,Cyprus,Petrol,CYP
2021,687,Cyprus,Petrol,CYP
2021,689.71,Cyprus,Petrol,CYP
2021,704.6,Cyprus,Petrol,CYP
2021,707.34,Cyprus,Petrol,CYP
2021,707.85,Cyprus,Petrol,CYP
2021,707.77,Cyprus,Petrol,CYP
2021,694.9,Cyprus,Petrol,CYP
2021,693.33,Cyprus,Petrol,CYP
2021,680.85,Cyprus,Petrol,CYP
2021,673.17,Cyprus,Petrol,CYP
2021,660.7,Cyprus,Petrol,CYP
2021,660.15,Cyprus,Petrol,CYP
2021,651.21,Cyprus,Petrol,CYP
2021,650.13,Cyprus,Petrol,CYP
2021,649.71,Cyprus,Petrol,CYP
2021,652.65,Cyprus,Petrol,CYP
2021,659.87,Cyprus,Petrol,CYP
2021,660.19,Cyprus,Petrol,CYP
2021,659.76,Cyprus,Petrol,CYP
2021,653.04,Cyprus,Petrol,CYP
2021,653.22,Cyprus,Petrol,CYP
2021,642.17,Cyprus,Petrol,CYP
2021,639.06,Cyprus,Petrol,CYP
2021,630.64,Cyprus,Petrol,CYP
2021,617.54,Cyprus,Petrol,CYP
2021,608.95,Cyprus,Petrol,CYP
2021,602.53,Cyprus,Petrol,CYP
2021,592.59,Cyprus,Petrol,CYP
2021,592.5,Cyprus,Petrol,CYP
2021,592.52,Cyprus,Petrol,CYP
2021,591.28,Cyprus,Petrol,CYP
2021,579.01,Cyprus,Petrol,CYP
2021,577.27,Cyprus,Petrol,CYP
2021,576.69,Cyprus,Petrol,CYP
2021,558.62,Cyprus,Petrol,CYP
2021,555.44,Cyprus,Petrol,CYP
2021,540.02,Cyprus,Petrol,CYP
2021,544.77,Cyprus,Petrol,CYP
2021,530.58,Cyprus,Petrol,CYP
2021,521.75,Cyprus,Petrol,CYP
2021,516.22,Cyprus,Petrol,CYP
2021,495.31,Cyprus,Petrol,CYP
2021,486.91,Cyprus,Petrol,CYP
2021,476.3,Cyprus,Petrol,CYP
2021,472.25,Cyprus,Petrol,CYP
2021,468.48,Cyprus,Petrol,CYP
2021,464.64,Cyprus,Petrol,CYP
2021,462.65,Cyprus,Petrol,CYP
2020,457.12,Cyprus,Petrol,CYP
2020,456.25,Cyprus,Petrol,CYP
2020,454.53,Cyprus,Petrol,CYP
2020,454.62,Cyprus,Petrol,CYP
2020,454.73,Cyprus,Petrol,CYP
2020,457.34,Cyprus,Petrol,CYP
2020,462.06,Cyprus,Petrol,CYP
2020,464.12,Cyprus,Petrol,CYP
2020,463.05,Cyprus,Petrol,CYP
2020,463.32,Cyprus,Petrol,CYP
2020,464,Cyprus,Petrol,CYP
2020,465.04,Cyprus,Petrol,CYP
2020,467.82,Cyprus,Petrol,CYP
2020,470.4,Cyprus,Petrol,CYP
2020,471.99,Cyprus,Petrol,CYP
2020,460.45,Cyprus,Petrol,CYP
2020,460.65,Cyprus,Petrol,CYP
2020,462.17,Cyprus,Petrol,CYP
2020,461.91,Cyprus,Petrol,CYP
2020,462.64,Cyprus,Petrol,CYP
2020,463.2,Cyprus,Petrol,CYP
2020,463.06,Cyprus,Petrol,CYP
2020,466.35,Cyprus,Petrol,CYP
2020,454.47,Cyprus,Petrol,CYP
2020,455.01,Cyprus,Petrol,CYP
2020,456.18,Cyprus,Petrol,CYP
2020,428.45,Cyprus,Petrol,CYP
2020,419.54,Cyprus,Petrol,CYP
2020,369.11,Cyprus,Petrol,CYP
2020,367.18,Cyprus,Petrol,CYP
2020,367.05,Cyprus,Petrol,CYP
2020,372.91,Cyprus,Petrol,CYP
2020,369.07,Cyprus,Petrol,CYP
2020,383.36,Cyprus,Petrol,CYP
2020,399.15,Cyprus,Petrol,CYP
2020,403.41,Cyprus,Petrol,CYP
2020,425,Cyprus,Petrol,CYP
2020,444.54,Cyprus,Petrol,CYP
2020,451.91,Cyprus,Petrol,CYP
2020,544.54,Cyprus,Petrol,CYP
2020,568.54,Cyprus,Petrol,CYP
2020,569.06,Cyprus,Petrol,CYP
2020,569.75,Cyprus,Petrol,CYP
2020,572.24,Cyprus,Petrol,CYP
2020,574.06,Cyprus,Petrol,CYP
2020,572.96,Cyprus,Petrol,CYP
2020,570.02,Cyprus,Petrol,CYP
2020,565.85,Cyprus,Petrol,CYP
2020,554.43,Cyprus,Petrol,CYP
2020,550.95,Cyprus,Petrol,CYP
2019,556.79,Cyprus,Petrol,CYP
2019,559.25,Cyprus,Petrol,CYP
2019,556.87,Cyprus,Petrol,CYP
2019,556.98,Cyprus,Petrol,CYP
2019,559.17,Cyprus,Petrol,CYP
2019,549.98,Cyprus,Petrol,CYP
2019,549.83,Cyprus,Petrol,CYP
2019,550.76,Cyprus,Petrol,CYP
2019,560.48,Cyprus,Petrol,CYP
2019,566.06,Cyprus,Petrol,CYP
2019,570.85,Cyprus,Petrol,CYP
2019,566.93,Cyprus,Petrol,CYP
2019,557.24,Cyprus,Petrol,CYP
2019,550.17,Cyprus,Petrol,CYP
2019,551.82,Cyprus,Petrol,CYP
2019,556.72,Cyprus,Petrol,CYP
2019,565.64,Cyprus,Petrol,CYP
2019,585.61,Cyprus,Petrol,CYP
2019,588.87,Cyprus,Petrol,CYP
2019,586.06,Cyprus,Petrol,CYP
2019,587.62,Cyprus,Petrol,CYP
2019,586.86,Cyprus,Petrol,CYP
2019,568.62,Cyprus,Petrol,CYP
2019,564.91,Cyprus,Petrol,CYP
2019,559.22,Cyprus,Petrol,CYP
2019,559.89,Cyprus,Petrol,CYP
2019,569.7,Cyprus,Petrol,CYP
2019,603.82,Cyprus,Petrol,CYP
2019,607.53,Cyprus,Petrol,CYP
2019,606.32,Cyprus,Petrol,CYP
2019,605.11,Cyprus,Petrol,CYP
2019,614.55,Cyprus,Petrol,CYP
2019,600.95,Cyprus,Petrol,CYP
2019,594.67,Cyprus,Petrol,CYP
2019,577.09,Cyprus,Petrol,CYP
2019,560.98,Cyprus,Petrol,CYP
2019,553.19,Cyprus,Petrol,CYP
2019,549.29,Cyprus,Petrol,CYP
2019,534.03,Cyprus,Petrol,CYP
2019,526.26,Cyprus,Petrol,CYP
2019,519.7,Cyprus,Petrol,CYP
2019,506.34,Cyprus,Petrol,CYP
2019,492.62,Cyprus,Petrol,CYP
2019,490.72,Cyprus,Petrol,CYP
2019,489.34,Cyprus,Petrol,CYP
2019,478.86,Cyprus,Petrol,CYP
2019,469.94,Cyprus,Petrol,CYP
2019,468.93,Cyprus,Petrol,CYP
2019,476.23,Cyprus,Petrol,CYP
2018,524.23,Cyprus,Petrol,CYP
2018,525.53,Cyprus,Petrol,CYP
2018,555.58,Cyprus,Petrol,CYP
2018,576.59,Cyprus,Petrol,CYP
2018,580.12,Cyprus,Petrol,CYP
2018,603.8,Cyprus,Petrol,CYP
2018,613.91,Cyprus,Petrol,CYP
2018,622.55,Cyprus,Petrol,CYP
2018,631.75,Cyprus,Petrol,CYP
2018,637.08,Cyprus,Petrol,CYP
2018,620.68,Cyprus,Petrol,CYP
2018,617.37,Cyprus,Petrol,CYP
2018,622.12,Cyprus,Petrol,CYP
2018,624.4,Cyprus,Petrol,CYP
2018,621.7,Cyprus,Petrol,CYP
2018,617.76,Cyprus,Petrol,CYP
2018,617.77,Cyprus,Petrol,CYP
2018,617.95,Cyprus,Petrol,CYP
2018,617.95,Cyprus,Petrol,CYP
2018,617.03,Cyprus,Petrol,CYP
2018,615.09,Cyprus,Petrol,CYP
2018,620.18,Cyprus,Petrol,CYP
2018,621.43,Cyprus,Petrol,CYP
2018,613.12,Cyprus,Petrol,CYP
2018,615.54,Cyprus,Petrol,CYP
2018,619.38,Cyprus,Petrol,CYP
2018,626.09,Cyprus,Petrol,CYP
2018,628.63,Cyprus,Petrol,CYP
2018,628.67,Cyprus,Petrol,CYP
2018,623.67,Cyprus,Petrol,CYP
2018,594.54,Cyprus,Petrol,CYP
2018,587.01,Cyprus,Petrol,CYP
2018,582.27,Cyprus,Petrol,CYP
2018,559.93,Cyprus,Petrol,CYP
2018,555.34,Cyprus,Petrol,CYP
2018,549.48,Cyprus,Petrol,CYP
2018,541.2,Cyprus,Petrol,CYP
2018,533.79,Cyprus,Petrol,CYP
2018,534.79,Cyprus,Petrol,CYP
2018,534.5,Cyprus,Petrol,CYP
2018,537.58,Cyprus,Petrol,CYP
2018,542.7,Cyprus,Petrol,CYP
2018,544.8,Cyprus,Petrol,CYP
2018,550.96,Cyprus,Petrol,CYP
2018,548.6,Cyprus,Petrol,CYP
2018,544.62,Cyprus,Petrol,CYP
2018,545.13,Cyprus,Petrol,CYP
2018,546.27,Cyprus,Petrol,CYP
2018,545.48,Cyprus,Petrol,CYP
2018,538.45,Cyprus,Petrol,CYP
2017,534.97,Cyprus,Petrol,CYP
2017,534.67,Cyprus,Petrol,CYP
2017,536.64,Cyprus,Petrol,CYP
2017,536.64,Cyprus,Petrol,CYP
2017,537.49,Cyprus,Petrol,CYP
2017,522.98,Cyprus,Petrol,CYP
2017,524.59,Cyprus,Petrol,CYP
2017,507.85,Cyprus,Petrol,CYP
2017,508.3,Cyprus,Petrol,CYP
2017,513.12,Cyprus,Petrol,CYP
2017,517.13,Cyprus,Petrol,CYP
2017,517.39,Cyprus,Petrol,CYP
2017,523.85,Cyprus,Petrol,CYP
2017,524.18,Cyprus,Petrol,CYP
2017,521.26,Cyprus,Petrol,CYP
2017,502.87,Cyprus,Petrol,CYP
2017,502.96,Cyprus,Petrol,CYP
2017,503.4,Cyprus,Petrol,CYP
2017,504.06,Cyprus,Petrol,CYP
2017,488.81,Cyprus,Petrol,CYP
2017,484.06,Cyprus,Petrol,CYP
2017,484.06,Cyprus,Petrol,CYP
2017,484.13,Cyprus,Petrol,CYP
2017,485.07,Cyprus,Petrol,CYP
2017,494.28,Cyprus,Petrol,CYP
2017,497.22,Cyprus,Petrol,CYP
2017,513.33,Cyprus,Petrol,CYP
2017,518.63,Cyprus,Petrol,CYP
2017,519.29,Cyprus,Petrol,CYP
2017,519.76,Cyprus,Petrol,CYP
2017,522.06,Cyprus,Petrol,CYP
2017,536.06,Cyprus,Petrol,CYP
2017,551.16,Cyprus,Petrol,CYP
2017,564.68,Cyprus,Petrol,CYP
2017,549.16,Cyprus,Petrol,CYP
2017,522.33,Cyprus,Petrol,CYP
2017,527.71,Cyprus,Petrol,CYP
2017,538.7,Cyprus,Petrol,CYP
2017,547.99,Cyprus,Petrol,CYP
2017,556.96,Cyprus,Petrol,CYP
2017,557.03,Cyprus,Petrol,CYP
2017,556.95,Cyprus,Petrol,CYP
2017,554.79,Cyprus,Petrol,CYP
2017,554.79,Cyprus,Petrol,CYP
2017,554.79,Cyprus,Petrol,CYP
2017,554.79,Cyprus,Petrol,CYP
2017,554.85,Cyprus,Petrol,CYP
2017,550.64,Cyprus,Petrol,CYP
2017,539,Cyprus,Petrol,CYP
2017,521.39,Cyprus,Petrol,CYP
2025,679.4991433239032,Czechia,Petrol,CZE
2025,691.6598834889475,Czechia,Petrol,CZE
2025,691.9903416347381,Czechia,Petrol,CZE
2025,689.5106289634267,Czechia,Petrol,CZE
2025,686.2378237110952,Czechia,Petrol,CZE
2025,700.401960003187,Czechia,Petrol,CZE
2025,687.6595660280059,Czechia,Petrol,CZE
2025,670.4466904478795,Czechia,Petrol,CZE
2025,665.8026556412499,Czechia,Petrol,CZE
2024,660.8229604376437,Czechia,Petrol,CZE
2024,661.0451561567534,Czechia,Petrol,CZE
2024,663.0651861319699,Czechia,Petrol,CZE
2024,664.5889291834375,Czechia,Petrol,CZE
2024,660.8232407187525,Czechia,Petrol,CZE
2024,658.0075113658825,Czechia,Petrol,CZE
2024,642.9163040898662,Czechia,Petrol,CZE
2024,659.4415722798848,Czechia,Petrol,CZE
2024,662.1440999683645,Czechia,Petrol,CZE
2024,662.532744200726,Czechia,Petrol,CZE
2024,662.9297926230805,Czechia,Petrol,CZE
2024,653.5086885959704,Czechia,Petrol,CZE
2024,639.4018780083643,Czechia,Petrol,CZE
2024,645.4181226175349,Czechia,Petrol,CZE
2024,650.8239700374531,Czechia,Petrol,CZE
2024,654.4870264247055,Czechia,Petrol,CZE
2024,682.8581693345575,Czechia,Petrol,CZE
2024,706.681573168297,Czechia,Petrol,CZE
2024,716.3677398737717,Czechia,Petrol,CZE
2024,724.3624161073824,Czechia,Petrol,CZE
2024,729.3395027404878,Czechia,Petrol,CZE
2024,733.3542703642254,Czechia,Petrol,CZE
2024,736.6579953490206,Czechia,Petrol,CZE
2024,742.1371253245221,Czechia,Petrol,CZE
2024,752.5725749350956,Czechia,Petrol,CZE
2024,754.6669581114379,Czechia,Petrol,CZE
2024,749.6219259022677,Czechia,Petrol,CZE
2024,745.1926244325714,Czechia,Petrol,CZE
2024,740.6729017369124,Czechia,Petrol,CZE
2024,750.5845104724793,Czechia,Petrol,CZE
2024,770.643504287332,Czechia,Petrol,CZE
2024,784.1632636558444,Czechia,Petrol,CZE
2024,792.5040407305639,Czechia,Petrol,CZE
2024,805.7875620485088,Czechia,Petrol,CZE
2024,816.24924984997,Czechia,Petrol,CZE
2024,816.158093346574,Czechia,Petrol,CZE
2024,812.7980217606331,Czechia,Petrol,CZE
2024,799.1829884694359,Czechia,Petrol,CZE
2024,785.9058656575213,Czechia,Petrol,CZE
2024,765.2776901230673,Czechia,Petrol,CZE
2024,751.1,Czechia,Petrol,CZE
2024,750.61,Czechia,Petrol,CZE
2024,749.38,Czechia,Petrol,CZE
2024,745.27,Czechia,Petrol,CZE
2024,735.98,Czechia,Petrol,CZE
2024,735.98,Czechia,Petrol,CZE
2024,717.99,Czechia,Petrol,CZE
2024,712.64,Czechia,Petrol,CZE
2024,703.86,Czechia,Petrol,CZE
2024,695.08,Czechia,Petrol,CZE
2024,686.75,Czechia,Petrol,CZE
2024,691.17,Czechia,Petrol,CZE
2024,680.69,Czechia,Petrol,CZE
2023,682.41,Czechia,Petrol,CZE
2023,688.14,Czechia,Petrol,CZE
2023,713.83,Czechia,Petrol,CZE
2023,723.85,Czechia,Petrol,CZE
2023,745.19,Czechia,Petrol,CZE
2023,756.66,Czechia,Petrol,CZE
2023,767.19,Czechia,Petrol,CZE
2023,787.69,Czechia,Petrol,CZE
2023,784.26,Czechia,Petrol,CZE
2023,789.95,Czechia,Petrol,CZE
2023,803.04,Czechia,Petrol,CZE
2023,829.67,Czechia,Petrol,CZE
2023,841,Czechia,Petrol,CZE
2023,845.01,Czechia,Petrol,CZE
2023,838.96,Czechia,Petrol,CZE
2023,819.86,Czechia,Petrol,CZE
2023,830.51,Czechia,Petrol,CZE
2023,823.76,Czechia,Petrol,CZE
2023,821.13,Czechia,Petrol,CZE
2023,819.08,Czechia,Petrol,CZE
2023,805.28,Czechia,Petrol,CZE
2023,776.33,Czechia,Petrol,CZE
2023,744.78,Czechia,Petrol,CZE
2023,755.71,Czechia,Petrol,CZE
2023,752.5,Czechia,Petrol,CZE
2023,757.63,Czechia,Petrol,CZE
2023,758.67,Czechia,Petrol,CZE
2023,750.18,Czechia,Petrol,CZE
2023,740.62,Czechia,Petrol,CZE
2023,743.38,Czechia,Petrol,CZE
2023,729.29,Czechia,Petrol,CZE
2023,727.16,Czechia,Petrol,CZE
2023,733.53,Czechia,Petrol,CZE
2023,749.58,Czechia,Petrol,CZE
2023,763.77,Czechia,Petrol,CZE
2023,772.66,Czechia,Petrol,CZE
2023,789.23,Czechia,Petrol,CZE
2023,777.11,Czechia,Petrol,CZE
2023,756.76,Czechia,Petrol,CZE
2023,746.06,Czechia,Petrol,CZE
2023,742.61,Czechia,Petrol,CZE
2023,754.01,Czechia,Petrol,CZE
2023,765.85,Czechia,Petrol,CZE
2023,766.67,Czechia,Petrol,CZE
2023,771.42,Czechia,Petrol,CZE
2023,768.99,Czechia,Petrol,CZE
2023,774.61,Czechia,Petrol,CZE
2023,766.93,Czechia,Petrol,CZE
2023,731.75,Czechia,Petrol,CZE
2023,710.89,Czechia,Petrol,CZE
2023,713.33,Czechia,Petrol,CZE
2023,709.35,Czechia,Petrol,CZE
2022,706.69,Czechia,Petrol,CZE
2022,712.73,Czechia,Petrol,CZE
2022,729.77,Czechia,Petrol,CZE
2022,781.74,Czechia,Petrol,CZE
2022,823.99,Czechia,Petrol,CZE
2022,859.21,Czechia,Petrol,CZE
2022,892,Czechia,Petrol,CZE
2022,901.73,Czechia,Petrol,CZE
2022,908.14,Czechia,Petrol,CZE
2022,923.79,Czechia,Petrol,CZE
2022,910.65,Czechia,Petrol,CZE
2022,858.15,Czechia,Petrol,CZE
2022,764.77,Czechia,Petrol,CZE
2022,806.21,Czechia,Petrol,CZE
2022,837.2,Czechia,Petrol,CZE
2022,858.05,Czechia,Petrol,CZE
2022,897.49,Czechia,Petrol,CZE
2022,900.94,Czechia,Petrol,CZE
2022,891.47,Czechia,Petrol,CZE
2022,915.4,Czechia,Petrol,CZE
2022,980.63,Czechia,Petrol,CZE
2022,1044.55,Czechia,Petrol,CZE
2022,1092.57,Czechia,Petrol,CZE
2022,1128.27,Czechia,Petrol,CZE
2022,1139.41,Czechia,Petrol,CZE
2022,1141.18,Czechia,Petrol,CZE
2022,1139.71,Czechia,Petrol,CZE
2022,1139.99,Czechia,Petrol,CZE
2022,1123.43,Czechia,Petrol,CZE
2022,1076.09,Czechia,Petrol,CZE
2022,1037.19,Czechia,Petrol,CZE
2022,1025.67,Czechia,Petrol,CZE
2022,977.17,Czechia,Petrol,CZE
2022,944.03,Czechia,Petrol,CZE
2022,916.75,Czechia,Petrol,CZE
2022,914.63,Czechia,Petrol,CZE
2022,924.41,Czechia,Petrol,CZE
2022,971.2,Czechia,Petrol,CZE
2022,965.57,Czechia,Petrol,CZE
2022,947.37,Czechia,Petrol,CZE
2022,1014.37,Czechia,Petrol,CZE
2022,905.74,Czechia,Petrol,CZE
2022,771.02,Czechia,Petrol,CZE
2022,742.31,Czechia,Petrol,CZE
2022,727.64,Czechia,Petrol,CZE
2022,725,Czechia,Petrol,CZE
2022,707,Czechia,Petrol,CZE
2022,695.7,Czechia,Petrol,CZE
2022,691.59,Czechia,Petrol,CZE
2022,691.59,Czechia,Petrol,CZE
2022,677.48,Czechia,Petrol,CZE
2021,677.35,Czechia,Petrol,CZE
2021,677.19,Czechia,Petrol,CZE
2021,688.33,Czechia,Petrol,CZE
2021,692.6,Czechia,Petrol,CZE
2021,705.49,Czechia,Petrol,CZE
2021,709.3,Czechia,Petrol,CZE
2021,706.94,Czechia,Petrol,CZE
2021,686.06,Czechia,Petrol,CZE
2021,671.19,Czechia,Petrol,CZE
2021,663.01,Czechia,Petrol,CZE
2021,643.66,Czechia,Petrol,CZE
2021,613.29,Czechia,Petrol,CZE
2021,598.28,Czechia,Petrol,CZE
2021,594.9,Czechia,Petrol,CZE
2021,595.37,Czechia,Petrol,CZE
2021,594.09,Czechia,Petrol,CZE
2021,589.97,Czechia,Petrol,CZE
2021,591.33,Czechia,Petrol,CZE
2021,593.49,Czechia,Petrol,CZE
2021,594.23,Czechia,Petrol,CZE
2021,587.87,Czechia,Petrol,CZE
2021,583.91,Czechia,Petrol,CZE
2021,582.36,Czechia,Petrol,CZE
2021,575.64,Czechia,Petrol,CZE
2021,555.27,Czechia,Petrol,CZE
2021,557.16,Czechia,Petrol,CZE
2021,548.79,Czechia,Petrol,CZE
2021,546.17,Czechia,Petrol,CZE
2021,545.25,Czechia,Petrol,CZE
2021,540.32,Czechia,Petrol,CZE
2021,540.77,Czechia,Petrol,CZE
2021,536.8,Czechia,Petrol,CZE
2021,518.73,Czechia,Petrol,CZE
2021,515.07,Czechia,Petrol,CZE
2021,513.75,Czechia,Petrol,CZE
2021,510.6,Czechia,Petrol,CZE
2021,507.08,Czechia,Petrol,CZE
2021,500.63,Czechia,Petrol,CZE
2021,496.08,Czechia,Petrol,CZE
2021,478.22,Czechia,Petrol,CZE
2021,446.67,Czechia,Petrol,CZE
2021,436.7,Czechia,Petrol,CZE
2021,425.92,Czechia,Petrol,CZE
2021,425.47,Czechia,Petrol,CZE
2021,419.07,Czechia,Petrol,CZE
2021,407.72,Czechia,Petrol,CZE
2021,404.56,Czechia,Petrol,CZE
2021,396.81,Czechia,Petrol,CZE
2021,389.6,Czechia,Petrol,CZE
2020,391.08,Czechia,Petrol,CZE
2020,388.7,Czechia,Petrol,CZE
2020,384.19,Czechia,Petrol,CZE
2020,383.87,Czechia,Petrol,CZE
2020,382.13,Czechia,Petrol,CZE
2020,378.45,Czechia,Petrol,CZE
2020,378.98,Czechia,Petrol,CZE
2020,376.31,Czechia,Petrol,CZE
2020,377.62,Czechia,Petrol,CZE
2020,375.74,Czechia,Petrol,CZE
2020,374.76,Czechia,Petrol,CZE
2020,371.21,Czechia,Petrol,CZE
2020,367.87,Czechia,Petrol,CZE
2020,370.51,Czechia,Petrol,CZE
2020,377.07,Czechia,Petrol,CZE
2020,381.21,Czechia,Petrol,CZE
2020,386.06,Czechia,Petrol,CZE
2020,388.27,Czechia,Petrol,CZE
2020,388.52,Czechia,Petrol,CZE
2020,388.01,Czechia,Petrol,CZE
2020,389.52,Czechia,Petrol,CZE
2020,392.12,Czechia,Petrol,CZE
2020,383.57,Czechia,Petrol,CZE
2020,374.16,Czechia,Petrol,CZE
2020,366.19,Czechia,Petrol,CZE
2020,353.12,Czechia,Petrol,CZE
2020,345.79,Czechia,Petrol,CZE
2020,336.48,Czechia,Petrol,CZE
2020,329.04,Czechia,Petrol,CZE
2020,320.36,Czechia,Petrol,CZE
2020,312.26,Czechia,Petrol,CZE
2020,303.75,Czechia,Petrol,CZE
2020,290.53,Czechia,Petrol,CZE
2020,298.21,Czechia,Petrol,CZE
2020,308.84,Czechia,Petrol,CZE
2020,322.85,Czechia,Petrol,CZE
2020,341.34,Czechia,Petrol,CZE
2020,365.15,Czechia,Petrol,CZE
2020,393.85,Czechia,Petrol,CZE
2020,446.81,Czechia,Petrol,CZE
2020,499.86,Czechia,Petrol,CZE
2020,510.68,Czechia,Petrol,CZE
2020,521.79,Czechia,Petrol,CZE
2020,532.03,Czechia,Petrol,CZE
2020,529.49,Czechia,Petrol,CZE
2020,533.17,Czechia,Petrol,CZE
2020,536.98,Czechia,Petrol,CZE
2020,540.89,Czechia,Petrol,CZE
2020,541.58,Czechia,Petrol,CZE
2020,534.09,Czechia,Petrol,CZE
2019,524.34,Czechia,Petrol,CZE
2019,525.9,Czechia,Petrol,CZE
2019,529.6,Czechia,Petrol,CZE
2019,531.33,Czechia,Petrol,CZE
2019,530.41,Czechia,Petrol,CZE
2019,532.95,Czechia,Petrol,CZE
2019,531.47,Czechia,Petrol,CZE
2019,533.71,Czechia,Petrol,CZE
2019,532.74,Czechia,Petrol,CZE
2019,533.85,Czechia,Petrol,CZE
2019,538.7,Czechia,Petrol,CZE
2019,532.94,Czechia,Petrol,CZE
2019,532.44,Czechia,Petrol,CZE
2019,528.48,Czechia,Petrol,CZE
2019,533.77,Czechia,Petrol,CZE
2019,533.95,Czechia,Petrol,CZE
2019,538.56,Czechia,Petrol,CZE
2019,540.22,Czechia,Petrol,CZE
2019,542.23,Czechia,Petrol,CZE
2019,547.49,Czechia,Petrol,CZE
2019,551.78,Czechia,Petrol,CZE
2019,553.97,Czechia,Petrol,CZE
2019,552.34,Czechia,Petrol,CZE
2019,554.42,Czechia,Petrol,CZE
2019,553.73,Czechia,Petrol,CZE
2019,554.07,Czechia,Petrol,CZE
2019,559.97,Czechia,Petrol,CZE
2019,571.85,Czechia,Petrol,CZE
2019,574.71,Czechia,Petrol,CZE
2019,567.98,Czechia,Petrol,CZE
2019,560.88,Czechia,Petrol,CZE
2019,559.42,Czechia,Petrol,CZE
2019,555.73,Czechia,Petrol,CZE
2019,549.62,Czechia,Petrol,CZE
2019,537.75,Czechia,Petrol,CZE
2019,523.18,Czechia,Petrol,CZE
2019,497.82,Czechia,Petrol,CZE
2019,483.52,Czechia,Petrol,CZE
2019,480.41,Czechia,Petrol,CZE
2019,475.22,Czechia,Petrol,CZE
2019,472.97,Czechia,Petrol,CZE
2019,469.15,Czechia,Petrol,CZE
2019,464.62,Czechia,Petrol,CZE
2019,464.71,Czechia,Petrol,CZE
2019,470.03,Czechia,Petrol,CZE
2019,475.63,Czechia,Petrol,CZE
2019,482.36,Czechia,Petrol,CZE
2019,489.5,Czechia,Petrol,CZE
2019,500.63,Czechia,Petrol,CZE
2018,518.99,Czechia,Petrol,CZE
2018,526.64,Czechia,Petrol,CZE
2018,536.36,Czechia,Petrol,CZE
2018,550.29,Czechia,Petrol,CZE
2018,553.43,Czechia,Petrol,CZE
2018,561.32,Czechia,Petrol,CZE
2018,568.74,Czechia,Petrol,CZE
2018,572.06,Czechia,Petrol,CZE
2018,572.34,Czechia,Petrol,CZE
2018,575.5,Czechia,Petrol,CZE
2018,573.78,Czechia,Petrol,CZE
2018,569.18,Czechia,Petrol,CZE
2018,572.19,Czechia,Petrol,CZE
2018,575.87,Czechia,Petrol,CZE
2018,571.36,Czechia,Petrol,CZE
2018,567.26,Czechia,Petrol,CZE
2018,562.71,Czechia,Petrol,CZE
2018,563.09,Czechia,Petrol,CZE
2018,564.29,Czechia,Petrol,CZE
2018,565.06,Czechia,Petrol,CZE
2018,561.19,Czechia,Petrol,CZE
2018,557.67,Czechia,Petrol,CZE
2018,561.61,Czechia,Petrol,CZE
2018,563.3,Czechia,Petrol,CZE
2018,554.03,Czechia,Petrol,CZE
2018,555.83,Czechia,Petrol,CZE
2018,564.46,Czechia,Petrol,CZE
2018,569.22,Czechia,Petrol,CZE
2018,567.2,Czechia,Petrol,CZE
2018,556.93,Czechia,Petrol,CZE
2018,533.89,Czechia,Petrol,CZE
2018,522.81,Czechia,Petrol,CZE
2018,513.45,Czechia,Petrol,CZE
2018,501.9,Czechia,Petrol,CZE
2018,499.99,Czechia,Petrol,CZE
2018,497.2,Czechia,Petrol,CZE
2018,491.35,Czechia,Petrol,CZE
2018,479.56,Czechia,Petrol,CZE
2018,480.45,Czechia,Petrol,CZE
2018,482.48,Czechia,Petrol,CZE
2018,484,Czechia,Petrol,CZE
2018,484.93,Czechia,Petrol,CZE
2018,489.71,Czechia,Petrol,CZE
2018,495.47,Czechia,Petrol,CZE
2018,498.62,Czechia,Petrol,CZE
2018,496.04,Czechia,Petrol,CZE
2018,491.42,Czechia,Petrol,CZE
2018,486.35,Czechia,Petrol,CZE
2018,481.27,Czechia,Petrol,CZE
2018,482.84,Czechia,Petrol,CZE
2017,478.64,Czechia,Petrol,CZE
2017,481.02,Czechia,Petrol,CZE
2017,482.85,Czechia,Petrol,CZE
2017,485.99,Czechia,Petrol,CZE
2017,486.91,Czechia,Petrol,CZE
2017,483.95,Czechia,Petrol,CZE
2017,472.94,Czechia,Petrol,CZE
2017,465.66,Czechia,Petrol,CZE
2017,466.12,Czechia,Petrol,CZE
2017,463.43,Czechia,Petrol,CZE
2017,461.42,Czechia,Petrol,CZE
2017,460.03,Czechia,Petrol,CZE
2017,457.89,Czechia,Petrol,CZE
2017,458.68,Czechia,Petrol,CZE
2017,455.28,Czechia,Petrol,CZE
2017,443.75,Czechia,Petrol,CZE
2017,438.79,Czechia,Petrol,CZE
2017,440.46,Czechia,Petrol,CZE
2017,440.14,Czechia,Petrol,CZE
2017,440.11,Czechia,Petrol,CZE
2017,435.41,Czechia,Petrol,CZE
2017,438.08,Czechia,Petrol,CZE
2017,438.52,Czechia,Petrol,CZE
2017,440.13,Czechia,Petrol,CZE
2017,441.19,Czechia,Petrol,CZE
2017,444.15,Czechia,Petrol,CZE
2017,455.11,Czechia,Petrol,CZE
2017,459.65,Czechia,Petrol,CZE
2017,465.15,Czechia,Petrol,CZE
2017,465.62,Czechia,Petrol,CZE
2017,463.32,Czechia,Petrol,CZE
2017,466.02,Czechia,Petrol,CZE
2017,467.23,Czechia,Petrol,CZE
2017,476.26,Czechia,Petrol,CZE
2017,478.56,Czechia,Petrol,CZE
2017,476.45,Czechia,Petrol,CZE
2017,461.31,Czechia,Petrol,CZE
2017,464.79,Czechia,Petrol,CZE
2017,469.2,Czechia,Petrol,CZE
2017,473.63,Czechia,Petrol,CZE
2017,476.14,Czechia,Petrol,CZE
2017,476.05,Czechia,Petrol,CZE
2017,475.99,Czechia,Petrol,CZE
2017,474.83,Czechia,Petrol,CZE
2017,475.01,Czechia,Petrol,CZE
2017,474.5,Czechia,Petrol,CZE
2017,473.44,Czechia,Petrol,CZE
2017,472.5,Czechia,Petrol,CZE
2017,468.86,Czechia,Petrol,CZE
2017,458.46,Czechia,Petrol,CZE
2025,725.14,Germany,Petrol,DEU
2025,733.55,Germany,Petrol,DEU
2025,732.71,Germany,Petrol,DEU
2025,737.75,Germany,Petrol,DEU
2025,733.55,Germany,Petrol,DEU
2025,722.62,Germany,Petrol,DEU
2025,731.86,Germany,Petrol,DEU
2025,713.38,Germany,Petrol,DEU
2025,719.26,Germany,Petrol,DEU
2024,705.93,Germany,Petrol,DEU
2024,697.52,Germany,Petrol,DEU
2024,695.84,Germany,Petrol,DEU
2024,671.47,Germany,Petrol,DEU
2024,677.35,Germany,Petrol,DEU
2024,687.44,Germany,Petrol,DEU
2024,676.51,Germany,Petrol,DEU
2024,678.19,Germany,Petrol,DEU
2024,675.67,Germany,Petrol,DEU
2024,691.64,Germany,Petrol,DEU
2024,689.96,Germany,Petrol,DEU
2024,701.72,Germany,Petrol,DEU
2024,687.44,Germany,Petrol,DEU
2024,663.07,Germany,Petrol,DEU
2024,668.95,Germany,Petrol,DEU
2024,665.59,Germany,Petrol,DEU
2024,675.67,Germany,Petrol,DEU
2024,698.36,Germany,Petrol,DEU
2024,710.13,Germany,Petrol,DEU
2024,731.14,Germany,Petrol,DEU
2024,743.74,Germany,Petrol,DEU
2024,754.66,Germany,Petrol,DEU
2024,758.87,Germany,Petrol,DEU
2024,763.07,Germany,Petrol,DEU
2024,774.83,Germany,Petrol,DEU
2024,784.92,Germany,Petrol,DEU
2024,780.72,Germany,Petrol,DEU
2024,776.51,Germany,Petrol,DEU
2024,770.63,Germany,Petrol,DEU
2024,768.95,Germany,Petrol,DEU
2024,780.72,Germany,Petrol,DEU
2024,793.32,Germany,Petrol,DEU
2024,810.13,Germany,Petrol,DEU
2024,815.17,Germany,Petrol,DEU
2024,823.57,Germany,Petrol,DEU
2024,840.38,Germany,Petrol,DEU
2024,850.46,Germany,Petrol,DEU
2024,858.03,Germany,Petrol,DEU
2024,849.62,Germany,Petrol,DEU
2024,830.29,Germany,Petrol,DEU
2024,805.08,Germany,Petrol,DEU
2024,789.12,Germany,Petrol,DEU
2024,775.67,Germany,Petrol,DEU
2024,785.76,Germany,Petrol,DEU
2024,777.35,Germany,Petrol,DEU
2024,782.4,Germany,Petrol,DEU
2024,775.67,Germany,Petrol,DEU
2024,749.62,Germany,Petrol,DEU
2024,757.19,Germany,Petrol,DEU
2024,745.42,Germany,Petrol,DEU
2024,750.46,Germany,Petrol,DEU
2024,756.35,Germany,Petrol,DEU
2024,742.06,Germany,Petrol,DEU
2023,767.02,Germany,Petrol,DEU
2023,756.09,Germany,Petrol,DEU
2023,773.74,Germany,Petrol,DEU
2023,792.23,Germany,Petrol,DEU
2023,801.47,Germany,Petrol,DEU
2023,800.63,Germany,Petrol,DEU
2023,819.96,Germany,Petrol,DEU
2023,836.76,Germany,Petrol,DEU
2023,819.12,Germany,Petrol,DEU
2023,846.85,Germany,Petrol,DEU
2023,849.37,Germany,Petrol,DEU
2023,856.93,Germany,Petrol,DEU
2023,893.91,Germany,Petrol,DEU
2023,909.03,Germany,Petrol,DEU
2023,915.76,Germany,Petrol,DEU
2023,908.19,Germany,Petrol,DEU
2023,898.11,Germany,Petrol,DEU
2023,899.79,Germany,Petrol,DEU
2023,882.98,Germany,Petrol,DEU
2023,887.18,Germany,Petrol,DEU
2023,877.1,Germany,Petrol,DEU
2023,881.3,Germany,Petrol,DEU
2023,852.73,Germany,Petrol,DEU
2023,835.08,Germany,Petrol,DEU
2023,835.08,Germany,Petrol,DEU
2023,831.72,Germany,Petrol,DEU
2023,829.2,Germany,Petrol,DEU
2023,837.6,Germany,Petrol,DEU
2023,839.28,Germany,Petrol,DEU
2023,829.2,Germany,Petrol,DEU
2023,846.01,Germany,Petrol,DEU
2023,832.56,Germany,Petrol,DEU
2023,819.96,Germany,Petrol,DEU
2023,814.07,Germany,Petrol,DEU
2023,830.04,Germany,Petrol,DEU
2023,825,Germany,Petrol,DEU
2023,856.93,Germany,Petrol,DEU
2023,857.77,Germany,Petrol,DEU
2023,824.16,Germany,Petrol,DEU
2023,806.51,Germany,Petrol,DEU
2023,786.34,Germany,Petrol,DEU
2023,816.6,Germany,Petrol,DEU
2023,823.32,Germany,Petrol,DEU
2023,804.83,Germany,Petrol,DEU
2023,805.67,Germany,Petrol,DEU
2023,813.23,Germany,Petrol,DEU
2023,791.39,Germany,Petrol,DEU
2023,827.52,Germany,Petrol,DEU
2023,812.39,Germany,Petrol,DEU
2023,790.55,Germany,Petrol,DEU
2023,772.9,Germany,Petrol,DEU
2023,731.72,Germany,Petrol,DEU
2022,813.57,Germany,Petrol,DEU
2022,800.96,Germany,Petrol,DEU
2022,787.52,Germany,Petrol,DEU
2022,858.95,Germany,Petrol,DEU
2022,873.23,Germany,Petrol,DEU
2022,904.32,Germany,Petrol,DEU
2022,961.47,Germany,Petrol,DEU
2022,1004.32,Germany,Petrol,DEU
2022,979.95,Germany,Petrol,DEU
2022,994.24,Germany,Petrol,DEU
2022,1036.26,Germany,Petrol,DEU
2022,1030.37,Germany,Petrol,DEU
2022,976.59,Germany,Petrol,DEU
2022,985,Germany,Petrol,DEU
2022,1013.57,Germany,Petrol,DEU
2022,1040.46,Germany,Petrol,DEU
2022,1083.32,Germany,Petrol,DEU
2022,1183.86,Germany,Petrol,DEU
2022,1146.88,Germany,Petrol,DEU
2022,1125.87,Germany,Petrol,DEU
2022,1119.99,Germany,Petrol,DEU
2022,1165.37,Germany,Petrol,DEU
2022,1167.89,Germany,Petrol,DEU
2022,1207.39,Germany,Petrol,DEU
2022,1224.19,Germany,Petrol,DEU
2022,1237.64,Germany,Petrol,DEU
2022,1262.01,Germany,Petrol,DEU
2022,1299.82,Germany,Petrol,DEU
2022,1327.55,Germany,Petrol,DEU
2022,1320.83,Germany,Petrol,DEU
2022,1188.36,Germany,Petrol,DEU
2022,1155.58,Germany,Petrol,DEU
2022,1136.26,Germany,Petrol,DEU
2022,1104.32,Germany,Petrol,DEU
2022,1075.75,Germany,Petrol,DEU
2022,1050.54,Germany,Petrol,DEU
2022,1048.02,Germany,Petrol,DEU
2022,1073.23,Germany,Petrol,DEU
2022,1132.05,Germany,Petrol,DEU
2022,1147.18,Germany,Petrol,DEU
2022,1243.82,Germany,Petrol,DEU
2022,1082.47,Germany,Petrol,DEU
2022,919.45,Germany,Petrol,DEU
2022,861.47,Germany,Petrol,DEU
2022,863.15,Germany,Petrol,DEU
2022,848.86,Germany,Petrol,DEU
2022,834.58,Germany,Petrol,DEU
2022,810.21,Germany,Petrol,DEU
2022,800.96,Germany,Petrol,DEU
2022,792.56,Germany,Petrol,DEU
2022,789.2,Germany,Petrol,DEU
2021,739.62,Germany,Petrol,DEU
2021,749.7,Germany,Petrol,DEU
2021,742.98,Germany,Petrol,DEU
2021,785.84,Germany,Petrol,DEU
2021,808.53,Germany,Petrol,DEU
2021,824.49,Germany,Petrol,DEU
2021,817.77,Germany,Petrol,DEU
2021,809.37,Germany,Petrol,DEU
2021,803.48,Germany,Petrol,DEU
2021,799.28,Germany,Petrol,DEU
2021,775.75,Germany,Petrol,DEU
2021,746.34,Germany,Petrol,DEU
2021,717.77,Germany,Petrol,DEU
2021,720.29,Germany,Petrol,DEU
2021,714.41,Germany,Petrol,DEU
2021,710.21,Germany,Petrol,DEU
2021,703.48,Germany,Petrol,DEU
2021,692.56,Germany,Petrol,DEU
2021,709.37,Germany,Petrol,DEU
2021,707.68,Germany,Petrol,DEU
2021,709.37,Germany,Petrol,DEU
2021,700.96,Germany,Petrol,DEU
2021,702.64,Germany,Petrol,DEU
2021,692.56,Germany,Petrol,DEU
2021,685,Germany,Petrol,DEU
2021,679.11,Germany,Petrol,DEU
2021,659.79,Germany,Petrol,DEU
2021,653.06,Germany,Petrol,DEU
2021,647.18,Germany,Petrol,DEU
2021,646.34,Germany,Petrol,DEU
2021,640.46,Germany,Petrol,DEU
2021,637.94,Germany,Petrol,DEU
2021,648.02,Germany,Petrol,DEU
2021,627.85,Germany,Petrol,DEU
2021,624.49,Germany,Petrol,DEU
2021,627.85,Germany,Petrol,DEU
2021,620.29,Germany,Petrol,DEU
2021,616.93,Germany,Petrol,DEU
2021,612.73,Germany,Petrol,DEU
2021,626.17,Germany,Petrol,DEU
2021,611.05,Germany,Petrol,DEU
2021,594.24,Germany,Petrol,DEU
2021,574.91,Germany,Petrol,DEU
2021,546.34,Germany,Petrol,DEU
2021,542.98,Germany,Petrol,DEU
2021,529.53,Germany,Petrol,DEU
2021,528.69,Germany,Petrol,DEU
2021,527.01,Germany,Petrol,DEU
2021,515.25,Germany,Petrol,DEU
2020,449.81,Germany,Petrol,DEU
2020,429.12,Germany,Petrol,DEU
2020,437.74,Germany,Petrol,DEU
2020,442.05,Germany,Petrol,DEU
2020,434.29,Germany,Petrol,DEU
2020,432.57,Germany,Petrol,DEU
2020,411.88,Germany,Petrol,DEU
2020,412.74,Germany,Petrol,DEU
2020,436.88,Germany,Petrol,DEU
2020,449.81,Germany,Petrol,DEU
2020,460.16,Germany,Petrol,DEU
2020,456.71,Germany,Petrol,DEU
2020,452.4,Germany,Petrol,DEU
2020,456.71,Germany,Petrol,DEU
2020,451.53,Germany,Petrol,DEU
2020,457.57,Germany,Petrol,DEU
2020,463.6,Germany,Petrol,DEU
2020,456.71,Germany,Petrol,DEU
2020,454.98,Germany,Petrol,DEU
2020,451.53,Germany,Petrol,DEU
2020,451.53,Germany,Petrol,DEU
2020,466.19,Germany,Petrol,DEU
2020,457.57,Germany,Petrol,DEU
2020,466.19,Germany,Petrol,DEU
2020,456.71,Germany,Petrol,DEU
2020,435.42,Germany,Petrol,DEU
2020,431.21,Germany,Petrol,DEU
2020,408.53,Germany,Petrol,DEU
2020,395.08,Germany,Petrol,DEU
2020,372.39,Germany,Petrol,DEU
2020,367.35,Germany,Petrol,DEU
2020,353.06,Germany,Petrol,DEU
2020,346.34,Germany,Petrol,DEU
2020,327.85,Germany,Petrol,DEU
2020,328.69,Germany,Petrol,DEU
2020,347.18,Germany,Petrol,DEU
2020,382.47,Germany,Petrol,DEU
2020,391.72,Germany,Petrol,DEU
2020,407.68,Germany,Petrol,DEU
2020,440.46,Germany,Petrol,DEU
2020,487.52,Germany,Petrol,DEU
2020,499.28,Germany,Petrol,DEU
2020,532.89,Germany,Petrol,DEU
2020,523.65,Germany,Petrol,DEU
2020,518.61,Germany,Petrol,DEU
2020,519.45,Germany,Petrol,DEU
2020,516.09,Germany,Petrol,DEU
2020,522.81,Germany,Petrol,DEU
2020,521.97,Germany,Petrol,DEU
2020,537.94,Germany,Petrol,DEU
2019,497.6,Germany,Petrol,DEU
2019,511.05,Germany,Petrol,DEU
2019,522.81,Germany,Petrol,DEU
2019,522.81,Germany,Petrol,DEU
2019,517.77,Germany,Petrol,DEU
2019,520.29,Germany,Petrol,DEU
2019,516.09,Germany,Petrol,DEU
2019,509.37,Germany,Petrol,DEU
2019,512.73,Germany,Petrol,DEU
2019,523.65,Germany,Petrol,DEU
2019,528.69,Germany,Petrol,DEU
2019,528.69,Germany,Petrol,DEU
2019,535.42,Germany,Petrol,DEU
2019,524.49,Germany,Petrol,DEU
2019,525.33,Germany,Petrol,DEU
2019,523.65,Germany,Petrol,DEU
2019,529.53,Germany,Petrol,DEU
2019,538.78,Germany,Petrol,DEU
2019,541.3,Germany,Petrol,DEU
2019,564.83,Germany,Petrol,DEU
2019,563.99,Germany,Petrol,DEU
2019,552.22,Germany,Petrol,DEU
2019,587.52,Germany,Petrol,DEU
2019,572.39,Germany,Petrol,DEU
2019,584.16,Germany,Petrol,DEU
2019,590.04,Germany,Petrol,DEU
2019,593.4,Germany,Petrol,DEU
2019,602.64,Germany,Petrol,DEU
2019,636.26,Germany,Petrol,DEU
2019,638.78,Germany,Petrol,DEU
2019,633.74,Germany,Petrol,DEU
2019,612.73,Germany,Petrol,DEU
2019,613.57,Germany,Petrol,DEU
2019,601.8,Germany,Petrol,DEU
2019,573.23,Germany,Petrol,DEU
2019,547.18,Germany,Petrol,DEU
2019,527.85,Germany,Petrol,DEU
2019,506.84,Germany,Petrol,DEU
2019,476.59,Germany,Petrol,DEU
2019,487.52,Germany,Petrol,DEU
2019,481.63,Germany,Petrol,DEU
2019,468.19,Germany,Petrol,DEU
2019,478.27,Germany,Petrol,DEU
2019,461.47,Germany,Petrol,DEU
2019,464.83,Germany,Petrol,DEU
2019,463.15,Germany,Petrol,DEU
2019,469.87,Germany,Petrol,DEU
2019,482.47,Germany,Petrol,DEU
2019,481.63,Germany,Petrol,DEU
2018,542.98,Germany,Petrol,DEU
2018,572.39,Germany,Petrol,DEU
2018,593.4,Germany,Petrol,DEU
2018,613.57,Germany,Petrol,DEU
2018,639.62,Germany,Petrol,DEU
2018,653.06,Germany,Petrol,DEU
2018,652.22,Germany,Petrol,DEU
2018,645.5,Germany,Petrol,DEU
2018,623.65,Germany,Petrol,DEU
2018,616.93,Germany,Petrol,DEU
2018,629.53,Germany,Petrol,DEU
2018,614.41,Germany,Petrol,DEU
2018,616.09,Germany,Petrol,DEU
2018,621.97,Germany,Petrol,DEU
2018,615.25,Germany,Petrol,DEU
2018,605.16,Germany,Petrol,DEU
2018,597.6,Germany,Petrol,DEU
2018,590.04,Germany,Petrol,DEU
2018,588.36,Germany,Petrol,DEU
2018,585,Germany,Petrol,DEU
2018,577.43,Germany,Petrol,DEU
2018,564.83,Germany,Petrol,DEU
2018,568.19,Germany,Petrol,DEU
2018,570.71,Germany,Petrol,DEU
2018,574.07,Germany,Petrol,DEU
2018,558.95,Germany,Petrol,DEU
2018,567.35,Germany,Petrol,DEU
2018,571.55,Germany,Petrol,DEU
2018,582.47,Germany,Petrol,DEU
2018,585,Germany,Petrol,DEU
2018,584.16,Germany,Petrol,DEU
2018,556.42,Germany,Petrol,DEU
2018,532.05,Germany,Petrol,DEU
2018,532.05,Germany,Petrol,DEU
2018,516.93,Germany,Petrol,DEU
2018,507.68,Germany,Petrol,DEU
2018,493.4,Germany,Petrol,DEU
2018,453.06,Germany,Petrol,DEU
2018,458.95,Germany,Petrol,DEU
2018,459.79,Germany,Petrol,DEU
2018,471.55,Germany,Petrol,DEU
2018,471.55,Germany,Petrol,DEU
2018,470.71,Germany,Petrol,DEU
2018,484.16,Germany,Petrol,DEU
2018,497.6,Germany,Petrol,DEU
2018,497.6,Germany,Petrol,DEU
2018,485,Germany,Petrol,DEU
2018,481.63,Germany,Petrol,DEU
2018,501.8,Germany,Petrol,DEU
2018,503.48,Germany,Petrol,DEU
2017,484.16,Germany,Petrol,DEU
2017,478.27,Germany,Petrol,DEU
2017,487.52,Germany,Petrol,DEU
2017,490.88,Germany,Petrol,DEU
2017,486.68,Germany,Petrol,DEU
2017,478.27,Germany,Petrol,DEU
2017,521.13,Germany,Petrol,DEU
2017,501.8,Germany,Petrol,DEU
2017,488.36,Germany,Petrol,DEU
2017,490.04,Germany,Petrol,DEU
2017,495.92,Germany,Petrol,DEU
2017,501.8,Germany,Petrol,DEU
2017,501.8,Germany,Petrol,DEU
2017,506,Germany,Petrol,DEU
2017,517.77,Germany,Petrol,DEU
2017,516.09,Germany,Petrol,DEU
2017,490.04,Germany,Petrol,DEU
2017,479.95,Germany,Petrol,DEU
2017,485,Germany,Petrol,DEU
2017,484.16,Germany,Petrol,DEU
2017,478.27,Germany,Petrol,DEU
2017,477.43,Germany,Petrol,DEU
2017,479.11,Germany,Petrol,DEU
2017,473.23,Germany,Petrol,DEU
2017,474.91,Germany,Petrol,DEU
2017,474.91,Germany,Petrol,DEU
2017,482.47,Germany,Petrol,DEU
2017,490.04,Germany,Petrol,DEU
2017,502.64,Germany,Petrol,DEU
2017,506,Germany,Petrol,DEU
2017,502.64,Germany,Petrol,DEU
2017,501.8,Germany,Petrol,DEU
2017,493.4,Germany,Petrol,DEU
2017,511.89,Germany,Petrol,DEU
2017,522.81,Germany,Petrol,DEU
2017,524.49,Germany,Petrol,DEU
2017,507.68,Germany,Petrol,DEU
2017,489.2,Germany,Petrol,DEU
2017,490.04,Germany,Petrol,DEU
2017,506,Germany,Petrol,DEU
2017,512.73,Germany,Petrol,DEU
2017,525.33,Germany,Petrol,DEU
2017,528.69,Germany,Petrol,DEU
2017,529.53,Germany,Petrol,DEU
2017,523.65,Germany,Petrol,DEU
2017,519.45,Germany,Petrol,DEU
2017,516.09,Germany,Petrol,DEU
2017,520.29,Germany,Petrol,DEU
2017,524.49,Germany,Petrol,DEU
2017,526.17,Germany,Petrol,DEU
2025,874.5960875802796,Denmark,Petrol,DNK
2025,906.5319089044675,Denmark,Petrol,DNK
2025,917.3291151118678,Denmark,Petrol,DNK
2025,917.4890056848654,Denmark,Petrol,DNK
2025,917.0709480286257,Denmark,Petrol,DNK
2025,916.9849246231155,Denmark,Petrol,DNK
2025,917.1569875755586,Denmark,Petrol,DNK
2025,906.5076067287715,Denmark,Petrol,DNK
2025,906.6777493263262,Denmark,Petrol,DNK
2024,868.3109919571046,Denmark,Petrol,DNK
2024,868.4506891188931,Denmark,Petrol,DNK
2024,868.4506891188931,Denmark,Petrol,DNK
2024,857.840113706455,Denmark,Petrol,DNK
2024,857.7826046149926,Denmark,Petrol,DNK
2024,868.4739763494491,Denmark,Petrol,DNK
2024,857.6906061052943,Denmark,Petrol,DNK
2024,857.8861265320354,Denmark,Petrol,DNK
2024,847.1130896511036,Denmark,Petrol,DNK
2024,825.5815512502514,Denmark,Petrol,DNK
2024,868.4623325780632,Denmark,Petrol,DNK
2024,878.8816962191576,Denmark,Petrol,DNK
2024,847.1812476532747,Denmark,Petrol,DNK
2024,825.8583690987124,Denmark,Petrol,DNK
2024,879.2587924538421,Denmark,Petrol,DNK
2024,835.9041020624221,Denmark,Petrol,DNK
2024,825.2385547335692,Denmark,Petrol,DNK
2024,868.4623325780632,Denmark,Petrol,DNK
2024,907.8675780726444,Denmark,Petrol,DNK
2024,920.6604481612522,Denmark,Petrol,DNK
2024,1000.9111861499706,Denmark,Petrol,DNK
2024,1001.192917554653,Denmark,Petrol,DNK
2024,952.7102177554439,Denmark,Petrol,DNK
2024,963.5725199024313,Denmark,Petrol,DNK
2024,973.2221835044362,Denmark,Petrol,DNK
2024,984.313410023329,Denmark,Petrol,DNK
2024,973.5875365350067,Denmark,Petrol,DNK
2024,930.5967047846314,Denmark,Petrol,DNK
2024,930.4719649343859,Denmark,Petrol,DNK
2024,919.8841698841699,Denmark,Petrol,DNK
2024,930.6341332618315,Denmark,Petrol,DNK
2024,940.9935807234083,Denmark,Petrol,DNK
2024,951.8167562423772,Denmark,Petrol,DNK
2024,951.855028951319,Denmark,Petrol,DNK
2024,962.8229363579081,Denmark,Petrol,DNK
2024,995.105992142771,Denmark,Petrol,DNK
2024,994.6525497554112,Denmark,Petrol,DNK
2024,994.7725384017372,Denmark,Petrol,DNK
2024,984.2078451349975,Denmark,Petrol,DNK
2024,984.2738205365404,Denmark,Petrol,DNK
2024,962.87,Denmark,Petrol,DNK
2024,941.57,Denmark,Petrol,DNK
2024,920.38,Denmark,Petrol,DNK
2024,931.27,Denmark,Petrol,DNK
2024,920.5,Denmark,Petrol,DNK
2024,941.9,Denmark,Petrol,DNK
2024,920.43,Denmark,Petrol,DNK
2024,898.82,Denmark,Petrol,DNK
2024,920.55,Denmark,Petrol,DNK
2024,887.79,Denmark,Petrol,DNK
2024,877.01,Denmark,Petrol,DNK
2024,865.99,Denmark,Petrol,DNK
2024,862.7,Denmark,Petrol,DNK
2023,861.86,Denmark,Petrol,DNK
2023,840.52,Denmark,Petrol,DNK
2023,840.36,Denmark,Petrol,DNK
2023,872.54,Denmark,Petrol,DNK
2023,872.66,Denmark,Petrol,DNK
2023,883.26,Denmark,Petrol,DNK
2023,915.04,Denmark,Petrol,DNK
2023,947.35,Denmark,Petrol,DNK
2023,968.13,Denmark,Petrol,DNK
2023,978.91,Denmark,Petrol,DNK
2023,925.84,Denmark,Petrol,DNK
2023,969.01,Denmark,Petrol,DNK
2023,1033.18,Denmark,Petrol,DNK
2023,1033.38,Denmark,Petrol,DNK
2023,1033.65,Denmark,Petrol,DNK
2023,1011.77,Denmark,Petrol,DNK
2023,1023.25,Denmark,Petrol,DNK
2023,1044.68,Denmark,Petrol,DNK
2023,1023.29,Denmark,Petrol,DNK
2023,1001.95,Denmark,Petrol,DNK
2023,991.21,Denmark,Petrol,DNK
2023,1001.76,Denmark,Petrol,DNK
2023,948.28,Denmark,Petrol,DNK
2023,926.93,Denmark,Petrol,DNK
2023,905.36,Denmark,Petrol,DNK
2023,895.15,Denmark,Petrol,DNK
2023,906.01,Denmark,Petrol,DNK
2023,914.12,Denmark,Petrol,DNK
2023,924.58,Denmark,Petrol,DNK
2023,914.29,Denmark,Petrol,DNK
2023,924.93,Denmark,Petrol,DNK
2023,914.36,Denmark,Petrol,DNK
2023,892.97,Denmark,Petrol,DNK
2023,892.94,Denmark,Petrol,DNK
2023,945.83,Denmark,Petrol,DNK
2023,924.46,Denmark,Petrol,DNK
2023,967.53,Denmark,Petrol,DNK
2023,978.39,Denmark,Petrol,DNK
2023,967.73,Denmark,Petrol,DNK
2023,967.59,Denmark,Petrol,DNK
2023,914.71,Denmark,Petrol,DNK
2023,947.02,Denmark,Petrol,DNK
2023,947.29,Denmark,Petrol,DNK
2023,925.75,Denmark,Petrol,DNK
2023,946.8,Denmark,Petrol,DNK
2023,925.02,Denmark,Petrol,DNK
2023,947.17,Denmark,Petrol,DNK
2023,990.82,Denmark,Petrol,DNK
2023,969.18,Denmark,Petrol,DNK
2023,947.68,Denmark,Petrol,DNK
2023,894.13,Denmark,Petrol,DNK
2023,913.49,Denmark,Petrol,DNK
2022,830.64,Denmark,Petrol,DNK
2022,849.26,Denmark,Petrol,DNK
2022,849.3,Denmark,Petrol,DNK
2022,924.71,Denmark,Petrol,DNK
2022,913.98,Denmark,Petrol,DNK
2022,956.88,Denmark,Petrol,DNK
2022,1021.35,Denmark,Petrol,DNK
2022,1064.21,Denmark,Petrol,DNK
2022,1031.24,Denmark,Petrol,DNK
2022,1042.82,Denmark,Petrol,DNK
2022,1128.95,Denmark,Petrol,DNK
2022,1075.1,Denmark,Petrol,DNK
2022,1021.57,Denmark,Petrol,DNK
2022,994.69,Denmark,Petrol,DNK
2022,999.96,Denmark,Petrol,DNK
2022,967.79,Denmark,Petrol,DNK
2022,1000.08,Denmark,Petrol,DNK
2022,1064.41,Denmark,Petrol,DNK
2022,1064.54,Denmark,Petrol,DNK
2022,1064.5,Denmark,Petrol,DNK
2022,1040.39,Denmark,Petrol,DNK
2022,1147.11,Denmark,Petrol,DNK
2022,1125.74,Denmark,Petrol,DNK
2022,1168.94,Denmark,Petrol,DNK
2022,1233.77,Denmark,Petrol,DNK
2022,1277.17,Denmark,Petrol,DNK
2022,1319.88,Denmark,Petrol,DNK
2022,1320.26,Denmark,Petrol,DNK
2022,1364.17,Denmark,Petrol,DNK
2022,1407.31,Denmark,Petrol,DNK
2022,1299.75,Denmark,Petrol,DNK
2022,1224.11,Denmark,Petrol,DNK
2022,1148.78,Denmark,Petrol,DNK
2022,1138.54,Denmark,Petrol,DNK
2022,1116.94,Denmark,Petrol,DNK
2022,1041.66,Denmark,Petrol,DNK
2022,988.1,Denmark,Petrol,DNK
2022,1041.74,Denmark,Petrol,DNK
2022,1073.89,Denmark,Petrol,DNK
2022,1009.12,Denmark,Petrol,DNK
2022,1030.71,Denmark,Petrol,DNK
2022,1030.7,Denmark,Petrol,DNK
2022,932.88,Denmark,Petrol,DNK
2022,900.71,Denmark,Petrol,DNK
2022,889.79,Denmark,Petrol,DNK
2022,867.91,Denmark,Petrol,DNK
2022,857.44,Denmark,Petrol,DNK
2022,846.56,Denmark,Petrol,DNK
2022,825.21,Denmark,Petrol,DNK
2022,814.86,Denmark,Petrol,DNK
2022,814.85,Denmark,Petrol,DNK
2021,785.2,Denmark,Petrol,DNK
2021,795.97,Denmark,Petrol,DNK
2021,752.94,Denmark,Petrol,DNK
2021,830.34,Denmark,Petrol,DNK
2021,841.09,Denmark,Petrol,DNK
2021,884.03,Denmark,Petrol,DNK
2021,873.18,Denmark,Petrol,DNK
2021,840.77,Denmark,Petrol,DNK
2021,829.98,Denmark,Petrol,DNK
2021,819.22,Denmark,Petrol,DNK
2021,797.59,Denmark,Petrol,DNK
2021,787.24,Denmark,Petrol,DNK
2021,744.35,Denmark,Petrol,DNK
2021,744.36,Denmark,Petrol,DNK
2021,744.33,Denmark,Petrol,DNK
2021,744.35,Denmark,Petrol,DNK
2021,733.58,Denmark,Petrol,DNK
2021,714.14,Denmark,Petrol,DNK
2021,733.52,Denmark,Petrol,DNK
2021,735.65,Denmark,Petrol,DNK
2021,735.54,Denmark,Petrol,DNK
2021,724.87,Denmark,Petrol,DNK
2021,735.58,Denmark,Petrol,DNK
2021,724.84,Denmark,Petrol,DNK
2021,724.99,Denmark,Petrol,DNK
2021,714.14,Denmark,Petrol,DNK
2021,692.67,Denmark,Petrol,DNK
2021,713.14,Denmark,Petrol,DNK
2021,487.17,Denmark,Petrol,DNK
2021,691.59,Denmark,Petrol,DNK
2021,682.99,Denmark,Petrol,DNK
2021,691.61,Denmark,Petrol,DNK
2021,691.63,Denmark,Petrol,DNK
2021,680.83,Denmark,Petrol,DNK
2021,680.86,Denmark,Petrol,DNK
2021,680.84,Denmark,Petrol,DNK
2021,670.04,Denmark,Petrol,DNK
2021,670.12,Denmark,Petrol,DNK
2021,670.12,Denmark,Petrol,DNK
2021,680.86,Denmark,Petrol,DNK
2021,659.34,Denmark,Petrol,DNK
2021,530.26,Denmark,Petrol,DNK
2021,627.04,Denmark,Petrol,DNK
2021,605.52,Denmark,Petrol,DNK
2021,605.53,Denmark,Petrol,DNK
2021,583.95,Denmark,Petrol,DNK
2021,583.69,Denmark,Petrol,DNK
2021,583.79,Denmark,Petrol,DNK
2021,573.2,Denmark,Petrol,DNK
2020,546.09,Denmark,Petrol,DNK
2020,556.7,Denmark,Petrol,DNK
2020,545.86,Denmark,Petrol,DNK
2020,535.26,Denmark,Petrol,DNK
2020,513.35,Denmark,Petrol,DNK
2020,524.03,Denmark,Petrol,DNK
2020,502.58,Denmark,Petrol,DNK
2020,502.72,Denmark,Petrol,DNK
2020,535.26,Denmark,Petrol,DNK
2020,546.03,Denmark,Petrol,DNK
2020,567.38,Denmark,Petrol,DNK
2020,556.85,Denmark,Petrol,DNK
2020,556.41,Denmark,Petrol,DNK
2020,578.3,Denmark,Petrol,DNK
2020,556.87,Denmark,Petrol,DNK
2020,556.77,Denmark,Petrol,DNK
2020,567.31,Denmark,Petrol,DNK
2020,567.34,Denmark,Petrol,DNK
2020,556.33,Denmark,Petrol,DNK
2020,541.23,Denmark,Petrol,DNK
2020,519.83,Denmark,Petrol,DNK
2020,541.54,Denmark,Petrol,DNK
2020,530.48,Denmark,Petrol,DNK
2020,552.2,Denmark,Petrol,DNK
2020,540.96,Denmark,Petrol,DNK
2020,519.38,Denmark,Petrol,DNK
2020,540.76,Denmark,Petrol,DNK
2020,496.65,Denmark,Petrol,DNK
2020,485.95,Denmark,Petrol,DNK
2020,464.53,Denmark,Petrol,DNK
2020,464.41,Denmark,Petrol,DNK
2020,443.07,Denmark,Petrol,DNK
2020,432.07,Denmark,Petrol,DNK
2020,410.47,Denmark,Petrol,DNK
2020,389.19,Denmark,Petrol,DNK
2020,399.95,Denmark,Petrol,DNK
2020,399.54,Denmark,Petrol,DNK
2020,431.65,Denmark,Petrol,DNK
2020,442.13,Denmark,Petrol,DNK
2020,495.51,Denmark,Petrol,DNK
2020,599.64,Denmark,Petrol,DNK
2020,620.77,Denmark,Petrol,DNK
2020,663.86,Denmark,Petrol,DNK
2020,642.43,Denmark,Petrol,DNK
2020,631.52,Denmark,Petrol,DNK
2020,652.89,Denmark,Petrol,DNK
2020,674.31,Denmark,Petrol,DNK
2020,685.04,Denmark,Petrol,DNK
2020,695.69,Denmark,Petrol,DNK
2020,717.1,Denmark,Petrol,DNK
2019,677.5,Denmark,Petrol,DNK
2019,666.86,Denmark,Petrol,DNK
2019,670.17,Denmark,Petrol,DNK
2019,659.43,Denmark,Petrol,DNK
2019,670.05,Denmark,Petrol,DNK
2019,659.38,Denmark,Petrol,DNK
2019,648.75,Denmark,Petrol,DNK
2019,648.8,Denmark,Petrol,DNK
2019,659.5,Denmark,Petrol,DNK
2019,638.25,Denmark,Petrol,DNK
2019,659.76,Denmark,Petrol,DNK
2019,712.41,Denmark,Petrol,DNK
2019,712.39,Denmark,Petrol,DNK
2019,638.41,Denmark,Petrol,DNK
2019,660.47,Denmark,Petrol,DNK
2019,650.05,Denmark,Petrol,DNK
2019,650.05,Denmark,Petrol,DNK
2019,649.89,Denmark,Petrol,DNK
2019,649.44,Denmark,Petrol,DNK
2019,692.09,Denmark,Petrol,DNK
2019,692,Denmark,Petrol,DNK
2019,670.64,Denmark,Petrol,DNK
2019,702.7,Denmark,Petrol,DNK
2019,681.62,Denmark,Petrol,DNK
2019,681.47,Denmark,Petrol,DNK
2019,659.9,Denmark,Petrol,DNK
2019,659.8,Denmark,Petrol,DNK
2019,659.73,Denmark,Petrol,DNK
2019,724.02,Denmark,Petrol,DNK
2019,734.66,Denmark,Petrol,DNK
2019,734.73,Denmark,Petrol,DNK
2019,711.28,Denmark,Petrol,DNK
2019,722.05,Denmark,Petrol,DNK
2019,732.87,Denmark,Petrol,DNK
2019,711.56,Denmark,Petrol,DNK
2019,700.73,Denmark,Petrol,DNK
2019,668.67,Denmark,Petrol,DNK
2019,668.62,Denmark,Petrol,DNK
2019,636.68,Denmark,Petrol,DNK
2019,626.07,Denmark,Petrol,DNK
2019,615.28,Denmark,Petrol,DNK
2019,615.29,Denmark,Petrol,DNK
2019,609.89,Denmark,Petrol,DNK
2019,577.6,Denmark,Petrol,DNK
2019,577.46,Denmark,Petrol,DNK
2019,579.62,Denmark,Petrol,DNK
2019,579.57,Denmark,Petrol,DNK
2019,579.72,Denmark,Petrol,DNK
2019,568.73,Denmark,Petrol,DNK
2018,583.59,Denmark,Petrol,DNK
2018,583.74,Denmark,Petrol,DNK
2018,562.43,Denmark,Petrol,DNK
2018,585.03,Denmark,Petrol,DNK
2018,627.81,Denmark,Petrol,DNK
2018,638.77,Denmark,Petrol,DNK
2018,670.95,Denmark,Petrol,DNK
2018,662.21,Denmark,Petrol,DNK
2018,673.03,Denmark,Petrol,DNK
2018,683.7,Denmark,Petrol,DNK
2018,726.69,Denmark,Petrol,DNK
2018,703.49,Denmark,Petrol,DNK
2018,703.11,Denmark,Petrol,DNK
2018,703.14,Denmark,Petrol,DNK
2018,703.28,Denmark,Petrol,DNK
2018,714.42,Denmark,Petrol,DNK
2018,703.25,Denmark,Petrol,DNK
2018,703.2,Denmark,Petrol,DNK
2018,703.69,Denmark,Petrol,DNK
2018,714.57,Denmark,Petrol,DNK
2018,706.24,Denmark,Petrol,DNK
2018,706.09,Denmark,Petrol,DNK
2018,694.98,Denmark,Petrol,DNK
2018,695.12,Denmark,Petrol,DNK
2018,695.4,Denmark,Petrol,DNK
2018,673.81,Denmark,Petrol,DNK
2018,684.7,Denmark,Petrol,DNK
2018,695.51,Denmark,Petrol,DNK
2018,706.8,Denmark,Petrol,DNK
2018,717.16,Denmark,Petrol,DNK
2018,717.19,Denmark,Petrol,DNK
2018,695.39,Denmark,Petrol,DNK
2018,663.35,Denmark,Petrol,DNK
2018,641.74,Denmark,Petrol,DNK
2018,641.94,Denmark,Petrol,DNK
2018,631.24,Denmark,Petrol,DNK
2018,620.53,Denmark,Petrol,DNK
2018,620.42,Denmark,Petrol,DNK
2018,588.18,Denmark,Petrol,DNK
2018,566.61,Denmark,Petrol,DNK
2018,577.56,Denmark,Petrol,DNK
2018,577.63,Denmark,Petrol,DNK
2018,577.47,Denmark,Petrol,DNK
2018,595.91,Denmark,Petrol,DNK
2018,606.85,Denmark,Petrol,DNK
2018,617.65,Denmark,Petrol,DNK
2018,606.78,Denmark,Petrol,DNK
2018,606.34,Denmark,Petrol,DNK
2018,606.58,Denmark,Petrol,DNK
2018,617.47,Denmark,Petrol,DNK
2017,610.16,Denmark,Petrol,DNK
2017,588.72,Denmark,Petrol,DNK
2017,599.59,Denmark,Petrol,DNK
2017,599.54,Denmark,Petrol,DNK
2017,588.87,Denmark,Petrol,DNK
2017,588.85,Denmark,Petrol,DNK
2017,570.55,Denmark,Petrol,DNK
2017,592.12,Denmark,Petrol,DNK
2017,559.67,Denmark,Petrol,DNK
2017,559.65,Denmark,Petrol,DNK
2017,581.22,Denmark,Petrol,DNK
2017,581.31,Denmark,Petrol,DNK
2017,588.96,Denmark,Petrol,DNK
2017,599.6,Denmark,Petrol,DNK
2017,610.51,Denmark,Petrol,DNK
2017,621.48,Denmark,Petrol,DNK
2017,556.77,Denmark,Petrol,DNK
2017,546.17,Denmark,Petrol,DNK
2017,547.29,Denmark,Petrol,DNK
2017,568.67,Denmark,Petrol,DNK
2017,558.07,Denmark,Petrol,DNK
2017,558.09,Denmark,Petrol,DNK
2017,558.06,Denmark,Petrol,DNK
2017,547.29,Denmark,Petrol,DNK
2017,547.29,Denmark,Petrol,DNK
2017,547.31,Denmark,Petrol,DNK
2017,547.26,Denmark,Petrol,DNK
2017,558.04,Denmark,Petrol,DNK
2017,579.32,Denmark,Petrol,DNK
2017,579.26,Denmark,Petrol,DNK
2017,579.05,Denmark,Petrol,DNK
2017,559.98,Denmark,Petrol,DNK
2017,560.04,Denmark,Petrol,DNK
2017,592.34,Denmark,Petrol,DNK
2017,603.04,Denmark,Petrol,DNK
2017,608.64,Denmark,Petrol,DNK
2017,576.28,Denmark,Petrol,DNK
2017,559.92,Denmark,Petrol,DNK
2017,560.35,Denmark,Petrol,DNK
2017,587.3,Denmark,Petrol,DNK
2017,603.47,Denmark,Petrol,DNK
2017,592.75,Denmark,Petrol,DNK
2017,597.04,Denmark,Petrol,DNK
2017,596.83,Denmark,Petrol,DNK
2017,596.73,Denmark,Petrol,DNK
2017,596.71,Denmark,Petrol,DNK
2017,586.05,Denmark,Petrol,DNK
2017,586.06,Denmark,Petrol,DNK
2017,586.23,Denmark,Petrol,DNK
2017,589.38,Denmark,Petrol,DNK
2025,827,Estonia,Petrol,EST
2025,804.5,Estonia,Petrol,EST
2025,812.83,Estonia,Petrol,EST
2025,805.33,Estonia,Petrol,EST
2025,805.33,Estonia,Petrol,EST
2025,832,Estonia,Petrol,EST
2025,802,Estonia,Petrol,EST
2025,802,Estonia,Petrol,EST
2025,802,Estonia,Petrol,EST
2024,795.33,Estonia,Petrol,EST
2024,799.5,Estonia,Petrol,EST
2024,771.17,Estonia,Petrol,EST
2024,787,Estonia,Petrol,EST
2024,788.67,Estonia,Petrol,EST
2024,788.67,Estonia,Petrol,EST
2024,752.83,Estonia,Petrol,EST
2024,752,Estonia,Petrol,EST
2024,746.17,Estonia,Petrol,EST
2024,777.83,Estonia,Petrol,EST
2024,758.67,Estonia,Petrol,EST
2024,743.67,Estonia,Petrol,EST
2024,737.83,Estonia,Petrol,EST
2024,743.67,Estonia,Petrol,EST
2024,747,Estonia,Petrol,EST
2024,747,Estonia,Petrol,EST
2024,774.5,Estonia,Petrol,EST
2024,811.17,Estonia,Petrol,EST
2024,828.67,Estonia,Petrol,EST
2024,828.67,Estonia,Petrol,EST
2024,847,Estonia,Petrol,EST
2024,869.5,Estonia,Petrol,EST
2024,873.67,Estonia,Petrol,EST
2024,883.67,Estonia,Petrol,EST
2024,888.67,Estonia,Petrol,EST
2024,872.83,Estonia,Petrol,EST
2024,832.83,Estonia,Petrol,EST
2024,841.17,Estonia,Petrol,EST
2024,896.17,Estonia,Petrol,EST
2024,901.17,Estonia,Petrol,EST
2024,894.5,Estonia,Petrol,EST
2024,897,Estonia,Petrol,EST
2024,883.67,Estonia,Petrol,EST
2024,917.83,Estonia,Petrol,EST
2024,918.67,Estonia,Petrol,EST
2024,932,Estonia,Petrol,EST
2024,943.67,Estonia,Petrol,EST
2024,890.33,Estonia,Petrol,EST
2024,941.17,Estonia,Petrol,EST
2024,922,Estonia,Petrol,EST
2024,864.5,Estonia,Petrol,EST
2024,847,Estonia,Petrol,EST
2024,849.5,Estonia,Petrol,EST
2024,868.67,Estonia,Petrol,EST
2024,833.67,Estonia,Petrol,EST
2024,781.17,Estonia,Petrol,EST
2024,811.17,Estonia,Petrol,EST
2024,823.67,Estonia,Petrol,EST
2024,827.83,Estonia,Petrol,EST
2024,827.83,Estonia,Petrol,EST
2024,819.5,Estonia,Petrol,EST
2024,817.83,Estonia,Petrol,EST
2024,786.17,Estonia,Petrol,EST
2023,786.17,Estonia,Petrol,EST
2023,786.17,Estonia,Petrol,EST
2023,792,Estonia,Petrol,EST
2023,761.17,Estonia,Petrol,EST
2023,784.5,Estonia,Petrol,EST
2023,785.33,Estonia,Petrol,EST
2023,815.33,Estonia,Petrol,EST
2023,883.67,Estonia,Petrol,EST
2023,870.33,Estonia,Petrol,EST
2023,905.33,Estonia,Petrol,EST
2023,921.17,Estonia,Petrol,EST
2023,926.17,Estonia,Petrol,EST
2023,952,Estonia,Petrol,EST
2023,952,Estonia,Petrol,EST
2023,924.5,Estonia,Petrol,EST
2023,924.5,Estonia,Petrol,EST
2023,933.67,Estonia,Petrol,EST
2023,922.83,Estonia,Petrol,EST
2023,919.5,Estonia,Petrol,EST
2023,919.5,Estonia,Petrol,EST
2023,867.83,Estonia,Petrol,EST
2023,867.83,Estonia,Petrol,EST
2023,850.33,Estonia,Petrol,EST
2023,851.17,Estonia,Petrol,EST
2023,851.17,Estonia,Petrol,EST
2023,851.17,Estonia,Petrol,EST
2023,851.17,Estonia,Petrol,EST
2023,851.17,Estonia,Petrol,EST
2023,851.17,Estonia,Petrol,EST
2023,851.17,Estonia,Petrol,EST
2023,851.17,Estonia,Petrol,EST
2023,851.17,Estonia,Petrol,EST
2023,852,Estonia,Petrol,EST
2023,852,Estonia,Petrol,EST
2023,867.83,Estonia,Petrol,EST
2023,909.5,Estonia,Petrol,EST
2023,844.5,Estonia,Petrol,EST
2023,844.5,Estonia,Petrol,EST
2023,840.33,Estonia,Petrol,EST
2023,835.33,Estonia,Petrol,EST
2023,835.33,Estonia,Petrol,EST
2023,876.17,Estonia,Petrol,EST
2023,876.17,Estonia,Petrol,EST
2023,876.17,Estonia,Petrol,EST
2023,876.17,Estonia,Petrol,EST
2023,876.17,Estonia,Petrol,EST
2023,927.83,Estonia,Petrol,EST
2023,920.33,Estonia,Petrol,EST
2023,888.67,Estonia,Petrol,EST
2023,864.5,Estonia,Petrol,EST
2023,864.5,Estonia,Petrol,EST
2023,869.5,Estonia,Petrol,EST
2022,862.83,Estonia,Petrol,EST
2022,852,Estonia,Petrol,EST
2022,901.17,Estonia,Petrol,EST
2022,934.5,Estonia,Petrol,EST
2022,934.5,Estonia,Petrol,EST
2022,832.83,Estonia,Petrol,EST
2022,1011.17,Estonia,Petrol,EST
2022,1012,Estonia,Petrol,EST
2022,1042,Estonia,Petrol,EST
2022,1042.83,Estonia,Petrol,EST
2022,1042.83,Estonia,Petrol,EST
2022,1001.17,Estonia,Petrol,EST
2022,934.5,Estonia,Petrol,EST
2022,959.5,Estonia,Petrol,EST
2022,959.5,Estonia,Petrol,EST
2022,1017.83,Estonia,Petrol,EST
2022,1017.83,Estonia,Petrol,EST
2022,1017.83,Estonia,Petrol,EST
2022,1017,Estonia,Petrol,EST
2022,1017.83,Estonia,Petrol,EST
2022,1046.17,Estonia,Petrol,EST
2022,1067.83,Estonia,Petrol,EST
2022,902,Estonia,Petrol,EST
2022,1107,Estonia,Petrol,EST
2022,1142.83,Estonia,Petrol,EST
2022,1244.5,Estonia,Petrol,EST
2022,1226.17,Estonia,Petrol,EST
2022,1244.5,Estonia,Petrol,EST
2022,1202.83,Estonia,Petrol,EST
2022,1197,Estonia,Petrol,EST
2022,1112.83,Estonia,Petrol,EST
2022,1099.5,Estonia,Petrol,EST
2022,1067,Estonia,Petrol,EST
2022,1015.33,Estonia,Petrol,EST
2022,1015.33,Estonia,Petrol,EST
2022,965.33,Estonia,Petrol,EST
2022,924.5,Estonia,Petrol,EST
2022,972.83,Estonia,Petrol,EST
2022,994.5,Estonia,Petrol,EST
2022,965.33,Estonia,Petrol,EST
2022,1045.33,Estonia,Petrol,EST
2022,917,Estonia,Petrol,EST
2022,842.83,Estonia,Petrol,EST
2022,823.67,Estonia,Petrol,EST
2022,810.33,Estonia,Petrol,EST
2022,800.33,Estonia,Petrol,EST
2022,783.67,Estonia,Petrol,EST
2022,758.67,Estonia,Petrol,EST
2022,757,Estonia,Petrol,EST
2022,724.5,Estonia,Petrol,EST
2022,772,Estonia,Petrol,EST
2021,697,Estonia,Petrol,EST
2021,709.5,Estonia,Petrol,EST
2021,726.17,Estonia,Petrol,EST
2021,720.33,Estonia,Petrol,EST
2021,752.83,Estonia,Petrol,EST
2021,747.83,Estonia,Petrol,EST
2021,747.83,Estonia,Petrol,EST
2021,745.33,Estonia,Petrol,EST
2021,748.67,Estonia,Petrol,EST
2021,727,Estonia,Petrol,EST
2021,709.5,Estonia,Petrol,EST
2021,677,Estonia,Petrol,EST
2021,661.17,Estonia,Petrol,EST
2021,648.67,Estonia,Petrol,EST
2021,645.33,Estonia,Petrol,EST
2021,645.33,Estonia,Petrol,EST
2021,645.33,Estonia,Petrol,EST
2021,650.33,Estonia,Petrol,EST
2021,642.83,Estonia,Petrol,EST
2021,642.83,Estonia,Petrol,EST
2021,644.5,Estonia,Petrol,EST
2021,644.5,Estonia,Petrol,EST
2021,655.33,Estonia,Petrol,EST
2021,655.33,Estonia,Petrol,EST
2021,625.33,Estonia,Petrol,EST
2021,625.33,Estonia,Petrol,EST
2021,616.17,Estonia,Petrol,EST
2021,616.17,Estonia,Petrol,EST
2021,594.5,Estonia,Petrol,EST
2021,594.5,Estonia,Petrol,EST
2021,597.83,Estonia,Petrol,EST
2021,574.5,Estonia,Petrol,EST
2021,587,Estonia,Petrol,EST
2021,582.83,Estonia,Petrol,EST
2021,582.83,Estonia,Petrol,EST
2021,582.83,Estonia,Petrol,EST
2021,582.83,Estonia,Petrol,EST
2021,582.83,Estonia,Petrol,EST
2021,587.83,Estonia,Petrol,EST
2021,558.67,Estonia,Petrol,EST
2021,558.67,Estonia,Petrol,EST
2021,567.83,Estonia,Petrol,EST
2021,542,Estonia,Petrol,EST
2021,534.5,Estonia,Petrol,EST
2021,501.17,Estonia,Petrol,EST
2021,501.17,Estonia,Petrol,EST
2021,501.17,Estonia,Petrol,EST
2021,498.67,Estonia,Petrol,EST
2021,473.67,Estonia,Petrol,EST
2020,473.67,Estonia,Petrol,EST
2020,473.67,Estonia,Petrol,EST
2020,461.17,Estonia,Petrol,EST
2020,461.17,Estonia,Petrol,EST
2020,461.17,Estonia,Petrol,EST
2020,461.17,Estonia,Petrol,EST
2020,461.17,Estonia,Petrol,EST
2020,461.17,Estonia,Petrol,EST
2020,461.17,Estonia,Petrol,EST
2020,461.17,Estonia,Petrol,EST
2020,461.17,Estonia,Petrol,EST
2020,461.17,Estonia,Petrol,EST
2020,481.17,Estonia,Petrol,EST
2020,481.17,Estonia,Petrol,EST
2020,481.17,Estonia,Petrol,EST
2020,481.17,Estonia,Petrol,EST
2020,481.17,Estonia,Petrol,EST
2020,481.17,Estonia,Petrol,EST
2020,481.17,Estonia,Petrol,EST
2020,481.17,Estonia,Petrol,EST
2020,481.17,Estonia,Petrol,EST
2020,479.5,Estonia,Petrol,EST
2020,482.83,Estonia,Petrol,EST
2020,466.17,Estonia,Petrol,EST
2020,432,Estonia,Petrol,EST
2020,432,Estonia,Petrol,EST
2020,432,Estonia,Petrol,EST
2020,432,Estonia,Petrol,EST
2020,417,Estonia,Petrol,EST
2020,417.83,Estonia,Petrol,EST
2020,392.83,Estonia,Petrol,EST
2020,392,Estonia,Petrol,EST
2020,392,Estonia,Petrol,EST
2020,392.83,Estonia,Petrol,EST
2020,436.17,Estonia,Petrol,EST
2020,436.17,Estonia,Petrol,EST
2020,477,Estonia,Petrol,EST
2020,477,Estonia,Petrol,EST
2020,477.83,Estonia,Petrol,EST
2020,519.5,Estonia,Petrol,EST
2020,519.5,Estonia,Petrol,EST
2020,572.83,Estonia,Petrol,EST
2020,591.17,Estonia,Petrol,EST
2020,592,Estonia,Petrol,EST
2020,535.33,Estonia,Petrol,EST
2020,557.83,Estonia,Petrol,EST
2020,616.17,Estonia,Petrol,EST
2020,612,Estonia,Petrol,EST
2020,607.83,Estonia,Petrol,EST
2020,586.17,Estonia,Petrol,EST
2019,597,Estonia,Petrol,EST
2019,589.5,Estonia,Petrol,EST
2019,528.67,Estonia,Petrol,EST
2019,566.17,Estonia,Petrol,EST
2019,562,Estonia,Petrol,EST
2019,547.83,Estonia,Petrol,EST
2019,567.83,Estonia,Petrol,EST
2019,567,Estonia,Petrol,EST
2019,562.83,Estonia,Petrol,EST
2019,561.17,Estonia,Petrol,EST
2019,580.33,Estonia,Petrol,EST
2019,563.67,Estonia,Petrol,EST
2019,549.5,Estonia,Petrol,EST
2019,517,Estonia,Petrol,EST
2019,538.67,Estonia,Petrol,EST
2019,543.67,Estonia,Petrol,EST
2019,545.33,Estonia,Petrol,EST
2019,562.83,Estonia,Petrol,EST
2019,571.17,Estonia,Petrol,EST
2019,571.17,Estonia,Petrol,EST
2019,575.33,Estonia,Petrol,EST
2019,572,Estonia,Petrol,EST
2019,571.17,Estonia,Petrol,EST
2019,563.67,Estonia,Petrol,EST
2019,557,Estonia,Petrol,EST
2019,537.83,Estonia,Petrol,EST
2019,567.83,Estonia,Petrol,EST
2019,584.5,Estonia,Petrol,EST
2019,577,Estonia,Petrol,EST
2019,625.33,Estonia,Petrol,EST
2019,615.33,Estonia,Petrol,EST
2019,591.17,Estonia,Petrol,EST
2019,624.5,Estonia,Petrol,EST
2019,624.5,Estonia,Petrol,EST
2019,616.17,Estonia,Petrol,EST
2019,592,Estonia,Petrol,EST
2019,531.17,Estonia,Petrol,EST
2019,546.17,Estonia,Petrol,EST
2019,507,Estonia,Petrol,EST
2019,527.83,Estonia,Petrol,EST
2019,522.83,Estonia,Petrol,EST
2019,518.67,Estonia,Petrol,EST
2019,489.5,Estonia,Petrol,EST
2019,477.83,Estonia,Petrol,EST
2019,503.67,Estonia,Petrol,EST
2019,485.33,Estonia,Petrol,EST
2019,482.83,Estonia,Petrol,EST
2019,445.33,Estonia,Petrol,EST
2019,470.33,Estonia,Petrol,EST
2018,487,Estonia,Petrol,EST
2018,487,Estonia,Petrol,EST
2018,487,Estonia,Petrol,EST
2018,516.17,Estonia,Petrol,EST
2018,542.83,Estonia,Petrol,EST
2018,562,Estonia,Petrol,EST
2018,587.83,Estonia,Petrol,EST
2018,598.67,Estonia,Petrol,EST
2018,583.67,Estonia,Petrol,EST
2018,601.17,Estonia,Petrol,EST
2018,587,Estonia,Petrol,EST
2018,585.33,Estonia,Petrol,EST
2018,580.33,Estonia,Petrol,EST
2018,580.33,Estonia,Petrol,EST
2018,537,Estonia,Petrol,EST
2018,542,Estonia,Petrol,EST
2018,556.17,Estonia,Petrol,EST
2018,582.83,Estonia,Petrol,EST
2018,577,Estonia,Petrol,EST
2018,587,Estonia,Petrol,EST
2018,562.83,Estonia,Petrol,EST
2018,578.67,Estonia,Petrol,EST
2018,552.83,Estonia,Petrol,EST
2018,574.5,Estonia,Petrol,EST
2018,581.17,Estonia,Petrol,EST
2018,537,Estonia,Petrol,EST
2018,562,Estonia,Petrol,EST
2018,582.83,Estonia,Petrol,EST
2018,587.83,Estonia,Petrol,EST
2018,574.5,Estonia,Petrol,EST
2018,565.33,Estonia,Petrol,EST
2018,570.33,Estonia,Petrol,EST
2018,547.83,Estonia,Petrol,EST
2018,555.33,Estonia,Petrol,EST
2018,501.17,Estonia,Petrol,EST
2018,547,Estonia,Petrol,EST
2018,547,Estonia,Petrol,EST
2018,512,Estonia,Petrol,EST
2018,512,Estonia,Petrol,EST
2018,511.17,Estonia,Petrol,EST
2018,504.5,Estonia,Petrol,EST
2018,505.33,Estonia,Petrol,EST
2018,502,Estonia,Petrol,EST
2018,525.33,Estonia,Petrol,EST
2018,546.17,Estonia,Petrol,EST
2018,547.83,Estonia,Petrol,EST
2018,527.83,Estonia,Petrol,EST
2018,531.17,Estonia,Petrol,EST
2018,474.5,Estonia,Petrol,EST
2018,467.83,Estonia,Petrol,EST
2017,608.06,Estonia,Petrol,EST
2017,608.06,Estonia,Petrol,EST
2017,619.73,Estonia,Petrol,EST
2017,619.73,Estonia,Petrol,EST
2017,620.56,Estonia,Petrol,EST
2017,597.23,Estonia,Petrol,EST
2017,567.23,Estonia,Petrol,EST
2017,567.23,Estonia,Petrol,EST
2017,567.23,Estonia,Petrol,EST
2017,567.23,Estonia,Petrol,EST
2017,567.23,Estonia,Petrol,EST
2017,567.23,Estonia,Petrol,EST
2017,553.9,Estonia,Petrol,EST
2017,584.73,Estonia,Petrol,EST
2017,584.73,Estonia,Petrol,EST
2017,584.73,Estonia,Petrol,EST
2017,532.23,Estonia,Petrol,EST
2017,528.9,Estonia,Petrol,EST
2017,528.9,Estonia,Petrol,EST
2017,528.9,Estonia,Petrol,EST
2017,528.9,Estonia,Petrol,EST
2017,539.73,Estonia,Petrol,EST
2017,539.73,Estonia,Petrol,EST
2017,539.73,Estonia,Petrol,EST
2017,539.73,Estonia,Petrol,EST
2017,539.73,Estonia,Petrol,EST
2017,539.73,Estonia,Petrol,EST
2017,539.73,Estonia,Petrol,EST
2017,559.73,Estonia,Petrol,EST
2017,559.73,Estonia,Petrol,EST
2017,560.56,Estonia,Petrol,EST
2017,560.56,Estonia,Petrol,EST
2017,560.56,Estonia,Petrol,EST
2017,560.56,Estonia,Petrol,EST
2017,560.56,Estonia,Petrol,EST
2017,560.56,Estonia,Petrol,EST
2017,556.4,Estonia,Petrol,EST
2017,545.56,Estonia,Petrol,EST
2017,591.4,Estonia,Petrol,EST
2017,591.4,Estonia,Petrol,EST
2017,604.73,Estonia,Petrol,EST
2017,613.9,Estonia,Petrol,EST
2017,613.9,Estonia,Petrol,EST
2017,613.9,Estonia,Petrol,EST
2017,530.56,Estonia,Petrol,EST
2017,530.56,Estonia,Petrol,EST
2017,552.23,Estonia,Petrol,EST
2017,552.23,Estonia,Petrol,EST
2017,553.9,Estonia,Petrol,EST
2017,507.23,Estonia,Petrol,EST
2025,815.52,Spain,Petrol,ESP
2025,825.25,Spain,Petrol,ESP
2025,827.96,Spain,Petrol,ESP
2025,826.17,Spain,Petrol,ESP
2025,827.32,Spain,Petrol,ESP
2025,832.47,Spain,Petrol,ESP
2025,826.38,Spain,Petrol,ESP
2025,809.81,Spain,Petrol,ESP
2025,796.86,Spain,Petrol,ESP
2024,787.69,Spain,Petrol,ESP
2024,784.29,Spain,Petrol,ESP
2024,779.57,Spain,Petrol,ESP
2024,778.17,Spain,Petrol,ESP
2024,779.18,Spain,Petrol,ESP
2024,775.89,Spain,Petrol,ESP
2024,770.96,Spain,Petrol,ESP
2024,770.77,Spain,Petrol,ESP
2024,770.77,Spain,Petrol,ESP
2024,772.96,Spain,Petrol,ESP
2024,771.43,Spain,Petrol,ESP
2024,763.22,Spain,Petrol,ESP
2024,751.3,Spain,Petrol,ESP
2024,752.58,Spain,Petrol,ESP
2024,757.01,Spain,Petrol,ESP
2024,768.98,Spain,Petrol,ESP
2024,792.05,Spain,Petrol,ESP
2024,809.41,Spain,Petrol,ESP
2024,821.27,Spain,Petrol,ESP
2024,835.87,Spain,Petrol,ESP
2024,841.05,Spain,Petrol,ESP
2024,772.5680596497311,Spain,Petrol,ESP
2024,859.12,Spain,Petrol,ESP
2024,864.21,Spain,Petrol,ESP
2024,869.72,Spain,Petrol,ESP
2024,871.26,Spain,Petrol,ESP
2024,867.79,Spain,Petrol,ESP
2024,863.22,Spain,Petrol,ESP
2024,862.67,Spain,Petrol,ESP
2024,869.19,Spain,Petrol,ESP
2024,882.86,Spain,Petrol,ESP
2024,889.87,Spain,Petrol,ESP
2024,897.52,Spain,Petrol,ESP
2024,908.98,Spain,Petrol,ESP
2024,920.09,Spain,Petrol,ESP
2024,921.86,Spain,Petrol,ESP
2024,921.39,Spain,Petrol,ESP
2024,913.17,Spain,Petrol,ESP
2024,899.53,Spain,Petrol,ESP
2024,887.57,Spain,Petrol,ESP
2024,879.22,Spain,Petrol,ESP
2024,863.48,Spain,Petrol,ESP
2024,861.81,Spain,Petrol,ESP
2024,857.52,Spain,Petrol,ESP
2024,854.52,Spain,Petrol,ESP
2024,848.5,Spain,Petrol,ESP
2024,826.68,Spain,Petrol,ESP
2024,816.62,Spain,Petrol,ESP
2024,805.15,Spain,Petrol,ESP
2024,798.03,Spain,Petrol,ESP
2024,796.07,Spain,Petrol,ESP
2024,796.67,Spain,Petrol,ESP
2024,795.57,Spain,Petrol,ESP
2023,793.38,Spain,Petrol,ESP
2023,797.48,Spain,Petrol,ESP
2023,814.81,Spain,Petrol,ESP
2023,826.55,Spain,Petrol,ESP
2023,837.75,Spain,Petrol,ESP
2023,849.63,Spain,Petrol,ESP
2023,865.76,Spain,Petrol,ESP
2023,888.14,Spain,Petrol,ESP
2023,892.69,Spain,Petrol,ESP
2023,901.58,Spain,Petrol,ESP
2023,915.33,Spain,Petrol,ESP
2023,948.29,Spain,Petrol,ESP
2023,975.21,Spain,Petrol,ESP
2023,981.76,Spain,Petrol,ESP
2023,974.83,Spain,Petrol,ESP
2023,961.4,Spain,Petrol,ESP
2023,958,Spain,Petrol,ESP
2023,949.66,Spain,Petrol,ESP
2023,940.3,Spain,Petrol,ESP
2023,925.68,Spain,Petrol,ESP
2023,915.97,Spain,Petrol,ESP
2023,891.36,Spain,Petrol,ESP
2023,862.03,Spain,Petrol,ESP
2023,851.62,Spain,Petrol,ESP
2023,844.43,Spain,Petrol,ESP
2023,842.76,Spain,Petrol,ESP
2023,848.17,Spain,Petrol,ESP
2023,846.85,Spain,Petrol,ESP
2023,844.89,Spain,Petrol,ESP
2023,839.93,Spain,Petrol,ESP
2023,837.22,Spain,Petrol,ESP
2023,830.19,Spain,Petrol,ESP
2023,832.84,Spain,Petrol,ESP
2023,849.05,Spain,Petrol,ESP
2023,868.1,Spain,Petrol,ESP
2023,884.21,Spain,Petrol,ESP
2023,892.01,Spain,Petrol,ESP
2023,883.14,Spain,Petrol,ESP
2023,875.26,Spain,Petrol,ESP
2023,872.41,Spain,Petrol,ESP
2023,879.29,Spain,Petrol,ESP
2023,886.37,Spain,Petrol,ESP
2023,879.1,Spain,Petrol,ESP
2023,876.24,Spain,Petrol,ESP
2023,879.89,Spain,Petrol,ESP
2023,877.38,Spain,Petrol,ESP
2023,895.33,Spain,Petrol,ESP
2023,899.92,Spain,Petrol,ESP
2023,880.02,Spain,Petrol,ESP
2023,865.6,Spain,Petrol,ESP
2023,863.14,Spain,Petrol,ESP
2023,836.27,Spain,Petrol,ESP
2022,821.03,Spain,Petrol,ESP
2022,841.91,Spain,Petrol,ESP
2022,884.48,Spain,Petrol,ESP
2022,922.35,Spain,Petrol,ESP
2022,957.51,Spain,Petrol,ESP
2022,985.71,Spain,Petrol,ESP
2022,1002.38,Spain,Petrol,ESP
2022,991.21,Spain,Petrol,ESP
2022,981.57,Spain,Petrol,ESP
2022,984.57,Spain,Petrol,ESP
2022,979.07,Spain,Petrol,ESP
2022,941.37,Spain,Petrol,ESP
2022,912.83,Spain,Petrol,ESP
2022,916.56,Spain,Petrol,ESP
2022,939.7,Spain,Petrol,ESP
2022,972.4,Spain,Petrol,ESP
2022,998.05,Spain,Petrol,ESP
2022,1010.09,Spain,Petrol,ESP
2022,1004.14,Spain,Petrol,ESP
2022,1012.91,Spain,Petrol,ESP
2022,1065.14,Spain,Petrol,ESP
2022,1099.67,Spain,Petrol,ESP
2022,1142.77,Spain,Petrol,ESP
2022,1201.71,Spain,Petrol,ESP
2022,1240.36,Spain,Petrol,ESP
2022,1273.53,Spain,Petrol,ESP
2022,1286.47,Spain,Petrol,ESP
2022,1297.21,Spain,Petrol,ESP
2022,1276.97,Spain,Petrol,ESP
2022,1220.35,Spain,Petrol,ESP
2022,1154.12,Spain,Petrol,ESP
2022,1130.91,Spain,Petrol,ESP
2022,1095.77,Spain,Petrol,ESP
2022,1079.59,Spain,Petrol,ESP
2022,1045.67,Spain,Petrol,ESP
2022,1029.02,Spain,Petrol,ESP
2022,1007.23,Spain,Petrol,ESP
2022,1025.67,Spain,Petrol,ESP
2022,1029.95,Spain,Petrol,ESP
2022,1026,Spain,Petrol,ESP
2022,1051.8,Spain,Petrol,ESP
2022,915.6,Spain,Petrol,ESP
2022,856.93,Spain,Petrol,ESP
2022,842.73,Spain,Petrol,ESP
2022,829.34,Spain,Petrol,ESP
2022,815.64,Spain,Petrol,ESP
2022,798.42,Spain,Petrol,ESP
2022,783.89,Spain,Petrol,ESP
2022,768.91,Spain,Petrol,ESP
2022,758.31,Spain,Petrol,ESP
2022,750.14,Spain,Petrol,ESP
2021,747.52,Spain,Petrol,ESP
2021,750.06,Spain,Petrol,ESP
2021,757.1,Spain,Petrol,ESP
2021,774.65,Spain,Petrol,ESP
2021,777.5,Spain,Petrol,ESP
2021,777.75,Spain,Petrol,ESP
2021,775.24,Spain,Petrol,ESP
2021,771.81,Spain,Petrol,ESP
2021,764.67,Spain,Petrol,ESP
2021,753.51,Spain,Petrol,ESP
2021,739.3,Spain,Petrol,ESP
2021,724.13,Spain,Petrol,ESP
2021,715.31,Spain,Petrol,ESP
2021,714.81,Spain,Petrol,ESP
2021,708.06,Spain,Petrol,ESP
2021,701.88,Spain,Petrol,ESP
2021,696.29,Spain,Petrol,ESP
2021,696.91,Spain,Petrol,ESP
2021,699.12,Spain,Petrol,ESP
2021,700.77,Spain,Petrol,ESP
2021,697.72,Spain,Petrol,ESP
2021,691.09,Spain,Petrol,ESP
2021,691.54,Spain,Petrol,ESP
2021,685.07,Spain,Petrol,ESP
2021,677.1,Spain,Petrol,ESP
2021,670.29,Spain,Petrol,ESP
2021,662.97,Spain,Petrol,ESP
2021,657.46,Spain,Petrol,ESP
2021,650.15,Spain,Petrol,ESP
2021,644.15,Spain,Petrol,ESP
2021,643.57,Spain,Petrol,ESP
2021,643.7,Spain,Petrol,ESP
2021,638.17,Spain,Petrol,ESP
2021,628.09,Spain,Petrol,ESP
2021,623.55,Spain,Petrol,ESP
2021,618.14,Spain,Petrol,ESP
2021,614.44,Spain,Petrol,ESP
2021,615.77,Spain,Petrol,ESP
2021,619.44,Spain,Petrol,ESP
2021,610.9,Spain,Petrol,ESP
2021,596.39,Spain,Petrol,ESP
2021,587.42,Spain,Petrol,ESP
2021,575.26,Spain,Petrol,ESP
2021,561.66,Spain,Petrol,ESP
2021,550.84,Spain,Petrol,ESP
2021,541.44,Spain,Petrol,ESP
2021,539.42,Spain,Petrol,ESP
2021,532.18,Spain,Petrol,ESP
2021,519.03,Spain,Petrol,ESP
2020,506.41,Spain,Petrol,ESP
2020,499.14,Spain,Petrol,ESP
2020,494.47,Spain,Petrol,ESP
2020,491.51,Spain,Petrol,ESP
2020,483.45,Spain,Petrol,ESP
2020,479.09,Spain,Petrol,ESP
2020,471.19,Spain,Petrol,ESP
2020,474.26,Spain,Petrol,ESP
2020,481.67,Spain,Petrol,ESP
2020,486.91,Spain,Petrol,ESP
2020,487.97,Spain,Petrol,ESP
2020,487.88,Spain,Petrol,ESP
2020,488.26,Spain,Petrol,ESP
2020,487.74,Spain,Petrol,ESP
2020,487.95,Spain,Petrol,ESP
2020,494.1,Spain,Petrol,ESP
2020,495.36,Spain,Petrol,ESP
2020,491.28,Spain,Petrol,ESP
2020,488.92,Spain,Petrol,ESP
2020,485.33,Spain,Petrol,ESP
2020,487.81,Spain,Petrol,ESP
2020,489.76,Spain,Petrol,ESP
2020,489.62,Spain,Petrol,ESP
2020,486.77,Spain,Petrol,ESP
2020,479.05,Spain,Petrol,ESP
2020,473.9,Spain,Petrol,ESP
2020,461.64,Spain,Petrol,ESP
2020,452.18,Spain,Petrol,ESP
2020,439.14,Spain,Petrol,ESP
2020,431.6,Spain,Petrol,ESP
2020,427.91,Spain,Petrol,ESP
2020,418.93,Spain,Petrol,ESP
2020,415.29,Spain,Petrol,ESP
2020,413.65,Spain,Petrol,ESP
2020,426.97,Spain,Petrol,ESP
2020,443.43,Spain,Petrol,ESP
2020,454.88,Spain,Petrol,ESP
2020,472.49,Spain,Petrol,ESP
2020,499.48,Spain,Petrol,ESP
2020,546.43,Spain,Petrol,ESP
2020,583.33,Spain,Petrol,ESP
2020,596.01,Spain,Petrol,ESP
2020,601.55,Spain,Petrol,ESP
2020,599.04,Spain,Petrol,ESP
2020,600.78,Spain,Petrol,ESP
2020,608,Spain,Petrol,ESP
2020,616.53,Spain,Petrol,ESP
2020,619.69,Spain,Petrol,ESP
2020,623.2,Spain,Petrol,ESP
2020,618.74,Spain,Petrol,ESP
2019,604.18,Spain,Petrol,ESP
2019,605.43,Spain,Petrol,ESP
2019,606.84,Spain,Petrol,ESP
2019,600.82,Spain,Petrol,ESP
2019,599.86,Spain,Petrol,ESP
2019,601.29,Spain,Petrol,ESP
2019,598.87,Spain,Petrol,ESP
2019,598.86,Spain,Petrol,ESP
2019,603.62,Spain,Petrol,ESP
2019,608.67,Spain,Petrol,ESP
2019,612.9,Spain,Petrol,ESP
2019,619,Spain,Petrol,ESP
2019,616.95,Spain,Petrol,ESP
2019,605.23,Spain,Petrol,ESP
2019,603.42,Spain,Petrol,ESP
2019,607.48,Spain,Petrol,ESP
2019,609.09,Spain,Petrol,ESP
2019,612.38,Spain,Petrol,ESP
2019,619.61,Spain,Petrol,ESP
2019,627.71,Spain,Petrol,ESP
2019,624.47,Spain,Petrol,ESP
2019,626.46,Spain,Petrol,ESP
2019,619.45,Spain,Petrol,ESP
2019,611.42,Spain,Petrol,ESP
2019,608.59,Spain,Petrol,ESP
2019,603.05,Spain,Petrol,ESP
2019,607.16,Spain,Petrol,ESP
2019,622.49,Spain,Petrol,ESP
2019,642.28,Spain,Petrol,ESP
2019,649.16,Spain,Petrol,ESP
2019,646.85,Spain,Petrol,ESP
2019,647.36,Spain,Petrol,ESP
2019,649.97,Spain,Petrol,ESP
2019,646.27,Spain,Petrol,ESP
2019,626.25,Spain,Petrol,ESP
2019,607.94,Spain,Petrol,ESP
2019,594.33,Spain,Petrol,ESP
2019,583.33,Spain,Petrol,ESP
2019,575.16,Spain,Petrol,ESP
2019,569.58,Spain,Petrol,ESP
2019,566.61,Spain,Petrol,ESP
2019,562.6,Spain,Petrol,ESP
2019,549.03,Spain,Petrol,ESP
2019,544.25,Spain,Petrol,ESP
2019,540.91,Spain,Petrol,ESP
2019,537.34,Spain,Petrol,ESP
2019,529.51,Spain,Petrol,ESP
2019,516.66,Spain,Petrol,ESP
2019,502.1,Spain,Petrol,ESP
2018,540.06,Spain,Petrol,ESP
2018,550.36,Spain,Petrol,ESP
2018,565.02,Spain,Petrol,ESP
2018,590.27,Spain,Petrol,ESP
2018,609.58,Spain,Petrol,ESP
2018,626.02,Spain,Petrol,ESP
2018,641.82,Spain,Petrol,ESP
2018,646.03,Spain,Petrol,ESP
2018,649.55,Spain,Petrol,ESP
2018,660.11,Spain,Petrol,ESP
2018,655.25,Spain,Petrol,ESP
2018,641.93,Spain,Petrol,ESP
2018,639.91,Spain,Petrol,ESP
2018,644.08,Spain,Petrol,ESP
2018,646.61,Spain,Petrol,ESP
2018,643.11,Spain,Petrol,ESP
2018,637.34,Spain,Petrol,ESP
2018,636.07,Spain,Petrol,ESP
2018,635.28,Spain,Petrol,ESP
2018,633.83,Spain,Petrol,ESP
2018,628.67,Spain,Petrol,ESP
2018,628.12,Spain,Petrol,ESP
2018,634.52,Spain,Petrol,ESP
2018,634.32,Spain,Petrol,ESP
2018,628.28,Spain,Petrol,ESP
2018,629.23,Spain,Petrol,ESP
2018,636.56,Spain,Petrol,ESP
2018,640.67,Spain,Petrol,ESP
2018,643.74,Spain,Petrol,ESP
2018,642.2,Spain,Petrol,ESP
2018,631.59,Spain,Petrol,ESP
2018,614.99,Spain,Petrol,ESP
2018,601.73,Spain,Petrol,ESP
2018,595.76,Spain,Petrol,ESP
2018,587.5,Spain,Petrol,ESP
2018,580.6,Spain,Petrol,ESP
2018,574.62,Spain,Petrol,ESP
2018,560.62,Spain,Petrol,ESP
2018,547.37,Spain,Petrol,ESP
2018,548.25,Spain,Petrol,ESP
2018,552.64,Spain,Petrol,ESP
2018,550.62,Spain,Petrol,ESP
2018,553.58,Spain,Petrol,ESP
2018,570.26,Spain,Petrol,ESP
2018,577.25,Spain,Petrol,ESP
2018,576.7,Spain,Petrol,ESP
2018,575.72,Spain,Petrol,ESP
2018,575.09,Spain,Petrol,ESP
2018,570.9,Spain,Petrol,ESP
2018,565.52,Spain,Petrol,ESP
2017,559.68,Spain,Petrol,ESP
2017,559.01,Spain,Petrol,ESP
2017,561.62,Spain,Petrol,ESP
2017,561.78,Spain,Petrol,ESP
2017,564.6,Spain,Petrol,ESP
2017,562.65,Spain,Petrol,ESP
2017,547.42,Spain,Petrol,ESP
2017,535.86,Spain,Petrol,ESP
2017,533.16,Spain,Petrol,ESP
2017,533.21,Spain,Petrol,ESP
2017,535.33,Spain,Petrol,ESP
2017,539.83,Spain,Petrol,ESP
2017,539.46,Spain,Petrol,ESP
2017,542.21,Spain,Petrol,ESP
2017,544.96,Spain,Petrol,ESP
2017,530.48,Spain,Petrol,ESP
2017,521.92,Spain,Petrol,ESP
2017,522.68,Spain,Petrol,ESP
2017,523.35,Spain,Petrol,ESP
2017,520.3,Spain,Petrol,ESP
2017,514.57,Spain,Petrol,ESP
2017,511.29,Spain,Petrol,ESP
2017,507.62,Spain,Petrol,ESP
2017,509.32,Spain,Petrol,ESP
2017,504.03,Spain,Petrol,ESP
2017,507.33,Spain,Petrol,ESP
2017,515.83,Spain,Petrol,ESP
2017,525.74,Spain,Petrol,ESP
2017,536.88,Spain,Petrol,ESP
2017,543.47,Spain,Petrol,ESP
2017,539.4,Spain,Petrol,ESP
2017,535.54,Spain,Petrol,ESP
2017,547.24,Spain,Petrol,ESP
2017,563.02,Spain,Petrol,ESP
2017,578,Spain,Petrol,ESP
2017,560.32,Spain,Petrol,ESP
2017,543.34,Spain,Petrol,ESP
2017,540.87,Spain,Petrol,ESP
2017,544.99,Spain,Petrol,ESP
2017,560.92,Spain,Petrol,ESP
2017,571.34,Spain,Petrol,ESP
2017,574.33,Spain,Petrol,ESP
2017,575.55,Spain,Petrol,ESP
2017,569.83,Spain,Petrol,ESP
2017,568.15,Spain,Petrol,ESP
2017,566.62,Spain,Petrol,ESP
2017,565.2,Spain,Petrol,ESP
2017,564.97,Spain,Petrol,ESP
2017,569.09,Spain,Petrol,ESP
2017,560.67,Spain,Petrol,ESP
2025,671.14,Finland,Petrol,FIN
2025,732.43,Finland,Petrol,FIN
2025,748.56,Finland,Petrol,FIN
2025,734.04,Finland,Petrol,FIN
2025,650.98,Finland,Petrol,FIN
2025,658.24,Finland,Petrol,FIN
2025,681.62,Finland,Petrol,FIN
2025,667.11,Finland,Petrol,FIN
2025,625.17,Finland,Petrol,FIN
2024,694.53,Finland,Petrol,FIN
2024,770.33,Finland,Petrol,FIN
2024,628.4,Finland,Petrol,FIN
2024,621.94,Finland,Petrol,FIN
2024,613.88,Finland,Petrol,FIN
2024,614.69,Finland,Petrol,FIN
2024,768.72,Finland,Petrol,FIN
2024,640.49,Finland,Petrol,FIN
2024,630.01,Finland,Petrol,FIN
2024,650.98,Finland,Petrol,FIN
2024,662.27,Finland,Petrol,FIN
2024,735.65,Finland,Petrol,FIN
2024,763.88,Finland,Petrol,FIN
2024,655.01,Finland,Petrol,FIN
2024,776.78,Finland,Petrol,FIN
2024,797.75,Finland,Petrol,FIN
2024,711.46,Finland,Petrol,FIN
2024,713.88,Finland,Petrol,FIN
2024,709.85,Finland,Petrol,FIN
2024,712.27,Finland,Petrol,FIN
2024,711.46,Finland,Petrol,FIN
2024,752.59,Finland,Petrol,FIN
2024,759.85,Finland,Petrol,FIN
2024,742.11,Finland,Petrol,FIN
2024,702.59,Finland,Petrol,FIN
2024,732.43,Finland,Petrol,FIN
2024,747.75,Finland,Petrol,FIN
2024,746.94,Finland,Petrol,FIN
2024,753.4,Finland,Petrol,FIN
2024,740.49,Finland,Petrol,FIN
2024,734.04,Finland,Petrol,FIN
2024,728.4,Finland,Petrol,FIN
2024,744.53,Finland,Petrol,FIN
2024,761.46,Finland,Petrol,FIN
2024,751.78,Finland,Petrol,FIN
2024,834.04,Finland,Petrol,FIN
2024,871.14,Finland,Petrol,FIN
2024,878.4,Finland,Petrol,FIN
2024,797.75,Finland,Petrol,FIN
2024,814.69,Finland,Petrol,FIN
2024,855.01,Finland,Petrol,FIN
2024,821.94,Finland,Petrol,FIN
2024,728.4,Finland,Petrol,FIN
2024,728.4,Finland,Petrol,FIN
2024,703.4,Finland,Petrol,FIN
2024,781.62,Finland,Petrol,FIN
2024,771.14,Finland,Petrol,FIN
2024,696.14,Finland,Petrol,FIN
2024,785.65,Finland,Petrol,FIN
2024,650.98,Finland,Petrol,FIN
2024,659.04,Finland,Petrol,FIN
2024,659.04,Finland,Petrol,FIN
2024,698.56,Finland,Petrol,FIN
2023,723.56,Finland,Petrol,FIN
2023,777.59,Finland,Petrol,FIN
2023,736.46,Finland,Petrol,FIN
2023,740.49,Finland,Petrol,FIN
2023,767.91,Finland,Petrol,FIN
2023,784.85,Finland,Petrol,FIN
2023,813.88,Finland,Petrol,FIN
2023,838.07,Finland,Petrol,FIN
2023,880.82,Finland,Petrol,FIN
2023,879.2,Finland,Petrol,FIN
2023,879.2,Finland,Petrol,FIN
2023,871.94,Finland,Petrol,FIN
2023,879.2,Finland,Petrol,FIN
2023,911.46,Finland,Petrol,FIN
2023,887.27,Finland,Petrol,FIN
2023,881.62,Finland,Petrol,FIN
2023,914.69,Finland,Petrol,FIN
2023,837.27,Finland,Petrol,FIN
2023,830.82,Finland,Petrol,FIN
2023,837.27,Finland,Petrol,FIN
2023,824.36,Finland,Petrol,FIN
2023,819.53,Finland,Petrol,FIN
2023,774.36,Finland,Petrol,FIN
2023,774.36,Finland,Petrol,FIN
2023,788.07,Finland,Petrol,FIN
2023,912.27,Finland,Petrol,FIN
2023,834.04,Finland,Petrol,FIN
2023,831.62,Finland,Petrol,FIN
2023,835.65,Finland,Petrol,FIN
2023,805.01,Finland,Petrol,FIN
2023,812.27,Finland,Petrol,FIN
2023,801.78,Finland,Petrol,FIN
2023,815.49,Finland,Petrol,FIN
2023,844.53,Finland,Petrol,FIN
2023,865.49,Finland,Petrol,FIN
2023,878.4,Finland,Petrol,FIN
2023,865.49,Finland,Petrol,FIN
2023,859.85,Finland,Petrol,FIN
2023,840.49,Finland,Petrol,FIN
2023,836.46,Finland,Petrol,FIN
2023,846.94,Finland,Petrol,FIN
2023,861.46,Finland,Petrol,FIN
2023,839.69,Finland,Petrol,FIN
2023,849.36,Finland,Petrol,FIN
2023,842.11,Finland,Petrol,FIN
2023,835.65,Finland,Petrol,FIN
2023,870.33,Finland,Petrol,FIN
2023,844.53,Finland,Petrol,FIN
2023,834.04,Finland,Petrol,FIN
2023,786.46,Finland,Petrol,FIN
2023,816.3,Finland,Petrol,FIN
2023,817.91,Finland,Petrol,FIN
2022,770.33,Finland,Petrol,FIN
2022,737.27,Finland,Petrol,FIN
2022,791.3,Finland,Petrol,FIN
2022,828.4,Finland,Petrol,FIN
2022,854.2,Finland,Petrol,FIN
2022,884.85,Finland,Petrol,FIN
2022,913.07,Finland,Petrol,FIN
2022,927.59,Finland,Petrol,FIN
2022,936.46,Finland,Petrol,FIN
2022,934.85,Finland,Petrol,FIN
2022,939.69,Finland,Petrol,FIN
2022,909.04,Finland,Petrol,FIN
2022,880.82,Finland,Petrol,FIN
2022,885.65,Finland,Petrol,FIN
2022,900.17,Finland,Petrol,FIN
2022,950.98,Finland,Petrol,FIN
2022,959.04,Finland,Petrol,FIN
2022,988.88,Finland,Petrol,FIN
2022,983.24,Finland,Petrol,FIN
2022,988.88,Finland,Petrol,FIN
2022,1022.75,Finland,Petrol,FIN
2022,1043.72,Finland,Petrol,FIN
2022,1088.07,Finland,Petrol,FIN
2022,1138.07,Finland,Petrol,FIN
2022,1163.88,Finland,Petrol,FIN
2022,1220.33,Finland,Petrol,FIN
2022,1312.27,Finland,Petrol,FIN
2022,1330.01,Finland,Petrol,FIN
2022,1340.49,Finland,Petrol,FIN
2022,1292.91,Finland,Petrol,FIN
2022,1187.27,Finland,Petrol,FIN
2022,1188.88,Finland,Petrol,FIN
2022,1097.75,Finland,Petrol,FIN
2022,1066.3,Finland,Petrol,FIN
2022,1018.72,Finland,Petrol,FIN
2022,1030.82,Finland,Petrol,FIN
2022,1024.36,Finland,Petrol,FIN
2022,1011.46,Finland,Petrol,FIN
2022,1006.62,Finland,Petrol,FIN
2022,995.33,Finland,Petrol,FIN
2022,1075.17,Finland,Petrol,FIN
2022,967.11,Finland,Petrol,FIN
2022,860.65,Finland,Petrol,FIN
2022,839.69,Finland,Petrol,FIN
2022,833.24,Finland,Petrol,FIN
2022,814.69,Finland,Petrol,FIN
2022,800.17,Finland,Petrol,FIN
2022,803.4,Finland,Petrol,FIN
2022,775.17,Finland,Petrol,FIN
2022,779.2,Finland,Petrol,FIN
2022,789.69,Finland,Petrol,FIN
2021,724.36,Finland,Petrol,FIN
2021,709.04,Finland,Petrol,FIN
2021,743.72,Finland,Petrol,FIN
2021,775.17,Finland,Petrol,FIN
2021,788.88,Finland,Petrol,FIN
2021,780.82,Finland,Petrol,FIN
2021,823.56,Finland,Petrol,FIN
2021,741.3,Finland,Petrol,FIN
2021,734.85,Finland,Petrol,FIN
2021,698.56,Finland,Petrol,FIN
2021,693.72,Finland,Petrol,FIN
2021,679.2,Finland,Petrol,FIN
2021,662.27,Finland,Petrol,FIN
2021,664.69,Finland,Petrol,FIN
2021,667.11,Finland,Petrol,FIN
2021,646.94,Finland,Petrol,FIN
2021,646.14,Finland,Petrol,FIN
2021,658.24,Finland,Petrol,FIN
2021,659.85,Finland,Petrol,FIN
2021,659.04,Finland,Petrol,FIN
2021,654.2,Finland,Petrol,FIN
2021,642.11,Finland,Petrol,FIN
2021,645.33,Finland,Petrol,FIN
2021,646.94,Finland,Petrol,FIN
2021,618.72,Finland,Petrol,FIN
2021,607.43,Finland,Petrol,FIN
2021,598.56,Finland,Petrol,FIN
2021,588.07,Finland,Petrol,FIN
2021,580.82,Finland,Petrol,FIN
2021,593.72,Finland,Petrol,FIN
2021,591.3,Finland,Petrol,FIN
2021,593.72,Finland,Petrol,FIN
2021,590.49,Finland,Petrol,FIN
2021,584.04,Finland,Petrol,FIN
2021,587.27,Finland,Petrol,FIN
2021,584.04,Finland,Petrol,FIN
2021,596.14,Finland,Petrol,FIN
2021,580.01,Finland,Petrol,FIN
2021,580.82,Finland,Petrol,FIN
2021,563.88,Finland,Petrol,FIN
2021,537.27,Finland,Petrol,FIN
2021,529.2,Finland,Petrol,FIN
2021,516.3,Finland,Petrol,FIN
2021,513.88,Finland,Petrol,FIN
2021,504.2,Finland,Petrol,FIN
2021,501.78,Finland,Petrol,FIN
2021,504.2,Finland,Petrol,FIN
2021,492.91,Finland,Petrol,FIN
2021,451.78,Finland,Petrol,FIN
2020,422.43,Finland,Petrol,FIN
2020,407.11,Finland,Petrol,FIN
2020,399.05,Finland,Petrol,FIN
2020,394.21,Finland,Petrol,FIN
2020,399.85,Finland,Petrol,FIN
2020,390.98,Finland,Petrol,FIN
2020,388.56,Finland,Petrol,FIN
2020,427.27,Finland,Petrol,FIN
2020,414.37,Finland,Petrol,FIN
2020,435.34,Finland,Petrol,FIN
2020,435.34,Finland,Petrol,FIN
2020,428.89,Finland,Petrol,FIN
2020,418.6,Finland,Petrol,FIN
2020,411.34,Finland,Petrol,FIN
2020,415.37,Finland,Petrol,FIN
2020,424.24,Finland,Petrol,FIN
2020,424.24,Finland,Petrol,FIN
2020,421.02,Finland,Petrol,FIN
2020,413.76,Finland,Petrol,FIN
2020,421.82,Finland,Petrol,FIN
2020,408.11,Finland,Petrol,FIN
2020,443.57,Finland,Petrol,FIN
2020,437.12,Finland,Petrol,FIN
2020,427.44,Finland,Petrol,FIN
2020,410.5,Finland,Petrol,FIN
2020,412.92,Finland,Petrol,FIN
2020,385.5,Finland,Petrol,FIN
2020,386.31,Finland,Petrol,FIN
2020,370.18,Finland,Petrol,FIN
2020,366.96,Finland,Petrol,FIN
2020,334.7,Finland,Petrol,FIN
2020,354.05,Finland,Petrol,FIN
2020,319.38,Finland,Petrol,FIN
2020,347.6,Finland,Petrol,FIN
2020,354.05,Finland,Petrol,FIN
2020,357.28,Finland,Petrol,FIN
2020,390.34,Finland,Petrol,FIN
2020,406.47,Finland,Petrol,FIN
2020,495.18,Finland,Petrol,FIN
2020,464.54,Finland,Petrol,FIN
2020,507.28,Finland,Petrol,FIN
2020,527.44,Finland,Petrol,FIN
2020,605.67,Finland,Petrol,FIN
2020,604.05,Finland,Petrol,FIN
2020,539.54,Finland,Petrol,FIN
2020,554.05,Finland,Petrol,FIN
2020,550.02,Finland,Petrol,FIN
2020,572.6,Finland,Petrol,FIN
2020,579.86,Finland,Petrol,FIN
2020,577.44,Finland,Petrol,FIN
2019,558.8,Finland,Petrol,FIN
2019,561.22,Finland,Petrol,FIN
2019,547.51,Finland,Petrol,FIN
2019,562.84,Finland,Petrol,FIN
2019,552.35,Finland,Petrol,FIN
2019,556.38,Finland,Petrol,FIN
2019,542.67,Finland,Petrol,FIN
2019,549.93,Finland,Petrol,FIN
2019,563.64,Finland,Petrol,FIN
2019,554.77,Finland,Petrol,FIN
2019,562.84,Finland,Petrol,FIN
2019,569.29,Finland,Petrol,FIN
2019,586.22,Finland,Petrol,FIN
2019,552.35,Finland,Petrol,FIN
2019,547.51,Finland,Petrol,FIN
2019,540.26,Finland,Petrol,FIN
2019,566.87,Finland,Petrol,FIN
2019,574.93,Finland,Petrol,FIN
2019,568.48,Finland,Petrol,FIN
2019,587.84,Finland,Petrol,FIN
2019,593.48,Finland,Petrol,FIN
2019,571.71,Finland,Petrol,FIN
2019,582.19,Finland,Petrol,FIN
2019,578.16,Finland,Petrol,FIN
2019,562.84,Finland,Petrol,FIN
2019,575.74,Finland,Petrol,FIN
2019,588.64,Finland,Petrol,FIN
2019,599.93,Finland,Petrol,FIN
2019,610.42,Finland,Petrol,FIN
2019,616.06,Finland,Petrol,FIN
2019,616.87,Finland,Petrol,FIN
2019,601.55,Finland,Petrol,FIN
2019,605.58,Finland,Petrol,FIN
2019,607.19,Finland,Petrol,FIN
2019,581.38,Finland,Petrol,FIN
2019,562.84,Finland,Petrol,FIN
2019,533,Finland,Petrol,FIN
2019,513.64,Finland,Petrol,FIN
2019,512.84,Finland,Petrol,FIN
2019,512.03,Finland,Petrol,FIN
2019,511.22,Finland,Petrol,FIN
2019,474.13,Finland,Petrol,FIN
2019,490.26,Finland,Petrol,FIN
2019,478.97,Finland,Petrol,FIN
2019,462.03,Finland,Petrol,FIN
2019,483,Finland,Petrol,FIN
2019,483.8,Finland,Petrol,FIN
2019,484.61,Finland,Petrol,FIN
2019,467.67,Finland,Petrol,FIN
2018,522.95,Finland,Petrol,FIN
2018,513.28,Finland,Petrol,FIN
2018,522.95,Finland,Petrol,FIN
2018,550.37,Finland,Petrol,FIN
2018,565.7,Finland,Petrol,FIN
2018,584.24,Finland,Petrol,FIN
2018,576.99,Finland,Petrol,FIN
2018,609.24,Finland,Petrol,FIN
2018,589.89,Finland,Petrol,FIN
2018,585.86,Finland,Petrol,FIN
2018,618.92,Finland,Petrol,FIN
2018,589.89,Finland,Petrol,FIN
2018,581.83,Finland,Petrol,FIN
2018,608.44,Finland,Petrol,FIN
2018,602.79,Finland,Petrol,FIN
2018,576.18,Finland,Petrol,FIN
2018,601.18,Finland,Petrol,FIN
2018,603.6,Finland,Petrol,FIN
2018,579.41,Finland,Petrol,FIN
2018,602.79,Finland,Petrol,FIN
2018,577.79,Finland,Petrol,FIN
2018,577.79,Finland,Petrol,FIN
2018,562.47,Finland,Petrol,FIN
2018,589.08,Finland,Petrol,FIN
2018,568.92,Finland,Petrol,FIN
2018,586.66,Finland,Petrol,FIN
2018,590.7,Finland,Petrol,FIN
2018,602.79,Finland,Petrol,FIN
2018,604.41,Finland,Petrol,FIN
2018,599.57,Finland,Petrol,FIN
2018,587.47,Finland,Petrol,FIN
2018,545.53,Finland,Petrol,FIN
2018,556.83,Finland,Petrol,FIN
2018,535.05,Finland,Petrol,FIN
2018,517.31,Finland,Petrol,FIN
2018,513.28,Finland,Petrol,FIN
2018,509.24,Finland,Petrol,FIN
2018,492.31,Finland,Petrol,FIN
2018,485.05,Finland,Petrol,FIN
2018,489.08,Finland,Petrol,FIN
2018,501.99,Finland,Petrol,FIN
2018,494.73,Finland,Petrol,FIN
2018,497.15,Finland,Petrol,FIN
2018,500.37,Finland,Petrol,FIN
2018,501.99,Finland,Petrol,FIN
2018,504.41,Finland,Petrol,FIN
2018,491.5,Finland,Petrol,FIN
2018,515.7,Finland,Petrol,FIN
2018,507.63,Finland,Petrol,FIN
2018,500.37,Finland,Petrol,FIN
2017,504.48,Finland,Petrol,FIN
2017,525.45,Finland,Petrol,FIN
2017,506.09,Finland,Petrol,FIN
2017,529.48,Finland,Petrol,FIN
2017,537.54,Finland,Petrol,FIN
2017,536.74,Finland,Petrol,FIN
2017,527.06,Finland,Petrol,FIN
2017,517.38,Finland,Petrol,FIN
2017,493.19,Finland,Petrol,FIN
2017,518.99,Finland,Petrol,FIN
2017,515.77,Finland,Petrol,FIN
2017,512.54,Finland,Petrol,FIN
2017,529.48,Finland,Petrol,FIN
2017,533.51,Finland,Petrol,FIN
2017,509.32,Finland,Petrol,FIN
2017,511.74,Finland,Petrol,FIN
2017,494.8,Finland,Petrol,FIN
2017,514.16,Finland,Petrol,FIN
2017,502.06,Finland,Petrol,FIN
2017,521.41,Finland,Petrol,FIN
2017,517.38,Finland,Petrol,FIN
2017,518.19,Finland,Petrol,FIN
2017,517.38,Finland,Petrol,FIN
2017,514.96,Finland,Petrol,FIN
2017,510.93,Finland,Petrol,FIN
2017,514.16,Finland,Petrol,FIN
2017,529.48,Finland,Petrol,FIN
2017,529.48,Finland,Petrol,FIN
2017,525.45,Finland,Petrol,FIN
2017,532.7,Finland,Petrol,FIN
2017,543.19,Finland,Petrol,FIN
2017,534.32,Finland,Petrol,FIN
2017,526.25,Finland,Petrol,FIN
2017,549.64,Finland,Petrol,FIN
2017,552.06,Finland,Petrol,FIN
2017,540.77,Finland,Petrol,FIN
2017,527.87,Finland,Petrol,FIN
2017,527.87,Finland,Petrol,FIN
2017,534.32,Finland,Petrol,FIN
2017,544.8,Finland,Petrol,FIN
2017,553.67,Finland,Petrol,FIN
2017,543.19,Finland,Petrol,FIN
2017,548.03,Finland,Petrol,FIN
2017,560.12,Finland,Petrol,FIN
2017,530.28,Finland,Petrol,FIN
2017,535.93,Finland,Petrol,FIN
2017,545.61,Finland,Petrol,FIN
2017,548.03,Finland,Petrol,FIN
2017,561.74,Finland,Petrol,FIN
2017,547.22,Finland,Petrol,FIN
2025,791.02,France,Petrol,FRA
2025,791.99,France,Petrol,FRA
2025,814.42,France,Petrol,FRA
2025,811.38,France,Petrol,FRA
2025,811.92,France,Petrol,FRA
2025,821.78,France,Petrol,FRA
2025,820.84,France,Petrol,FRA
2025,801.51,France,Petrol,FRA
2025,797.15,France,Petrol,FRA
2024,784.3,France,Petrol,FRA
2024,772.42,France,Petrol,FRA
2024,777.4,France,Petrol,FRA
2024,771.87,France,Petrol,FRA
2024,776.05,France,Petrol,FRA
2024,773.04,France,Petrol,FRA
2024,766.63,France,Petrol,FRA
2024,767.82,France,Petrol,FRA
2024,765.35,France,Petrol,FRA
2024,760.39,France,Petrol,FRA
2024,776.82,France,Petrol,FRA
2024,767.47,France,Petrol,FRA
2024,749.98,France,Petrol,FRA
2024,742.59,France,Petrol,FRA
2024,741.03,France,Petrol,FRA
2024,739.96,France,Petrol,FRA
2024,760.7,France,Petrol,FRA
2024,771.25,France,Petrol,FRA
2024,795.88,France,Petrol,FRA
2024,804.13,France,Petrol,FRA
2024,818.34,France,Petrol,FRA
2024,814.62,France,Petrol,FRA
2024,829.39,France,Petrol,FRA
2024,832.47,France,Petrol,FRA
2024,856.73,France,Petrol,FRA
2024,850.37,France,Petrol,FRA
2024,853.45,France,Petrol,FRA
2024,848.13,France,Petrol,FRA
2024,841.96,France,Petrol,FRA
2024,844.28,France,Petrol,FRA
2024,867.94,France,Petrol,FRA
2024,876.72,France,Petrol,FRA
2024,882.66,France,Petrol,FRA
2024,901.58,France,Petrol,FRA
2024,919.12,France,Petrol,FRA
2024,922.43,France,Petrol,FRA
2024,925.07,France,Petrol,FRA
2024,918.33,France,Petrol,FRA
2024,916.15,France,Petrol,FRA
2024,892.68,France,Petrol,FRA
2024,892.15,France,Petrol,FRA
2024,871.62,France,Petrol,FRA
2024,872.54,France,Petrol,FRA
2024,865.26,France,Petrol,FRA
2024,865.69,France,Petrol,FRA
2024,867.82,France,Petrol,FRA
2024,845.54,France,Petrol,FRA
2024,843.53,France,Petrol,FRA
2024,829,France,Petrol,FRA
2024,815.61,France,Petrol,FRA
2024,807.64,France,Petrol,FRA
2024,813.8,France,Petrol,FRA
2024,813.48,France,Petrol,FRA
2023,807.9,France,Petrol,FRA
2023,802.34,France,Petrol,FRA
2023,807.44,France,Petrol,FRA
2023,819.53,France,Petrol,FRA
2023,816.85,France,Petrol,FRA
2023,844.97,France,Petrol,FRA
2023,842.39,France,Petrol,FRA
2023,858.12,France,Petrol,FRA
2023,847.13,France,Petrol,FRA
2023,850.88,France,Petrol,FRA
2023,838.24,France,Petrol,FRA
2023,876.22,France,Petrol,FRA
2023,914.1,France,Petrol,FRA
2023,951.66,France,Petrol,FRA
2023,948.21,France,Petrol,FRA
2023,943.49,France,Petrol,FRA
2023,939.5,France,Petrol,FRA
2023,919.63,France,Petrol,FRA
2023,919.42,France,Petrol,FRA
2023,902.77,France,Petrol,FRA
2023,900.64,France,Petrol,FRA
2023,886.21,France,Petrol,FRA
2023,847.77,France,Petrol,FRA
2023,838.08,France,Petrol,FRA
2023,819.48,France,Petrol,FRA
2023,830.35,France,Petrol,FRA
2023,867.65,France,Petrol,FRA
2023,869.48,France,Petrol,FRA
2023,874.03,France,Petrol,FRA
2023,868.29,France,Petrol,FRA
2023,872.27,France,Petrol,FRA
2023,850.77,France,Petrol,FRA
2023,854.7,France,Petrol,FRA
2023,868.54,France,Petrol,FRA
2023,901.02,France,Petrol,FRA
2023,926.47,France,Petrol,FRA
2023,943.03,France,Petrol,FRA
2023,933.12,France,Petrol,FRA
2023,922.09,France,Petrol,FRA
2023,909.87,France,Petrol,FRA
2023,902.63,France,Petrol,FRA
2023,905.91,France,Petrol,FRA
2023,880.32,France,Petrol,FRA
2023,890,France,Petrol,FRA
2023,897.88,France,Petrol,FRA
2023,895.22,France,Petrol,FRA
2023,916.92,France,Petrol,FRA
2023,919.89,France,Petrol,FRA
2023,892.72,France,Petrol,FRA
2023,856.4,France,Petrol,FRA
2023,851.74,France,Petrol,FRA
2023,707.73,France,Petrol,FRA
2022,687.97,France,Petrol,FRA
2022,692.29,France,Petrol,FRA
2022,719.56,France,Petrol,FRA
2022,753.33,France,Petrol,FRA
2022,772.49,France,Petrol,FRA
2022,794.4,France,Petrol,FRA
2022,713.3,France,Petrol,FRA
2022,708.42,France,Petrol,FRA
2022,702.52,France,Petrol,FRA
2022,729.51,France,Petrol,FRA
2022,747.66,France,Petrol,FRA
2022,678.7,France,Petrol,FRA
2022,620.12,France,Petrol,FRA
2022,598.13,France,Petrol,FRA
2022,604.31,France,Petrol,FRA
2022,616.17,France,Petrol,FRA
2022,657.51,France,Petrol,FRA
2022,791.75,France,Petrol,FRA
2022,784.32,France,Petrol,FRA
2022,791.52,France,Petrol,FRA
2022,838.84,France,Petrol,FRA
2022,846.07,France,Petrol,FRA
2022,912,France,Petrol,FRA
2022,976.03,France,Petrol,FRA
2022,999.48,France,Petrol,FRA
2022,1043.97,France,Petrol,FRA
2022,1047.65,France,Petrol,FRA
2022,1082.85,France,Petrol,FRA
2022,1084.49,France,Petrol,FRA
2022,1059.68,France,Petrol,FRA
2022,944.48,France,Petrol,FRA
2022,952.16,France,Petrol,FRA
2022,885.53,France,Petrol,FRA
2022,863.53,France,Petrol,FRA
2022,810.59,France,Petrol,FRA
2022,800.5,France,Petrol,FRA
2022,802.72,France,Petrol,FRA
2022,835.7,France,Petrol,FRA
2022,978.83,France,Petrol,FRA
2022,953.41,France,Petrol,FRA
2022,1044.11,France,Petrol,FRA
2022,882.8,France,Petrol,FRA
2022,819.82,France,Petrol,FRA
2022,802.37,France,Petrol,FRA
2022,792.87,France,Petrol,FRA
2022,779.83,France,Petrol,FRA
2022,764.07,France,Petrol,FRA
2022,746.1,France,Petrol,FRA
2022,731.12,France,Petrol,FRA
2022,710.63,France,Petrol,FRA
2022,666.47,France,Petrol,FRA
2021,670.86,France,Petrol,FRA
2021,668.72,France,Petrol,FRA
2021,670.35,France,Petrol,FRA
2021,686.1,France,Petrol,FRA
2021,696.32,France,Petrol,FRA
2021,691.17,France,Petrol,FRA
2021,694.16,France,Petrol,FRA
2021,691.69,France,Petrol,FRA
2021,682.67,France,Petrol,FRA
2021,689.27,France,Petrol,FRA
2021,669.7,France,Petrol,FRA
2021,645.43,France,Petrol,FRA
2021,631.39,France,Petrol,FRA
2021,633.28,France,Petrol,FRA
2021,629.92,France,Petrol,FRA
2021,615.84,France,Petrol,FRA
2021,616.37,France,Petrol,FRA
2021,623.48,France,Petrol,FRA
2021,630.15,France,Petrol,FRA
2021,631.73,France,Petrol,FRA
2021,619.28,France,Petrol,FRA
2021,627.39,France,Petrol,FRA
2021,628.7,France,Petrol,FRA
2021,615.41,France,Petrol,FRA
2021,613.27,France,Petrol,FRA
2021,598.81,France,Petrol,FRA
2021,588.75,France,Petrol,FRA
2021,584.87,France,Petrol,FRA
2021,582.67,France,Petrol,FRA
2021,576.01,France,Petrol,FRA
2021,578.05,France,Petrol,FRA
2021,578.24,France,Petrol,FRA
2021,584.32,France,Petrol,FRA
2021,572.57,France,Petrol,FRA
2021,576.05,France,Petrol,FRA
2021,572.29,France,Petrol,FRA
2021,570.65,France,Petrol,FRA
2021,569.02,France,Petrol,FRA
2021,576.77,France,Petrol,FRA
2021,566.77,France,Petrol,FRA
2021,550.67,France,Petrol,FRA
2021,542.54,France,Petrol,FRA
2021,529.69,France,Petrol,FRA
2021,512.97,France,Petrol,FRA
2021,504.22,France,Petrol,FRA
2021,496.39,France,Petrol,FRA
2021,496.22,France,Petrol,FRA
2021,489.98,France,Petrol,FRA
2021,466.97,France,Petrol,FRA
2020,440.29,France,Petrol,FRA
2020,433.8,France,Petrol,FRA
2020,429.96,France,Petrol,FRA
2020,424.39,France,Petrol,FRA
2020,416.43,France,Petrol,FRA
2020,411.99,France,Petrol,FRA
2020,408.42,France,Petrol,FRA
2020,416.17,France,Petrol,FRA
2020,412.38,France,Petrol,FRA
2020,425.92,France,Petrol,FRA
2020,422.2,France,Petrol,FRA
2020,417.62,France,Petrol,FRA
2020,415.83,France,Petrol,FRA
2020,413.74,France,Petrol,FRA
2020,419.66,France,Petrol,FRA
2020,419.05,France,Petrol,FRA
2020,419.45,France,Petrol,FRA
2020,421.64,France,Petrol,FRA
2020,418.37,France,Petrol,FRA
2020,415.38,France,Petrol,FRA
2020,414.94,France,Petrol,FRA
2020,430.11,France,Petrol,FRA
2020,432.42,France,Petrol,FRA
2020,428.75,France,Petrol,FRA
2020,416.83,France,Petrol,FRA
2020,424.47,France,Petrol,FRA
2020,407.1,France,Petrol,FRA
2020,402.47,France,Petrol,FRA
2020,382.56,France,Petrol,FRA
2020,377.57,France,Petrol,FRA
2020,365.67,France,Petrol,FRA
2020,345.53,France,Petrol,FRA
2020,333.92,France,Petrol,FRA
2020,333.38,France,Petrol,FRA
2020,346.31,France,Petrol,FRA
2020,360.48,France,Petrol,FRA
2020,382.1,France,Petrol,FRA
2020,396.02,France,Petrol,FRA
2020,420.22,France,Petrol,FRA
2020,479.06,France,Petrol,FRA
2020,524.48,France,Petrol,FRA
2020,549.12,France,Petrol,FRA
2020,549.49,France,Petrol,FRA
2020,554.32,France,Petrol,FRA
2020,557.76,France,Petrol,FRA
2020,572.05,France,Petrol,FRA
2020,587.28,France,Petrol,FRA
2020,592.14,France,Petrol,FRA
2020,598.97,France,Petrol,FRA
2020,589.11,France,Petrol,FRA
2019,576.11,France,Petrol,FRA
2019,575.13,France,Petrol,FRA
2019,573.57,France,Petrol,FRA
2019,566.82,France,Petrol,FRA
2019,568.52,France,Petrol,FRA
2019,568.21,France,Petrol,FRA
2019,558.18,France,Petrol,FRA
2019,552.24,France,Petrol,FRA
2019,556.39,France,Petrol,FRA
2019,563.46,France,Petrol,FRA
2019,563.16,France,Petrol,FRA
2019,567.46,France,Petrol,FRA
2019,567.52,France,Petrol,FRA
2019,550.01,France,Petrol,FRA
2019,539.51,France,Petrol,FRA
2019,551.62,France,Petrol,FRA
2019,552.19,France,Petrol,FRA
2019,553.22,France,Petrol,FRA
2019,564.68,France,Petrol,FRA
2019,574.85,France,Petrol,FRA
2019,574.03,France,Petrol,FRA
2019,584.53,France,Petrol,FRA
2019,576.03,France,Petrol,FRA
2019,551.95,France,Petrol,FRA
2019,566.78,France,Petrol,FRA
2019,565.49,France,Petrol,FRA
2019,571.59,France,Petrol,FRA
2019,594.59,France,Petrol,FRA
2019,628.88,France,Petrol,FRA
2019,637.4,France,Petrol,FRA
2019,625.05,France,Petrol,FRA
2019,626.33,France,Petrol,FRA
2019,625.64,France,Petrol,FRA
2019,625.65,France,Petrol,FRA
2019,613.23,France,Petrol,FRA
2019,596.77,France,Petrol,FRA
2019,579.24,France,Petrol,FRA
2019,555.13,France,Petrol,FRA
2019,546.26,France,Petrol,FRA
2019,537.57,France,Petrol,FRA
2019,533.71,France,Petrol,FRA
2019,524.32,France,Petrol,FRA
2019,509.77,France,Petrol,FRA
2019,504.03,France,Petrol,FRA
2019,504.23,France,Petrol,FRA
2019,504.9,France,Petrol,FRA
2019,501.83,France,Petrol,FRA
2019,492.78,France,Petrol,FRA
2019,481.42,France,Petrol,FRA
2018,501.86,France,Petrol,FRA
2018,504.57,France,Petrol,FRA
2018,500.66,France,Petrol,FRA
2018,519.24,France,Petrol,FRA
2018,524.59,France,Petrol,FRA
2018,539.02,France,Petrol,FRA
2018,588.04,France,Petrol,FRA
2018,589.71,France,Petrol,FRA
2018,604.83,France,Petrol,FRA
2018,619.87,France,Petrol,FRA
2018,619.67,France,Petrol,FRA
2018,601.97,France,Petrol,FRA
2018,602.26,France,Petrol,FRA
2018,607.27,France,Petrol,FRA
2018,610.46,France,Petrol,FRA
2018,595.29,France,Petrol,FRA
2018,597.65,France,Petrol,FRA
2018,596.06,France,Petrol,FRA
2018,597.73,France,Petrol,FRA
2018,595.92,France,Petrol,FRA
2018,579.04,France,Petrol,FRA
2018,585.63,France,Petrol,FRA
2018,593.78,France,Petrol,FRA
2018,584.86,France,Petrol,FRA
2018,587.02,France,Petrol,FRA
2018,591.18,France,Petrol,FRA
2018,597.62,France,Petrol,FRA
2018,599.35,France,Petrol,FRA
2018,609.19,France,Petrol,FRA
2018,611.67,France,Petrol,FRA
2018,594.71,France,Petrol,FRA
2018,575.35,France,Petrol,FRA
2018,561.92,France,Petrol,FRA
2018,559.03,France,Petrol,FRA
2018,551.04,France,Petrol,FRA
2018,545.65,France,Petrol,FRA
2018,542.56,France,Petrol,FRA
2018,529.7,France,Petrol,FRA
2018,514.32,France,Petrol,FRA
2018,519.78,France,Petrol,FRA
2018,522.78,France,Petrol,FRA
2018,520.3,France,Petrol,FRA
2018,525.78,France,Petrol,FRA
2018,539.28,France,Petrol,FRA
2018,541.02,France,Petrol,FRA
2018,539.93,France,Petrol,FRA
2018,538.82,France,Petrol,FRA
2018,537.84,France,Petrol,FRA
2018,532.12,France,Petrol,FRA
2018,513.88,France,Petrol,FRA
2017,509.93,France,Petrol,FRA
2017,508.62,France,Petrol,FRA
2017,513.55,France,Petrol,FRA
2017,514.27,France,Petrol,FRA
2017,520.68,France,Petrol,FRA
2017,516.49,France,Petrol,FRA
2017,487.25,France,Petrol,FRA
2017,473.88,France,Petrol,FRA
2017,459.57,France,Petrol,FRA
2017,472.82,France,Petrol,FRA
2017,476.05,France,Petrol,FRA
2017,484.5,France,Petrol,FRA
2017,482.83,France,Petrol,FRA
2017,486.07,France,Petrol,FRA
2017,485.49,France,Petrol,FRA
2017,456.28,France,Petrol,FRA
2017,457.22,France,Petrol,FRA
2017,457.67,France,Petrol,FRA
2017,456.12,France,Petrol,FRA
2017,454.46,France,Petrol,FRA
2017,438.85,France,Petrol,FRA
2017,447.49,France,Petrol,FRA
2017,442.72,France,Petrol,FRA
2017,436.77,France,Petrol,FRA
2017,442.23,France,Petrol,FRA
2017,447.68,France,Petrol,FRA
2017,460.23,France,Petrol,FRA
2017,471.42,France,Petrol,FRA
2017,480.87,France,Petrol,FRA
2017,482.41,France,Petrol,FRA
2017,481.73,France,Petrol,FRA
2017,479.78,France,Petrol,FRA
2017,485.92,France,Petrol,FRA
2017,505.67,France,Petrol,FRA
2017,516.12,France,Petrol,FRA
2017,503.52,France,Petrol,FRA
2017,486.08,France,Petrol,FRA
2017,484,France,Petrol,FRA
2017,491.61,France,Petrol,FRA
2017,508.48,France,Petrol,FRA
2017,518.23,France,Petrol,FRA
2017,521.42,France,Petrol,FRA
2017,523.69,France,Petrol,FRA
2017,518.36,France,Petrol,FRA
2017,517.77,France,Petrol,FRA
2017,517.92,France,Petrol,FRA
2017,517.28,France,Petrol,FRA
2017,515.85,France,Petrol,FRA
2017,518.01,France,Petrol,FRA
2017,513.24,France,Petrol,FRA
2025,754.01,Greece,Petrol,GRC
2025,764.5,Greece,Petrol,GRC
2025,767.72,Greece,Petrol,GRC
2025,764.5,Greece,Petrol,GRC
2025,766.11,Greece,Petrol,GRC
2025,773.37,Greece,Petrol,GRC
2025,771.76,Greece,Petrol,GRC
2025,749.18,Greece,Petrol,GRC
2025,735.47,Greece,Petrol,GRC
2024,728.21,Greece,Petrol,GRC
2024,726.6,Greece,Petrol,GRC
2024,722.56,Greece,Petrol,GRC
2024,720.95,Greece,Petrol,GRC
2024,725.79,Greece,Petrol,GRC
2024,722.56,Greece,Petrol,GRC
2024,714.5,Greece,Petrol,GRC
2024,716.92,Greece,Petrol,GRC
2024,717.72,Greece,Petrol,GRC
2024,728.21,Greece,Petrol,GRC
2024,730.63,Greece,Petrol,GRC
2024,724.98,Greece,Petrol,GRC
2024,701.6,Greece,Petrol,GRC
2024,696.76,Greece,Petrol,GRC
2024,695.14,Greece,Petrol,GRC
2024,691.92,Greece,Petrol,GRC
2024,712.08,Greece,Petrol,GRC
2024,741.92,Greece,Petrol,GRC
2024,753.21,Greece,Petrol,GRC
2024,775.79,Greece,Petrol,GRC
2024,778.21,Greece,Petrol,GRC
2024,797.56,Greece,Petrol,GRC
2024,803.21,Greece,Petrol,GRC
2024,811.27,Greece,Petrol,GRC
2024,823.37,Greece,Petrol,GRC
2024,824.18,Greece,Petrol,GRC
2024,814.5,Greece,Petrol,GRC
2024,808.05,Greece,Petrol,GRC
2024,796.76,Greece,Petrol,GRC
2024,796.76,Greece,Petrol,GRC
2024,820.14,Greece,Petrol,GRC
2024,829.01,Greece,Petrol,GRC
2024,840.31,Greece,Petrol,GRC
2024,856.43,Greece,Petrol,GRC
2024,877.4,Greece,Petrol,GRC
2024,883.85,Greece,Petrol,GRC
2024,884.66,Greece,Petrol,GRC
2024,869.34,Greece,Petrol,GRC
2024,863.69,Greece,Petrol,GRC
2024,851.6,Greece,Petrol,GRC
2024,844.34,Greece,Petrol,GRC
2024,823.37,Greece,Petrol,GRC
2024,821.76,Greece,Petrol,GRC
2024,822.56,Greece,Petrol,GRC
2024,817.72,Greece,Petrol,GRC
2024,816.92,Greece,Petrol,GRC
2024,794.34,Greece,Petrol,GRC
2024,783.05,Greece,Petrol,GRC
2024,766.11,Greece,Petrol,GRC
2024,750.79,Greece,Petrol,GRC
2024,745.14,Greece,Petrol,GRC
2024,749.18,Greece,Petrol,GRC
2024,753.21,Greece,Petrol,GRC
2023,752.4,Greece,Petrol,GRC
2023,745.14,Greece,Petrol,GRC
2023,758.85,Greece,Petrol,GRC
2023,781.43,Greece,Petrol,GRC
2023,787.08,Greece,Petrol,GRC
2023,791.92,Greece,Petrol,GRC
2023,795.95,Greece,Petrol,GRC
2023,807.24,Greece,Petrol,GRC
2023,813.69,Greece,Petrol,GRC
2023,813.69,Greece,Petrol,GRC
2023,813.69,Greece,Petrol,GRC
2023,841.11,Greece,Petrol,GRC
2023,901.6,Greece,Petrol,GRC
2023,929.82,Greece,Petrol,GRC
2023,927.4,Greece,Petrol,GRC
2023,899.18,Greece,Petrol,GRC
2023,892.72,Greece,Petrol,GRC
2023,890.31,Greece,Petrol,GRC
2023,889.5,Greece,Petrol,GRC
2023,870.14,Greece,Petrol,GRC
2023,864.5,Greece,Petrol,GRC
2023,855.63,Greece,Petrol,GRC
2023,817.72,Greece,Petrol,GRC
2023,803.21,Greece,Petrol,GRC
2023,791.92,Greece,Petrol,GRC
2023,787.08,Greece,Petrol,GRC
2023,795.14,Greece,Petrol,GRC
2023,795.95,Greece,Petrol,GRC
2023,798.37,Greece,Petrol,GRC
2023,788.69,Greece,Petrol,GRC
2023,785.47,Greece,Petrol,GRC
2023,762.89,Greece,Petrol,GRC
2023,758.05,Greece,Petrol,GRC
2023,766.11,Greece,Petrol,GRC
2023,800.79,Greece,Petrol,GRC
2023,829.01,Greece,Petrol,GRC
2023,855.63,Greece,Petrol,GRC
2023,849.18,Greece,Petrol,GRC
2023,831.43,Greece,Petrol,GRC
2023,816.92,Greece,Petrol,GRC
2023,813.69,Greece,Petrol,GRC
2023,824.18,Greece,Petrol,GRC
2023,817.72,Greece,Petrol,GRC
2023,815.31,Greece,Petrol,GRC
2023,818.53,Greece,Petrol,GRC
2023,812.89,Greece,Petrol,GRC
2023,824.18,Greece,Petrol,GRC
2023,832.24,Greece,Petrol,GRC
2023,812.89,Greece,Petrol,GRC
2023,782.24,Greece,Petrol,GRC
2023,780.63,Greece,Petrol,GRC
2023,773.37,Greece,Petrol,GRC
2022,758.05,Greece,Petrol,GRC
2022,758.85,Greece,Petrol,GRC
2022,783.05,Greece,Petrol,GRC
2022,862.89,Greece,Petrol,GRC
2022,888.69,Greece,Petrol,GRC
2022,939.5,Greece,Petrol,GRC
2022,983.05,Greece,Petrol,GRC
2022,973.37,Greece,Petrol,GRC
2022,927.4,Greece,Petrol,GRC
2022,918.53,Greece,Petrol,GRC
2022,925.79,Greece,Petrol,GRC
2022,911.27,Greece,Petrol,GRC
2022,883.85,Greece,Petrol,GRC
2022,856.43,Greece,Petrol,GRC
2022,860.47,Greece,Petrol,GRC
2022,868.53,Greece,Petrol,GRC
2022,898.37,Greece,Petrol,GRC
2022,939.5,Greece,Petrol,GRC
2022,932.24,Greece,Petrol,GRC
2022,932.24,Greece,Petrol,GRC
2022,967.72,Greece,Petrol,GRC
2022,1021.76,Greece,Petrol,GRC
2022,1045.95,Greece,Petrol,GRC
2022,1122.56,Greece,Petrol,GRC
2022,1174.98,Greece,Petrol,GRC
2022,1213.69,Greece,Petrol,GRC
2022,1220.14,Greece,Petrol,GRC
2022,1239.5,Greece,Petrol,GRC
2022,1226.6,Greece,Petrol,GRC
2022,1184.66,Greece,Petrol,GRC
2022,1120.95,Greece,Petrol,GRC
2022,1112.89,Greece,Petrol,GRC
2022,1062.89,Greece,Petrol,GRC
2022,1035.47,Greece,Petrol,GRC
2022,983.85,Greece,Petrol,GRC
2022,957.24,Greece,Petrol,GRC
2022,934.66,Greece,Petrol,GRC
2022,945.14,Greece,Petrol,GRC
2022,951.6,Greece,Petrol,GRC
2022,929.82,Greece,Petrol,GRC
2022,986.27,Greece,Petrol,GRC
2022,852.4,Greece,Petrol,GRC
2022,827.4,Greece,Petrol,GRC
2022,804.01,Greece,Petrol,GRC
2022,788.69,Greece,Petrol,GRC
2022,776.85,Greece,Petrol,GRC
2022,756.86,Greece,Petrol,GRC
2022,719.76,Greece,Petrol,GRC
2022,719.76,Greece,Petrol,GRC
2022,707.48,Greece,Petrol,GRC
2022,696.19,Greece,Petrol,GRC
2021,688.13,Greece,Petrol,GRC
2021,690.55,Greece,Petrol,GRC
2021,690.55,Greece,Petrol,GRC
2021,708.22,Greece,Petrol,GRC
2021,708.92,Greece,Petrol,GRC
2021,712.25,Greece,Petrol,GRC
2021,716.83,Greece,Petrol,GRC
2021,715.8,Greece,Petrol,GRC
2021,709.58,Greece,Petrol,GRC
2021,699.9,Greece,Petrol,GRC
2021,688.79,Greece,Petrol,GRC
2021,666.66,Greece,Petrol,GRC
2021,660.61,Greece,Petrol,GRC
2021,659.66,Greece,Petrol,GRC
2021,653.92,Greece,Petrol,GRC
2021,643.71,Greece,Petrol,GRC
2021,643.9,Greece,Petrol,GRC
2021,647.38,Greece,Petrol,GRC
2021,650.22,Greece,Petrol,GRC
2021,651.82,Greece,Petrol,GRC
2021,649.93,Greece,Petrol,GRC
2021,644.65,Greece,Petrol,GRC
2021,644.39,Greece,Petrol,GRC
2021,637.36,Greece,Petrol,GRC
2021,627.68,Greece,Petrol,GRC
2021,617.36,Greece,Petrol,GRC
2021,601.78,Greece,Petrol,GRC
2021,592.91,Greece,Petrol,GRC
2021,588.96,Greece,Petrol,GRC
2021,586.71,Greece,Petrol,GRC
2021,588.25,Greece,Petrol,GRC
2021,589.06,Greece,Petrol,GRC
2021,585.67,Greece,Petrol,GRC
2021,578.84,Greece,Petrol,GRC
2021,578.84,Greece,Petrol,GRC
2021,578.74,Greece,Petrol,GRC
2021,578.74,Greece,Petrol,GRC
2021,578.91,Greece,Petrol,GRC
2021,579.58,Greece,Petrol,GRC
2021,572.95,Greece,Petrol,GRC
2021,556.4,Greece,Petrol,GRC
2021,546.04,Greece,Petrol,GRC
2021,530.16,Greece,Petrol,GRC
2021,515.17,Greece,Petrol,GRC
2021,498.33,Greece,Petrol,GRC
2021,485.82,Greece,Petrol,GRC
2021,482.57,Greece,Petrol,GRC
2021,474.55,Greece,Petrol,GRC
2021,456.32,Greece,Petrol,GRC
2020,445.39,Greece,Petrol,GRC
2020,441.51,Greece,Petrol,GRC
2020,438.45,Greece,Petrol,GRC
2020,435.97,Greece,Petrol,GRC
2020,432.3,Greece,Petrol,GRC
2020,431.35,Greece,Petrol,GRC
2020,426.81,Greece,Petrol,GRC
2020,430.14,Greece,Petrol,GRC
2020,435.48,Greece,Petrol,GRC
2020,437.73,Greece,Petrol,GRC
2020,438.45,Greece,Petrol,GRC
2020,439.38,Greece,Petrol,GRC
2020,438.44,Greece,Petrol,GRC
2020,438.37,Greece,Petrol,GRC
2020,441.85,Greece,Petrol,GRC
2020,445.66,Greece,Petrol,GRC
2020,446.31,Greece,Petrol,GRC
2020,444.83,Greece,Petrol,GRC
2020,444.05,Greece,Petrol,GRC
2020,441.78,Greece,Petrol,GRC
2020,442.68,Greece,Petrol,GRC
2020,444.81,Greece,Petrol,GRC
2020,444.03,Greece,Petrol,GRC
2020,443.1,Greece,Petrol,GRC
2020,439.95,Greece,Petrol,GRC
2020,437.57,Greece,Petrol,GRC
2020,422.26,Greece,Petrol,GRC
2020,410.49,Greece,Petrol,GRC
2020,391.31,Greece,Petrol,GRC
2020,388.44,Greece,Petrol,GRC
2020,379.48,Greece,Petrol,GRC
2020,359.2,Greece,Petrol,GRC
2020,354.44,Greece,Petrol,GRC
2020,350.13,Greece,Petrol,GRC
2020,360.91,Greece,Petrol,GRC
2020,379.07,Greece,Petrol,GRC
2020,402.57,Greece,Petrol,GRC
2020,427.48,Greece,Petrol,GRC
2020,453.81,Greece,Petrol,GRC
2020,501.15,Greece,Petrol,GRC
2020,549.38,Greece,Petrol,GRC
2020,573.12,Greece,Petrol,GRC
2020,575.45,Greece,Petrol,GRC
2020,572.45,Greece,Petrol,GRC
2020,575.82,Greece,Petrol,GRC
2020,582.93,Greece,Petrol,GRC
2020,592.37,Greece,Petrol,GRC
2020,595.4,Greece,Petrol,GRC
2020,597.01,Greece,Petrol,GRC
2020,591.27,Greece,Petrol,GRC
2019,571.84,Greece,Petrol,GRC
2019,575.08,Greece,Petrol,GRC
2019,576.35,Greece,Petrol,GRC
2019,570.7,Greece,Petrol,GRC
2019,570.02,Greece,Petrol,GRC
2019,569.16,Greece,Petrol,GRC
2019,565.32,Greece,Petrol,GRC
2019,564.6,Greece,Petrol,GRC
2019,568.79,Greece,Petrol,GRC
2019,575.85,Greece,Petrol,GRC
2019,582.94,Greece,Petrol,GRC
2019,587.63,Greece,Petrol,GRC
2019,587.33,Greece,Petrol,GRC
2019,570.17,Greece,Petrol,GRC
2019,571.16,Greece,Petrol,GRC
2019,575.07,Greece,Petrol,GRC
2019,577.6,Greece,Petrol,GRC
2019,582.48,Greece,Petrol,GRC
2019,588.97,Greece,Petrol,GRC
2019,598.7,Greece,Petrol,GRC
2019,598.66,Greece,Petrol,GRC
2019,601.96,Greece,Petrol,GRC
2019,596.75,Greece,Petrol,GRC
2019,582.69,Greece,Petrol,GRC
2019,577.9,Greece,Petrol,GRC
2019,574.21,Greece,Petrol,GRC
2019,579.91,Greece,Petrol,GRC
2019,588.11,Greece,Petrol,GRC
2019,609.12,Greece,Petrol,GRC
2019,614.48,Greece,Petrol,GRC
2019,611.18,Greece,Petrol,GRC
2019,614.67,Greece,Petrol,GRC
2019,619.16,Greece,Petrol,GRC
2019,616.53,Greece,Petrol,GRC
2019,602.19,Greece,Petrol,GRC
2019,587.12,Greece,Petrol,GRC
2019,570.48,Greece,Petrol,GRC
2019,556.18,Greece,Petrol,GRC
2019,549.1,Greece,Petrol,GRC
2019,537.24,Greece,Petrol,GRC
2019,530.19,Greece,Petrol,GRC
2019,523.7,Greece,Petrol,GRC
2019,503.92,Greece,Petrol,GRC
2019,492.99,Greece,Petrol,GRC
2019,491.49,Greece,Petrol,GRC
2019,492.29,Greece,Petrol,GRC
2019,489.85,Greece,Petrol,GRC
2019,484.3,Greece,Petrol,GRC
2019,479.79,Greece,Petrol,GRC
2018,507.62,Greece,Petrol,GRC
2018,514.01,Greece,Petrol,GRC
2018,523.68,Greece,Petrol,GRC
2018,542.86,Greece,Petrol,GRC
2018,565.8,Greece,Petrol,GRC
2018,583.28,Greece,Petrol,GRC
2018,603.76,Greece,Petrol,GRC
2018,612.31,Greece,Petrol,GRC
2018,625.08,Greece,Petrol,GRC
2018,632.2,Greece,Petrol,GRC
2018,625.94,Greece,Petrol,GRC
2018,610.25,Greece,Petrol,GRC
2018,611.18,Greece,Petrol,GRC
2018,615.21,Greece,Petrol,GRC
2018,616.02,Greece,Petrol,GRC
2018,612.79,Greece,Petrol,GRC
2018,612.79,Greece,Petrol,GRC
2018,613.6,Greece,Petrol,GRC
2018,613.6,Greece,Petrol,GRC
2018,612.79,Greece,Petrol,GRC
2018,607.95,Greece,Petrol,GRC
2018,609.58,Greece,Petrol,GRC
2018,614.42,Greece,Petrol,GRC
2018,612.7,Greece,Petrol,GRC
2018,604.76,Greece,Petrol,GRC
2018,606.57,Greece,Petrol,GRC
2018,611.82,Greece,Petrol,GRC
2018,621.5,Greece,Petrol,GRC
2018,621.5,Greece,Petrol,GRC
2018,615.65,Greece,Petrol,GRC
2018,597.31,Greece,Petrol,GRC
2018,579.1,Greece,Petrol,GRC
2018,568.2,Greece,Petrol,GRC
2018,558.52,Greece,Petrol,GRC
2018,549.92,Greece,Petrol,GRC
2018,544.36,Greece,Petrol,GRC
2018,525.19,Greece,Petrol,GRC
2018,525.19,Greece,Petrol,GRC
2018,518.34,Greece,Petrol,GRC
2018,519.28,Greece,Petrol,GRC
2018,521.54,Greece,Petrol,GRC
2018,539.15,Greece,Petrol,GRC
2018,539.15,Greece,Petrol,GRC
2018,539.15,Greece,Petrol,GRC
2018,538.1,Greece,Petrol,GRC
2018,538.78,Greece,Petrol,GRC
2018,538.13,Greece,Petrol,GRC
2018,534.06,Greece,Petrol,GRC
2018,530.96,Greece,Petrol,GRC
2018,526.33,Greece,Petrol,GRC
2017,526.33,Greece,Petrol,GRC
2017,526.46,Greece,Petrol,GRC
2017,527.16,Greece,Petrol,GRC
2017,529.54,Greece,Petrol,GRC
2017,523.58,Greece,Petrol,GRC
2017,523.58,Greece,Petrol,GRC
2017,509.41,Greece,Petrol,GRC
2017,502.44,Greece,Petrol,GRC
2017,501.7,Greece,Petrol,GRC
2017,502.64,Greece,Petrol,GRC
2017,504.23,Greece,Petrol,GRC
2017,505.68,Greece,Petrol,GRC
2017,506.58,Greece,Petrol,GRC
2017,503.97,Greece,Petrol,GRC
2017,503.97,Greece,Petrol,GRC
2017,489.59,Greece,Petrol,GRC
2017,489.85,Greece,Petrol,GRC
2017,475.49,Greece,Petrol,GRC
2017,475.49,Greece,Petrol,GRC
2017,475.49,Greece,Petrol,GRC
2017,475.49,Greece,Petrol,GRC
2017,474.95,Greece,Petrol,GRC
2017,467.69,Greece,Petrol,GRC
2017,467.69,Greece,Petrol,GRC
2017,467.69,Greece,Petrol,GRC
2017,472.58,Greece,Petrol,GRC
2017,482.16,Greece,Petrol,GRC
2017,494.88,Greece,Petrol,GRC
2017,501.82,Greece,Petrol,GRC
2017,502.4,Greece,Petrol,GRC
2017,501.71,Greece,Petrol,GRC
2017,504.3,Greece,Petrol,GRC
2017,518.75,Greece,Petrol,GRC
2017,533.73,Greece,Petrol,GRC
2017,517.2,Greece,Petrol,GRC
2017,517.2,Greece,Petrol,GRC
2017,508.75,Greece,Petrol,GRC
2017,512.09,Greece,Petrol,GRC
2017,519.48,Greece,Petrol,GRC
2017,531.29,Greece,Petrol,GRC
2017,538.12,Greece,Petrol,GRC
2017,538.12,Greece,Petrol,GRC
2017,537.18,Greece,Petrol,GRC
2017,534.93,Greece,Petrol,GRC
2017,534.16,Greece,Petrol,GRC
2017,535.78,Greece,Petrol,GRC
2017,537.34,Greece,Petrol,GRC
2017,537.44,Greece,Petrol,GRC
2017,534.84,Greece,Petrol,GRC
2017,525.94,Greece,Petrol,GRC
2025,741.29,Croatia,Petrol,HRV
2025,742.09,Croatia,Petrol,HRV
2025,741.29,Croatia,Petrol,HRV
2025,754.09,Croatia,Petrol,HRV
2025,755.69,Croatia,Petrol,HRV
2025,735.69,Croatia,Petrol,HRV
2025,733.29,Croatia,Petrol,HRV
2025,710.09,Croatia,Petrol,HRV
2025,709.29,Croatia,Petrol,HRV
2024,702.09,Croatia,Petrol,HRV
2024,702.09,Croatia,Petrol,HRV
2024,709.29,Croatia,Petrol,HRV
2024,710.09,Croatia,Petrol,HRV
2024,697.29,Croatia,Petrol,HRV
2024,694.09,Croatia,Petrol,HRV
2024,702.09,Croatia,Petrol,HRV
2024,702.09,Croatia,Petrol,HRV
2024,719.69,Croatia,Petrol,HRV
2024,719.69,Croatia,Petrol,HRV
2024,690.09,Croatia,Petrol,HRV
2024,686.09,Croatia,Petrol,HRV
2024,678.09,Croatia,Petrol,HRV
2024,678.09,Croatia,Petrol,HRV
2024,690.09,Croatia,Petrol,HRV
2024,691.69,Croatia,Petrol,HRV
2024,730.09,Croatia,Petrol,HRV
2024,731.69,Croatia,Petrol,HRV
2024,755.69,Croatia,Petrol,HRV
2024,755.69,Croatia,Petrol,HRV
2024,750.09,Croatia,Petrol,HRV
2024,751.69,Croatia,Petrol,HRV
2024,774.09,Croatia,Petrol,HRV
2024,775.69,Croatia,Petrol,HRV
2024,770.09,Croatia,Petrol,HRV
2024,769.29,Croatia,Petrol,HRV
2024,740,Croatia,Petrol,HRV
2024,737.6,Croatia,Petrol,HRV
2024,764,Croatia,Petrol,HRV
2024,768,Croatia,Petrol,HRV
2024,785.6,Croatia,Petrol,HRV
2024,785.6,Croatia,Petrol,HRV
2024,821.6,Croatia,Petrol,HRV
2024,824,Croatia,Petrol,HRV
2024,840,Croatia,Petrol,HRV
2024,841.6,Croatia,Petrol,HRV
2024,825.6,Croatia,Petrol,HRV
2024,825.6,Croatia,Petrol,HRV
2024,809.6,Croatia,Petrol,HRV
2024,809.6,Croatia,Petrol,HRV
2024,784,Croatia,Petrol,HRV
2024,784,Croatia,Petrol,HRV
2024,785.6,Croatia,Petrol,HRV
2024,784,Croatia,Petrol,HRV
2024,757.6,Croatia,Petrol,HRV
2024,752,Croatia,Petrol,HRV
2024,730.4,Croatia,Petrol,HRV
2024,698.4,Croatia,Petrol,HRV
2024,698.4,Croatia,Petrol,HRV
2024,696,Croatia,Petrol,HRV
2024,712,Croatia,Petrol,HRV
2024,712,Croatia,Petrol,HRV
2024,696,Croatia,Petrol,HRV
2023,696,Croatia,Petrol,HRV
2023,732,Croatia,Petrol,HRV
2023,736,Croatia,Petrol,HRV
2023,744,Croatia,Petrol,HRV
2023,744,Croatia,Petrol,HRV
2023,758.4,Croatia,Petrol,HRV
2023,760,Croatia,Petrol,HRV
2023,760,Croatia,Petrol,HRV
2023,760,Croatia,Petrol,HRV
2023,794.4,Croatia,Petrol,HRV
2023,794.4,Croatia,Petrol,HRV
2023,881.6,Croatia,Petrol,HRV
2023,885.6,Croatia,Petrol,HRV
2023,858.4,Croatia,Petrol,HRV
2023,854.4,Croatia,Petrol,HRV
2023,846.4,Croatia,Petrol,HRV
2023,846.4,Croatia,Petrol,HRV
2023,825.6,Croatia,Petrol,HRV
2023,822.4,Croatia,Petrol,HRV
2023,800,Croatia,Petrol,HRV
2023,801.6,Croatia,Petrol,HRV
2023,760,Croatia,Petrol,HRV
2023,758.4,Croatia,Petrol,HRV
2023,742.4,Croatia,Petrol,HRV
2023,741.6,Croatia,Petrol,HRV
2023,758,Croatia,Petrol,HRV
2023,758,Croatia,Petrol,HRV
2023,743.6,Croatia,Petrol,HRV
2023,740.4,Croatia,Petrol,HRV
2023,688.4,Croatia,Petrol,HRV
2023,688.4,Croatia,Petrol,HRV
2023,688.4,Croatia,Petrol,HRV
2023,687.6,Croatia,Petrol,HRV
2023,768.4,Croatia,Petrol,HRV
2023,768.4,Croatia,Petrol,HRV
2023,792.4,Croatia,Petrol,HRV
2023,792.4,Croatia,Petrol,HRV
2023,760.4,Croatia,Petrol,HRV
2023,758,Croatia,Petrol,HRV
2023,763.6,Croatia,Petrol,HRV
2023,763.6,Croatia,Petrol,HRV
2023,747.6,Croatia,Petrol,HRV
2023,746,Croatia,Petrol,HRV
2023,746,Croatia,Petrol,HRV
2023,744.4,Croatia,Petrol,HRV
2023,768.4,Croatia,Petrol,HRV
2023,768.4,Croatia,Petrol,HRV
2023,718,Croatia,Petrol,HRV
2023,712.4,Croatia,Petrol,HRV
2023,704.4,Croatia,Petrol,HRV
2023,704.4,Croatia,Petrol,HRV
2023,679.22,Croatia,Petrol,HRV
2022,658.94,Croatia,Petrol,HRV
2022,759.52,Croatia,Petrol,HRV
2022,758.06,Croatia,Petrol,HRV
2022,851.6,Croatia,Petrol,HRV
2022,851.84,Croatia,Petrol,HRV
2022,863.16,Croatia,Petrol,HRV
2022,862.7,Croatia,Petrol,HRV
2022,807.06,Croatia,Petrol,HRV
2022,807.75,Croatia,Petrol,HRV
2022,772.42,Croatia,Petrol,HRV
2022,767.85,Croatia,Petrol,HRV
2022,767.69,Croatia,Petrol,HRV
2022,743.3,Croatia,Petrol,HRV
2022,752.62,Croatia,Petrol,HRV
2022,752.4,Croatia,Petrol,HRV
2022,757.71,Croatia,Petrol,HRV
2022,818.8,Croatia,Petrol,HRV
2022,819.18,Croatia,Petrol,HRV
2022,819.14,Croatia,Petrol,HRV
2022,831.8,Croatia,Petrol,HRV
2022,905.29,Croatia,Petrol,HRV
2022,907.43,Croatia,Petrol,HRV
2022,1012.94,Croatia,Petrol,HRV
2022,1062.37,Croatia,Petrol,HRV
2022,1073.69,Croatia,Petrol,HRV
2022,1073.98,Croatia,Petrol,HRV
2022,1072.46,Croatia,Petrol,HRV
2022,1057.27,Croatia,Petrol,HRV
2022,1056.7,Croatia,Petrol,HRV
2022,1038.63,Croatia,Petrol,HRV
2022,1034.3,Croatia,Petrol,HRV
2022,986.04,Croatia,Petrol,HRV
2022,972.66,Croatia,Petrol,HRV
2022,905.61,Croatia,Petrol,HRV
2022,874.8,Croatia,Petrol,HRV
2022,856.7,Croatia,Petrol,HRV
2022,845.46,Croatia,Petrol,HRV
2022,884.34,Croatia,Petrol,HRV
2022,763.61,Croatia,Petrol,HRV
2022,880.57,Croatia,Petrol,HRV
2022,790.65,Croatia,Petrol,HRV
2022,719.05,Croatia,Petrol,HRV
2022,711.02,Croatia,Petrol,HRV
2022,710.83,Croatia,Petrol,HRV
2022,709.97,Croatia,Petrol,HRV
2022,715.74,Croatia,Petrol,HRV
2022,706.79,Croatia,Petrol,HRV
2022,706.81,Croatia,Petrol,HRV
2022,683.79,Croatia,Petrol,HRV
2022,676.32,Croatia,Petrol,HRV
2022,674.56,Croatia,Petrol,HRV
2021,674.92,Croatia,Petrol,HRV
2021,646.08,Croatia,Petrol,HRV
2021,672.93,Croatia,Petrol,HRV
2021,673.24,Croatia,Petrol,HRV
2021,674.18,Croatia,Petrol,HRV
2021,670.96,Croatia,Petrol,HRV
2021,667.66,Croatia,Petrol,HRV
2021,667.08,Croatia,Petrol,HRV
2021,666.91,Croatia,Petrol,HRV
2021,668.58,Croatia,Petrol,HRV
2021,681.68,Croatia,Petrol,HRV
2021,660.14,Croatia,Petrol,HRV
2021,670.26,Croatia,Petrol,HRV
2021,674.07,Croatia,Petrol,HRV
2021,657.97,Croatia,Petrol,HRV
2021,642.82,Croatia,Petrol,HRV
2021,632.12,Croatia,Petrol,HRV
2021,648.15,Croatia,Petrol,HRV
2021,652.2,Croatia,Petrol,HRV
2021,667.24,Croatia,Petrol,HRV
2021,644.16,Croatia,Petrol,HRV
2021,657.8,Croatia,Petrol,HRV
2021,650.85,Croatia,Petrol,HRV
2021,647.17,Croatia,Petrol,HRV
2021,639.38,Croatia,Petrol,HRV
2021,619.71,Croatia,Petrol,HRV
2021,610.39,Croatia,Petrol,HRV
2021,605.69,Croatia,Petrol,HRV
2021,594.09,Croatia,Petrol,HRV
2021,589.7,Croatia,Petrol,HRV
2021,599.55,Croatia,Petrol,HRV
2021,606.14,Croatia,Petrol,HRV
2021,587.15,Croatia,Petrol,HRV
2021,583.83,Croatia,Petrol,HRV
2021,586.37,Croatia,Petrol,HRV
2021,575.86,Croatia,Petrol,HRV
2021,584.73,Croatia,Petrol,HRV
2021,585.29,Croatia,Petrol,HRV
2021,592.45,Croatia,Petrol,HRV
2021,570.04,Croatia,Petrol,HRV
2021,562.68,Croatia,Petrol,HRV
2021,548.89,Croatia,Petrol,HRV
2021,531.58,Croatia,Petrol,HRV
2021,520.97,Croatia,Petrol,HRV
2021,504.98,Croatia,Petrol,HRV
2021,504.96,Croatia,Petrol,HRV
2021,503.38,Croatia,Petrol,HRV
2021,482.11,Croatia,Petrol,HRV
2021,466.7,Croatia,Petrol,HRV
2020,459.78,Croatia,Petrol,HRV
2020,453.82,Croatia,Petrol,HRV
2020,451.14,Croatia,Petrol,HRV
2020,434.11,Croatia,Petrol,HRV
2020,438.96,Croatia,Petrol,HRV
2020,421.09,Croatia,Petrol,HRV
2020,417.87,Croatia,Petrol,HRV
2020,439.87,Croatia,Petrol,HRV
2020,448.88,Croatia,Petrol,HRV
2020,458,Croatia,Petrol,HRV
2020,456.57,Croatia,Petrol,HRV
2020,458.88,Croatia,Petrol,HRV
2020,465.27,Croatia,Petrol,HRV
2020,456.26,Croatia,Petrol,HRV
2020,462.8,Croatia,Petrol,HRV
2020,473.99,Croatia,Petrol,HRV
2020,466.31,Croatia,Petrol,HRV
2020,462.92,Croatia,Petrol,HRV
2020,452.48,Croatia,Petrol,HRV
2020,449.03,Croatia,Petrol,HRV
2020,461.13,Croatia,Petrol,HRV
2020,459.69,Croatia,Petrol,HRV
2020,462.86,Croatia,Petrol,HRV
2020,454.26,Croatia,Petrol,HRV
2020,454.75,Croatia,Petrol,HRV
2020,443.6,Croatia,Petrol,HRV
2020,430.52,Croatia,Petrol,HRV
2020,416.78,Croatia,Petrol,HRV
2020,398.89,Croatia,Petrol,HRV
2020,399.82,Croatia,Petrol,HRV
2020,363.16,Croatia,Petrol,HRV
2020,358.08,Croatia,Petrol,HRV
2020,324.97,Croatia,Petrol,HRV
2020,313.69,Croatia,Petrol,HRV
2020,330.8,Croatia,Petrol,HRV
2020,327.62,Croatia,Petrol,HRV
2020,340.65,Croatia,Petrol,HRV
2020,394.31,Croatia,Petrol,HRV
2020,429.87,Croatia,Petrol,HRV
2020,474.18,Croatia,Petrol,HRV
2020,503.21,Croatia,Petrol,HRV
2020,546.05,Croatia,Petrol,HRV
2020,534.55,Croatia,Petrol,HRV
2020,529.32,Croatia,Petrol,HRV
2020,537.73,Croatia,Petrol,HRV
2020,555.54,Croatia,Petrol,HRV
2020,563.11,Croatia,Petrol,HRV
2020,569.25,Croatia,Petrol,HRV
2020,567.51,Croatia,Petrol,HRV
2020,573.06,Croatia,Petrol,HRV
2019,553.86,Croatia,Petrol,HRV
2019,568.69,Croatia,Petrol,HRV
2019,568.76,Croatia,Petrol,HRV
2019,560.37,Croatia,Petrol,HRV
2019,562.26,Croatia,Petrol,HRV
2019,554.05,Croatia,Petrol,HRV
2019,541.3,Croatia,Petrol,HRV
2019,535.53,Croatia,Petrol,HRV
2019,549.73,Croatia,Petrol,HRV
2019,556.66,Croatia,Petrol,HRV
2019,564.8,Croatia,Petrol,HRV
2019,580.87,Croatia,Petrol,HRV
2019,548.47,Croatia,Petrol,HRV
2019,539,Croatia,Petrol,HRV
2019,545.27,Croatia,Petrol,HRV
2019,537.58,Croatia,Petrol,HRV
2019,538.11,Croatia,Petrol,HRV
2019,545.5,Croatia,Petrol,HRV
2019,581.26,Croatia,Petrol,HRV
2019,584.57,Croatia,Petrol,HRV
2019,587.39,Croatia,Petrol,HRV
2019,601.88,Croatia,Petrol,HRV
2019,575.53,Croatia,Petrol,HRV
2019,570.18,Croatia,Petrol,HRV
2019,553.85,Croatia,Petrol,HRV
2019,553.23,Croatia,Petrol,HRV
2019,547.7,Croatia,Petrol,HRV
2019,583.04,Croatia,Petrol,HRV
2019,601.24,Croatia,Petrol,HRV
2019,597.6,Croatia,Petrol,HRV
2019,586.52,Croatia,Petrol,HRV
2019,606.27,Croatia,Petrol,HRV
2019,616.8,Croatia,Petrol,HRV
2019,604.53,Croatia,Petrol,HRV
2019,592.25,Croatia,Petrol,HRV
2019,575.47,Croatia,Petrol,HRV
2019,560.78,Croatia,Petrol,HRV
2019,557.53,Croatia,Petrol,HRV
2019,543.67,Croatia,Petrol,HRV
2019,529.23,Croatia,Petrol,HRV
2019,530.1,Croatia,Petrol,HRV
2019,507.63,Croatia,Petrol,HRV
2019,492.36,Croatia,Petrol,HRV
2019,486.21,Croatia,Petrol,HRV
2019,487.84,Croatia,Petrol,HRV
2019,483.41,Croatia,Petrol,HRV
2019,480.21,Croatia,Petrol,HRV
2019,464.77,Croatia,Petrol,HRV
2019,453.79,Croatia,Petrol,HRV
2018,485.33,Croatia,Petrol,HRV
2018,489.62,Croatia,Petrol,HRV
2018,500.82,Croatia,Petrol,HRV
2018,522.28,Croatia,Petrol,HRV
2018,536.65,Croatia,Petrol,HRV
2018,566.69,Croatia,Petrol,HRV
2018,579.81,Croatia,Petrol,HRV
2018,587.44,Croatia,Petrol,HRV
2018,611.8,Croatia,Petrol,HRV
2018,631.71,Croatia,Petrol,HRV
2018,609.39,Croatia,Petrol,HRV
2018,595.08,Croatia,Petrol,HRV
2018,598.83,Croatia,Petrol,HRV
2018,605.45,Croatia,Petrol,HRV
2018,609.36,Croatia,Petrol,HRV
2018,603.81,Croatia,Petrol,HRV
2018,597.08,Croatia,Petrol,HRV
2018,597.11,Croatia,Petrol,HRV
2018,600.62,Croatia,Petrol,HRV
2018,604.58,Croatia,Petrol,HRV
2018,583.31,Croatia,Petrol,HRV
2018,601.48,Croatia,Petrol,HRV
2018,604.34,Croatia,Petrol,HRV
2018,600.16,Croatia,Petrol,HRV
2018,590.53,Croatia,Petrol,HRV
2018,594.16,Croatia,Petrol,HRV
2018,600.37,Croatia,Petrol,HRV
2018,613.32,Croatia,Petrol,HRV
2018,621.76,Croatia,Petrol,HRV
2018,607.98,Croatia,Petrol,HRV
2018,594.35,Croatia,Petrol,HRV
2018,573.28,Croatia,Petrol,HRV
2018,566.71,Croatia,Petrol,HRV
2018,550.39,Croatia,Petrol,HRV
2018,546.55,Croatia,Petrol,HRV
2018,532.81,Croatia,Petrol,HRV
2018,538.21,Croatia,Petrol,HRV
2018,511.8,Croatia,Petrol,HRV
2018,504.04,Croatia,Petrol,HRV
2018,507.83,Croatia,Petrol,HRV
2018,503.99,Croatia,Petrol,HRV
2018,493.42,Croatia,Petrol,HRV
2018,512.04,Croatia,Petrol,HRV
2018,530.4,Croatia,Petrol,HRV
2018,540.94,Croatia,Petrol,HRV
2018,532.59,Croatia,Petrol,HRV
2018,533.01,Croatia,Petrol,HRV
2018,527.41,Croatia,Petrol,HRV
2018,532.22,Croatia,Petrol,HRV
2018,524.84,Croatia,Petrol,HRV
2017,504.94,Croatia,Petrol,HRV
2017,510.85,Croatia,Petrol,HRV
2017,513.04,Croatia,Petrol,HRV
2017,510.77,Croatia,Petrol,HRV
2017,526.97,Croatia,Petrol,HRV
2017,507.44,Croatia,Petrol,HRV
2017,491.41,Croatia,Petrol,HRV
2017,487.32,Croatia,Petrol,HRV
2017,482.22,Croatia,Petrol,HRV
2017,481.25,Croatia,Petrol,HRV
2017,489.86,Croatia,Petrol,HRV
2017,487.02,Croatia,Petrol,HRV
2017,490.67,Croatia,Petrol,HRV
2017,494.46,Croatia,Petrol,HRV
2017,499.39,Croatia,Petrol,HRV
2017,479.14,Croatia,Petrol,HRV
2017,474.53,Croatia,Petrol,HRV
2017,478.36,Croatia,Petrol,HRV
2017,482.95,Croatia,Petrol,HRV
2017,472.53,Croatia,Petrol,HRV
2017,469.46,Croatia,Petrol,HRV
2017,457.99,Croatia,Petrol,HRV
2017,463.09,Croatia,Petrol,HRV
2017,457.03,Croatia,Petrol,HRV
2017,449.94,Croatia,Petrol,HRV
2017,453.82,Croatia,Petrol,HRV
2017,464.69,Croatia,Petrol,HRV
2017,481.2,Croatia,Petrol,HRV
2017,496.81,Croatia,Petrol,HRV
2017,493.69,Croatia,Petrol,HRV
2017,479.9,Croatia,Petrol,HRV
2017,482.59,Croatia,Petrol,HRV
2017,503.86,Croatia,Petrol,HRV
2017,523.9,Croatia,Petrol,HRV
2017,535.38,Croatia,Petrol,HRV
2017,498.08,Croatia,Petrol,HRV
2017,489.12,Croatia,Petrol,HRV
2017,483.8,Croatia,Petrol,HRV
2017,496.82,Croatia,Petrol,HRV
2017,511.32,Croatia,Petrol,HRV
2017,525.74,Croatia,Petrol,HRV
2017,530.86,Croatia,Petrol,HRV
2017,524.02,Croatia,Petrol,HRV
2017,521.88,Croatia,Petrol,HRV
2017,522.81,Croatia,Petrol,HRV
2017,524.04,Croatia,Petrol,HRV
2017,521.94,Croatia,Petrol,HRV
2017,525.24,Croatia,Petrol,HRV
2017,525.01,Croatia,Petrol,HRV
2017,516.44,Croatia,Petrol,HRV
2025,804.5614714182253,Hungary,Petrol,HUN
2025,816.7406457716149,Hungary,Petrol,HUN
2025,823.7308391208026,Hungary,Petrol,HUN
2025,829.7916460334752,Hungary,Petrol,HUN
2025,816.8982444972211,Hungary,Petrol,HUN
2025,828.4702774108323,Hungary,Petrol,HUN
2025,828.5705191818953,Hungary,Petrol,HUN
2025,819.0963063237284,Hungary,Petrol,HUN
2025,801.5789765602392,Hungary,Petrol,HUN
2024,793.9571841664035,Hungary,Petrol,HUN
2024,798.8098672469013,Hungary,Petrol,HUN
2024,798.8098672469013,Hungary,Petrol,HUN
2024,805.6999148936171,Hungary,Petrol,HUN
2024,798.3644294493313,Hungary,Petrol,HUN
2024,798.778246864171,Hungary,Petrol,HUN
2024,788.4448005872279,Hungary,Petrol,HUN
2024,785.0864682762492,Hungary,Petrol,HUN
2024,778.9525537601451,Hungary,Petrol,HUN
2024,782.3231973914977,Hungary,Petrol,HUN
2024,790.2098107569722,Hungary,Petrol,HUN
2024,786.9751235091572,Hungary,Petrol,HUN
2024,761.4459311579785,Hungary,Petrol,HUN
2024,762.9144829671437,Hungary,Petrol,HUN
2024,774.3822843822844,Hungary,Petrol,HUN
2024,767.0670847827744,Hungary,Petrol,HUN
2024,773.7040282863998,Hungary,Petrol,HUN
2024,796.0560438160744,Hungary,Petrol,HUN
2024,796.1276218910508,Hungary,Petrol,HUN
2024,826.9208049252062,Hungary,Petrol,HUN
2024,823.3509472345836,Hungary,Petrol,HUN
2024,815.9503827330907,Hungary,Petrol,HUN
2024,823.0562802547771,Hungary,Petrol,HUN
2024,828.4042352099724,Hungary,Petrol,HUN
2024,840.7659139675078,Hungary,Petrol,HUN
2024,832.4884469217127,Hungary,Petrol,HUN
2024,830.0550412175016,Hungary,Petrol,HUN
2024,814.8903793488183,Hungary,Petrol,HUN
2024,788.8421703470033,Hungary,Petrol,HUN
2024,777.6992769250286,Hungary,Petrol,HUN
2024,797.4725344915687,Hungary,Petrol,HUN
2024,824.8390174161685,Hungary,Petrol,HUN
2024,827.3409049656425,Hungary,Petrol,HUN
2024,836.7673643410852,Hungary,Petrol,HUN
2024,866.2449535158457,Hungary,Petrol,HUN
2024,887.0458839750792,Hungary,Petrol,HUN
2024,899.4222137598375,Hungary,Petrol,HUN
2024,882.1982498414711,Hungary,Petrol,HUN
2024,896.4874351199959,Hungary,Petrol,HUN
2024,884.5946337741608,Hungary,Petrol,HUN
2024,859.1533384107641,Hungary,Petrol,HUN
2024,836.94,Hungary,Petrol,HUN
2024,841.03,Hungary,Petrol,HUN
2024,823.54,Hungary,Petrol,HUN
2024,840.39,Hungary,Petrol,HUN
2024,835.4,Hungary,Petrol,HUN
2024,814.52,Hungary,Petrol,HUN
2024,824.89,Hungary,Petrol,HUN
2024,788.62,Hungary,Petrol,HUN
2024,782.93,Hungary,Petrol,HUN
2024,783.38,Hungary,Petrol,HUN
2024,754.14,Hungary,Petrol,HUN
2024,752.93,Hungary,Petrol,HUN
2023,801.14,Hungary,Petrol,HUN
2023,805.17,Hungary,Petrol,HUN
2023,858.52,Hungary,Petrol,HUN
2023,872.9,Hungary,Petrol,HUN
2023,876.89,Hungary,Petrol,HUN
2023,893.86,Hungary,Petrol,HUN
2023,918.07,Hungary,Petrol,HUN
2023,937.64,Hungary,Petrol,HUN
2023,927.04,Hungary,Petrol,HUN
2023,921.96,Hungary,Petrol,HUN
2023,908.61,Hungary,Petrol,HUN
2023,956.02,Hungary,Petrol,HUN
2023,990.85,Hungary,Petrol,HUN
2023,1009.21,Hungary,Petrol,HUN
2023,1021.35,Hungary,Petrol,HUN
2023,1000.67,Hungary,Petrol,HUN
2023,1000.25,Hungary,Petrol,HUN
2023,1000.05,Hungary,Petrol,HUN
2023,1001.03,Hungary,Petrol,HUN
2023,972.83,Hungary,Petrol,HUN
2023,955.32,Hungary,Petrol,HUN
2023,924.97,Hungary,Petrol,HUN
2023,904.05,Hungary,Petrol,HUN
2023,918.79,Hungary,Petrol,HUN
2023,869.07,Hungary,Petrol,HUN
2023,875.74,Hungary,Petrol,HUN
2023,905.23,Hungary,Petrol,HUN
2023,888.26,Hungary,Petrol,HUN
2023,898,Hungary,Petrol,HUN
2023,894.28,Hungary,Petrol,HUN
2023,891.06,Hungary,Petrol,HUN
2023,838.48,Hungary,Petrol,HUN
2023,850.75,Hungary,Petrol,HUN
2023,872.66,Hungary,Petrol,HUN
2023,889.64,Hungary,Petrol,HUN
2023,912.96,Hungary,Petrol,HUN
2023,959.61,Hungary,Petrol,HUN
2023,949.17,Hungary,Petrol,HUN
2023,946.55,Hungary,Petrol,HUN
2023,913.47,Hungary,Petrol,HUN
2023,886.56,Hungary,Petrol,HUN
2023,902.96,Hungary,Petrol,HUN
2023,932.83,Hungary,Petrol,HUN
2023,937.41,Hungary,Petrol,HUN
2023,949.52,Hungary,Petrol,HUN
2023,938.99,Hungary,Petrol,HUN
2023,936.63,Hungary,Petrol,HUN
2023,946.52,Hungary,Petrol,HUN
2023,930.49,Hungary,Petrol,HUN
2023,923.97,Hungary,Petrol,HUN
2023,990.81,Hungary,Petrol,HUN
2023,949.59,Hungary,Petrol,HUN
2022,929.21,Hungary,Petrol,HUN
2022,946.04,Hungary,Petrol,HUN
2022,955.29,Hungary,Petrol,HUN
2022,720.34,Hungary,Petrol,HUN
2022,736.31,Hungary,Petrol,HUN
2022,743.14,Hungary,Petrol,HUN
2022,758.3,Hungary,Petrol,HUN
2022,764.32,Hungary,Petrol,HUN
2022,732.45,Hungary,Petrol,HUN
2022,749.58,Hungary,Petrol,HUN
2022,736.67,Hungary,Petrol,HUN
2022,710.42,Hungary,Petrol,HUN
2022,709.2,Hungary,Petrol,HUN
2022,740.43,Hungary,Petrol,HUN
2022,752.11,Hungary,Petrol,HUN
2022,765.63,Hungary,Petrol,HUN
2022,767.91,Hungary,Petrol,HUN
2022,767.1,Hungary,Petrol,HUN
2022,770.71,Hungary,Petrol,HUN
2022,768.69,Hungary,Petrol,HUN
2022,793.25,Hungary,Petrol,HUN
2022,779.67,Hungary,Petrol,HUN
2022,741.08,Hungary,Petrol,HUN
2022,728.53,Hungary,Petrol,HUN
2022,715.79,Hungary,Petrol,HUN
2022,726.55,Hungary,Petrol,HUN
2022,722.26,Hungary,Petrol,HUN
2022,727.18,Hungary,Petrol,HUN
2022,730.71,Hungary,Petrol,HUN
2022,749.84,Hungary,Petrol,HUN
2022,734.91,Hungary,Petrol,HUN
2022,741.17,Hungary,Petrol,HUN
2022,733.08,Hungary,Petrol,HUN
2022,738.08,Hungary,Petrol,HUN
2022,747.28,Hungary,Petrol,HUN
2022,756.13,Hungary,Petrol,HUN
2022,747.74,Hungary,Petrol,HUN
2022,766.19,Hungary,Petrol,HUN
2022,756.01,Hungary,Petrol,HUN
2022,755.29,Hungary,Petrol,HUN
2022,756.37,Hungary,Petrol,HUN
2022,668.38,Hungary,Petrol,HUN
2022,693.17,Hungary,Petrol,HUN
2022,709.42,Hungary,Petrol,HUN
2022,710.29,Hungary,Petrol,HUN
2022,717.43,Hungary,Petrol,HUN
2022,709.73,Hungary,Petrol,HUN
2022,701.68,Hungary,Petrol,HUN
2022,705.33,Hungary,Petrol,HUN
2022,701.73,Hungary,Petrol,HUN
2022,680.62,Hungary,Petrol,HUN
2021,680.14,Hungary,Petrol,HUN
2021,663.29,Hungary,Petrol,HUN
2021,693.59,Hungary,Petrol,HUN
2021,686.9,Hungary,Petrol,HUN
2021,686.95,Hungary,Petrol,HUN
2021,692.63,Hungary,Petrol,HUN
2021,758.09,Hungary,Petrol,HUN
2021,763.34,Hungary,Petrol,HUN
2021,730.25,Hungary,Petrol,HUN
2021,728.58,Hungary,Petrol,HUN
2021,710.91,Hungary,Petrol,HUN
2021,683.93,Hungary,Petrol,HUN
2021,659.36,Hungary,Petrol,HUN
2021,675.26,Hungary,Petrol,HUN
2021,665.64,Hungary,Petrol,HUN
2021,662.49,Hungary,Petrol,HUN
2021,640.25,Hungary,Petrol,HUN
2021,650.74,Hungary,Petrol,HUN
2021,649.67,Hungary,Petrol,HUN
2021,658.34,Hungary,Petrol,HUN
2021,658.91,Hungary,Petrol,HUN
2021,637.52,Hungary,Petrol,HUN
2021,645.54,Hungary,Petrol,HUN
2021,641.99,Hungary,Petrol,HUN
2021,637.01,Hungary,Petrol,HUN
2021,632.12,Hungary,Petrol,HUN
2021,612.05,Hungary,Petrol,HUN
2021,607.59,Hungary,Petrol,HUN
2021,610.46,Hungary,Petrol,HUN
2021,601.98,Hungary,Petrol,HUN
2021,622.27,Hungary,Petrol,HUN
2021,610,Hungary,Petrol,HUN
2021,603.06,Hungary,Petrol,HUN
2021,584.2,Hungary,Petrol,HUN
2021,578.8,Hungary,Petrol,HUN
2021,574.44,Hungary,Petrol,HUN
2021,589.67,Hungary,Petrol,HUN
2021,577.79,Hungary,Petrol,HUN
2021,584.71,Hungary,Petrol,HUN
2021,577.81,Hungary,Petrol,HUN
2021,554.44,Hungary,Petrol,HUN
2021,542.04,Hungary,Petrol,HUN
2021,527.84,Hungary,Petrol,HUN
2021,524.84,Hungary,Petrol,HUN
2021,505.16,Hungary,Petrol,HUN
2021,504.77,Hungary,Petrol,HUN
2021,502.86,Hungary,Petrol,HUN
2021,491.93,Hungary,Petrol,HUN
2021,462.66,Hungary,Petrol,HUN
2020,447.48,Hungary,Petrol,HUN
2020,452,Hungary,Petrol,HUN
2020,443.81,Hungary,Petrol,HUN
2020,435.57,Hungary,Petrol,HUN
2020,425.25,Hungary,Petrol,HUN
2020,424,Hungary,Petrol,HUN
2020,415.7,Hungary,Petrol,HUN
2020,417.91,Hungary,Petrol,HUN
2020,437.85,Hungary,Petrol,HUN
2020,442.64,Hungary,Petrol,HUN
2020,463.59,Hungary,Petrol,HUN
2020,462.34,Hungary,Petrol,HUN
2020,454.52,Hungary,Petrol,HUN
2020,449.3,Hungary,Petrol,HUN
2020,461.47,Hungary,Petrol,HUN
2020,458.57,Hungary,Petrol,HUN
2020,477,Hungary,Petrol,HUN
2020,468.08,Hungary,Petrol,HUN
2020,469.77,Hungary,Petrol,HUN
2020,453.73,Hungary,Petrol,HUN
2020,462.54,Hungary,Petrol,HUN
2020,472.75,Hungary,Petrol,HUN
2020,468.37,Hungary,Petrol,HUN
2020,459.47,Hungary,Petrol,HUN
2020,454.08,Hungary,Petrol,HUN
2020,452.3,Hungary,Petrol,HUN
2020,434.9,Hungary,Petrol,HUN
2020,427.79,Hungary,Petrol,HUN
2020,414.44,Hungary,Petrol,HUN
2020,421.72,Hungary,Petrol,HUN
2020,394.97,Hungary,Petrol,HUN
2020,367.5,Hungary,Petrol,HUN
2020,334.6,Hungary,Petrol,HUN
2020,300.06,Hungary,Petrol,HUN
2020,303.4,Hungary,Petrol,HUN
2020,299.42,Hungary,Petrol,HUN
2020,297.22,Hungary,Petrol,HUN
2020,319.51,Hungary,Petrol,HUN
2020,369.93,Hungary,Petrol,HUN
2020,445.52,Hungary,Petrol,HUN
2020,495.61,Hungary,Petrol,HUN
2020,535.37,Hungary,Petrol,HUN
2020,533.69,Hungary,Petrol,HUN
2020,527.87,Hungary,Petrol,HUN
2020,530.82,Hungary,Petrol,HUN
2020,538.81,Hungary,Petrol,HUN
2020,557.79,Hungary,Petrol,HUN
2020,559.63,Hungary,Petrol,HUN
2020,570.06,Hungary,Petrol,HUN
2020,579.12,Hungary,Petrol,HUN
2019,545.8,Hungary,Petrol,HUN
2019,546.5,Hungary,Petrol,HUN
2019,560.37,Hungary,Petrol,HUN
2019,542.37,Hungary,Petrol,HUN
2019,542.47,Hungary,Petrol,HUN
2019,543.82,Hungary,Petrol,HUN
2019,541.07,Hungary,Petrol,HUN
2019,538.11,Hungary,Petrol,HUN
2019,534.83,Hungary,Petrol,HUN
2019,551.59,Hungary,Petrol,HUN
2019,554.42,Hungary,Petrol,HUN
2019,558.13,Hungary,Petrol,HUN
2019,546.56,Hungary,Petrol,HUN
2019,534.15,Hungary,Petrol,HUN
2019,537.03,Hungary,Petrol,HUN
2019,535.8,Hungary,Petrol,HUN
2019,528.34,Hungary,Petrol,HUN
2019,541.13,Hungary,Petrol,HUN
2019,568.57,Hungary,Petrol,HUN
2019,579.4,Hungary,Petrol,HUN
2019,571.98,Hungary,Petrol,HUN
2019,590.59,Hungary,Petrol,HUN
2019,572.03,Hungary,Petrol,HUN
2019,566.18,Hungary,Petrol,HUN
2019,551.49,Hungary,Petrol,HUN
2019,536.37,Hungary,Petrol,HUN
2019,556.65,Hungary,Petrol,HUN
2019,585.73,Hungary,Petrol,HUN
2019,618.76,Hungary,Petrol,HUN
2019,622,Hungary,Petrol,HUN
2019,597.55,Hungary,Petrol,HUN
2019,604.25,Hungary,Petrol,HUN
2019,611.22,Hungary,Petrol,HUN
2019,598.92,Hungary,Petrol,HUN
2019,590.9,Hungary,Petrol,HUN
2019,581.29,Hungary,Petrol,HUN
2019,544.82,Hungary,Petrol,HUN
2019,530.14,Hungary,Petrol,HUN
2019,528.12,Hungary,Petrol,HUN
2019,517.33,Hungary,Petrol,HUN
2019,517.01,Hungary,Petrol,HUN
2019,508.47,Hungary,Petrol,HUN
2019,481.33,Hungary,Petrol,HUN
2019,469.4,Hungary,Petrol,HUN
2019,465.03,Hungary,Petrol,HUN
2019,473.13,Hungary,Petrol,HUN
2019,472.87,Hungary,Petrol,HUN
2019,457.49,Hungary,Petrol,HUN
2019,458.23,Hungary,Petrol,HUN
2018,478.14,Hungary,Petrol,HUN
2018,478.63,Hungary,Petrol,HUN
2018,483.85,Hungary,Petrol,HUN
2018,510.35,Hungary,Petrol,HUN
2018,533.54,Hungary,Petrol,HUN
2018,550.12,Hungary,Petrol,HUN
2018,576.1,Hungary,Petrol,HUN
2018,575.28,Hungary,Petrol,HUN
2018,582.54,Hungary,Petrol,HUN
2018,610.36,Hungary,Petrol,HUN
2018,607.91,Hungary,Petrol,HUN
2018,587.14,Hungary,Petrol,HUN
2018,593.67,Hungary,Petrol,HUN
2018,596.98,Hungary,Petrol,HUN
2018,605.44,Hungary,Petrol,HUN
2018,598.13,Hungary,Petrol,HUN
2018,591.85,Hungary,Petrol,HUN
2018,597.52,Hungary,Petrol,HUN
2018,596.05,Hungary,Petrol,HUN
2018,607.12,Hungary,Petrol,HUN
2018,591.39,Hungary,Petrol,HUN
2018,576.67,Hungary,Petrol,HUN
2018,604.65,Hungary,Petrol,HUN
2018,606.57,Hungary,Petrol,HUN
2018,569.22,Hungary,Petrol,HUN
2018,576.74,Hungary,Petrol,HUN
2018,580.91,Hungary,Petrol,HUN
2018,587.71,Hungary,Petrol,HUN
2018,601.38,Hungary,Petrol,HUN
2018,599.98,Hungary,Petrol,HUN
2018,587.68,Hungary,Petrol,HUN
2018,565.18,Hungary,Petrol,HUN
2018,559.86,Hungary,Petrol,HUN
2018,554.76,Hungary,Petrol,HUN
2018,541.78,Hungary,Petrol,HUN
2018,538.66,Hungary,Petrol,HUN
2018,536.44,Hungary,Petrol,HUN
2018,513.99,Hungary,Petrol,HUN
2018,506.75,Hungary,Petrol,HUN
2018,513.06,Hungary,Petrol,HUN
2018,510.18,Hungary,Petrol,HUN
2018,495.32,Hungary,Petrol,HUN
2018,502.15,Hungary,Petrol,HUN
2018,528.28,Hungary,Petrol,HUN
2018,539.92,Hungary,Petrol,HUN
2018,535.51,Hungary,Petrol,HUN
2018,535.27,Hungary,Petrol,HUN
2018,529.19,Hungary,Petrol,HUN
2018,524.35,Hungary,Petrol,HUN
2018,514.13,Hungary,Petrol,HUN
2017,508.11,Hungary,Petrol,HUN
2017,507.73,Hungary,Petrol,HUN
2017,508.99,Hungary,Petrol,HUN
2017,512.06,Hungary,Petrol,HUN
2017,535.44,Hungary,Petrol,HUN
2017,526.55,Hungary,Petrol,HUN
2017,511.24,Hungary,Petrol,HUN
2017,491.3,Hungary,Petrol,HUN
2017,498.55,Hungary,Petrol,HUN
2017,496.84,Hungary,Petrol,HUN
2017,489.56,Hungary,Petrol,HUN
2017,495.74,Hungary,Petrol,HUN
2017,502.52,Hungary,Petrol,HUN
2017,508.52,Hungary,Petrol,HUN
2017,522.62,Hungary,Petrol,HUN
2017,489.84,Hungary,Petrol,HUN
2017,489.88,Hungary,Petrol,HUN
2017,496.2,Hungary,Petrol,HUN
2017,494.86,Hungary,Petrol,HUN
2017,487.94,Hungary,Petrol,HUN
2017,481.83,Hungary,Petrol,HUN
2017,480.41,Hungary,Petrol,HUN
2017,478.73,Hungary,Petrol,HUN
2017,475.6,Hungary,Petrol,HUN
2017,462.9,Hungary,Petrol,HUN
2017,462,Hungary,Petrol,HUN
2017,478.02,Hungary,Petrol,HUN
2017,490.44,Hungary,Petrol,HUN
2017,503.74,Hungary,Petrol,HUN
2017,509.75,Hungary,Petrol,HUN
2017,502.64,Hungary,Petrol,HUN
2017,489.08,Hungary,Petrol,HUN
2017,498.58,Hungary,Petrol,HUN
2017,512.32,Hungary,Petrol,HUN
2017,537.37,Hungary,Petrol,HUN
2017,520.29,Hungary,Petrol,HUN
2017,500.88,Hungary,Petrol,HUN
2017,495.19,Hungary,Petrol,HUN
2017,495.74,Hungary,Petrol,HUN
2017,508.74,Hungary,Petrol,HUN
2017,533.49,Hungary,Petrol,HUN
2017,542,Hungary,Petrol,HUN
2017,541.29,Hungary,Petrol,HUN
2017,528.63,Hungary,Petrol,HUN
2017,526.59,Hungary,Petrol,HUN
2017,523.68,Hungary,Petrol,HUN
2017,525.76,Hungary,Petrol,HUN
2017,524.71,Hungary,Petrol,HUN
2017,533.54,Hungary,Petrol,HUN
2017,525.21,Hungary,Petrol,HUN
2025,755.85,Ireland,Petrol,IRL
2025,758.86,Ireland,Petrol,IRL
2025,762.93,Ireland,Petrol,IRL
2025,764.39,Ireland,Petrol,IRL
2025,762.36,Ireland,Petrol,IRL
2025,754.72,Ireland,Petrol,IRL
2025,741.55,Ireland,Petrol,IRL
2025,727.32,Ireland,Petrol,IRL
2025,715.53,Ireland,Petrol,IRL
2024,715.61,Ireland,Petrol,IRL
2024,718.05,Ireland,Petrol,IRL
2024,720.49,Ireland,Petrol,IRL
2024,719.59,Ireland,Petrol,IRL
2024,713.33,Ireland,Petrol,IRL
2024,704.63,Ireland,Petrol,IRL
2024,701.79,Ireland,Petrol,IRL
2024,698.78,Ireland,Petrol,IRL
2024,703.25,Ireland,Petrol,IRL
2024,700.24,Ireland,Petrol,IRL
2024,699.38,Ireland,Petrol,IRL
2024,661.55,Ireland,Petrol,IRL
2024,677.19,Ireland,Petrol,IRL
2024,688.57,Ireland,Petrol,IRL
2024,701.74,Ireland,Petrol,IRL
2024,718.16,Ireland,Petrol,IRL
2024,730.52,Ireland,Petrol,IRL
2024,739.06,Ireland,Petrol,IRL
2024,744.1,Ireland,Petrol,IRL
2024,749.22,Ireland,Petrol,IRL
2024,759.22,Ireland,Petrol,IRL
2024,781.66,Ireland,Petrol,IRL
2024,785.4,Ireland,Petrol,IRL
2024,786.7,Ireland,Petrol,IRL
2024,783.61,Ireland,Petrol,IRL
2024,781.33,Ireland,Petrol,IRL
2024,779.87,Ireland,Petrol,IRL
2024,785.81,Ireland,Petrol,IRL
2024,792.31,Ireland,Petrol,IRL
2024,799.38,Ireland,Petrol,IRL
2024,806.86,Ireland,Petrol,IRL
2024,814.34,Ireland,Petrol,IRL
2024,822.07,Ireland,Petrol,IRL
2024,832.96,Ireland,Petrol,IRL
2024,834.67,Ireland,Petrol,IRL
2024,830.36,Ireland,Petrol,IRL
2024,811.33,Ireland,Petrol,IRL
2024,794.5,Ireland,Petrol,IRL
2024,769.95,Ireland,Petrol,IRL
2024,784.67,Ireland,Petrol,IRL
2024,782.31,Ireland,Petrol,IRL
2024,783.85,Ireland,Petrol,IRL
2024,780.93,Ireland,Petrol,IRL
2024,777.43,Ireland,Petrol,IRL
2024,771.01,Ireland,Petrol,IRL
2024,757.59,Ireland,Petrol,IRL
2024,759.95,Ireland,Petrol,IRL
2024,745.89,Ireland,Petrol,IRL
2024,740.6,Ireland,Petrol,IRL
2024,737.76,Ireland,Petrol,IRL
2024,738.73,Ireland,Petrol,IRL
2024,737.84,Ireland,Petrol,IRL
2024,741.41,Ireland,Petrol,IRL
2023,752.8,Ireland,Petrol,IRL
2023,768.49,Ireland,Petrol,IRL
2023,782.63,Ireland,Petrol,IRL
2023,804.59,Ireland,Petrol,IRL
2023,826.94,Ireland,Petrol,IRL
2023,845.24,Ireland,Petrol,IRL
2023,853.12,Ireland,Petrol,IRL
2023,861.17,Ireland,Petrol,IRL
2023,867.27,Ireland,Petrol,IRL
2023,874.99,Ireland,Petrol,IRL
2023,879.95,Ireland,Petrol,IRL
2023,900.89,Ireland,Petrol,IRL
2023,898.12,Ireland,Petrol,IRL
2023,886.09,Ireland,Petrol,IRL
2023,866.58,Ireland,Petrol,IRL
2023,846.09,Ireland,Petrol,IRL
2023,814.47,Ireland,Petrol,IRL
2023,855.68,Ireland,Petrol,IRL
2023,845.85,Ireland,Petrol,IRL
2023,828.77,Ireland,Petrol,IRL
2023,796.99,Ireland,Petrol,IRL
2023,779.42,Ireland,Petrol,IRL
2023,775.2,Ireland,Petrol,IRL
2023,777.07,Ireland,Petrol,IRL
2023,780.56,Ireland,Petrol,IRL
2023,779.83,Ireland,Petrol,IRL
2023,771.21,Ireland,Petrol,IRL
2023,753.41,Ireland,Petrol,IRL
2023,738.21,Ireland,Petrol,IRL
2023,718.21,Ireland,Petrol,IRL
2023,767.8,Ireland,Petrol,IRL
2023,773.08,Ireland,Petrol,IRL
2023,793.08,Ireland,Petrol,IRL
2023,810.24,Ireland,Petrol,IRL
2023,820.64,Ireland,Petrol,IRL
2023,819.18,Ireland,Petrol,IRL
2023,805.6,Ireland,Petrol,IRL
2023,802.19,Ireland,Petrol,IRL
2023,809.1,Ireland,Petrol,IRL
2023,817.39,Ireland,Petrol,IRL
2023,813.73,Ireland,Petrol,IRL
2023,804.79,Ireland,Petrol,IRL
2023,803.98,Ireland,Petrol,IRL
2023,831.51,Ireland,Petrol,IRL
2023,840.38,Ireland,Petrol,IRL
2023,850.54,Ireland,Petrol,IRL
2023,839.81,Ireland,Petrol,IRL
2023,817.77,Ireland,Petrol,IRL
2023,804.68,Ireland,Petrol,IRL
2023,793.06,Ireland,Petrol,IRL
2023,778.51,Ireland,Petrol,IRL
2023,781.11,Ireland,Petrol,IRL
2022,791.43,Ireland,Petrol,IRL
2022,825.25,Ireland,Petrol,IRL
2022,860.78,Ireland,Petrol,IRL
2022,902.49,Ireland,Petrol,IRL
2022,945.74,Ireland,Petrol,IRL
2022,979.16,Ireland,Petrol,IRL
2022,989.07,Ireland,Petrol,IRL
2022,994.52,Ireland,Petrol,IRL
2022,997.69,Ireland,Petrol,IRL
2022,998.42,Ireland,Petrol,IRL
2022,994.52,Ireland,Petrol,IRL
2022,935.97,Ireland,Petrol,IRL
2022,919.71,Ireland,Petrol,IRL
2022,944.1,Ireland,Petrol,IRL
2022,976.62,Ireland,Petrol,IRL
2022,1009.14,Ireland,Petrol,IRL
2022,1017.27,Ireland,Petrol,IRL
2022,1017.27,Ireland,Petrol,IRL
2022,1025.4,Ireland,Petrol,IRL
2022,1041.66,Ireland,Petrol,IRL
2022,1090.44,Ireland,Petrol,IRL
2022,1123.69,Ireland,Petrol,IRL
2022,1155.48,Ireland,Petrol,IRL
2022,1197.76,Ireland,Petrol,IRL
2022,1244.91,Ireland,Petrol,IRL
2022,1269.3,Ireland,Petrol,IRL
2022,1277.43,Ireland,Petrol,IRL
2022,1277.43,Ireland,Petrol,IRL
2022,1277.43,Ireland,Petrol,IRL
2022,1179.87,Ireland,Petrol,IRL
2022,1131.09,Ireland,Petrol,IRL
2022,1090.85,Ireland,Petrol,IRL
2022,1025.4,Ireland,Petrol,IRL
2022,1009.14,Ireland,Petrol,IRL
2022,992.88,Ireland,Petrol,IRL
2022,992.88,Ireland,Petrol,IRL
2022,998.65,Ireland,Petrol,IRL
2022,1017.27,Ireland,Petrol,IRL
2022,1001.01,Ireland,Petrol,IRL
2022,1001.01,Ireland,Petrol,IRL
2022,1033.53,Ireland,Petrol,IRL
2022,903.45,Ireland,Petrol,IRL
2022,822.15,Ireland,Petrol,IRL
2022,775.65,Ireland,Petrol,IRL
2022,781.5,Ireland,Petrol,IRL
2022,761.09,Ireland,Petrol,IRL
2022,757.11,Ireland,Petrol,IRL
2022,748.98,Ireland,Petrol,IRL
2022,707.52,Ireland,Petrol,IRL
2022,707.76,Ireland,Petrol,IRL
2022,706.95,Ireland,Petrol,IRL
2021,724.83,Ireland,Petrol,IRL
2021,725.81,Ireland,Petrol,IRL
2021,741.5,Ireland,Petrol,IRL
2021,743.94,Ireland,Petrol,IRL
2021,750.44,Ireland,Petrol,IRL
2021,740.53,Ireland,Petrol,IRL
2021,737.03,Ireland,Petrol,IRL
2021,722.56,Ireland,Petrol,IRL
2021,683.78,Ireland,Petrol,IRL
2021,683.78,Ireland,Petrol,IRL
2021,656.82,Ireland,Petrol,IRL
2021,637.71,Ireland,Petrol,IRL
2021,607.96,Ireland,Petrol,IRL
2021,617.96,Ireland,Petrol,IRL
2021,617.96,Ireland,Petrol,IRL
2021,611.13,Ireland,Petrol,IRL
2021,613.57,Ireland,Petrol,IRL
2021,617.79,Ireland,Petrol,IRL
2021,612.67,Ireland,Petrol,IRL
2021,609.83,Ireland,Petrol,IRL
2021,607.96,Ireland,Petrol,IRL
2021,610.8,Ireland,Petrol,IRL
2021,607.71,Ireland,Petrol,IRL
2021,606.41,Ireland,Petrol,IRL
2021,593.32,Ireland,Petrol,IRL
2021,576.66,Ireland,Petrol,IRL
2021,568.85,Ireland,Petrol,IRL
2021,565.6,Ireland,Petrol,IRL
2021,566.49,Ireland,Petrol,IRL
2021,565.03,Ireland,Petrol,IRL
2021,559.99,Ireland,Petrol,IRL
2021,556.01,Ireland,Petrol,IRL
2021,551.62,Ireland,Petrol,IRL
2021,547.55,Ireland,Petrol,IRL
2021,548.53,Ireland,Petrol,IRL
2021,547.63,Ireland,Petrol,IRL
2021,551.37,Ireland,Petrol,IRL
2021,544.87,Ireland,Petrol,IRL
2021,538.85,Ireland,Petrol,IRL
2021,524.22,Ireland,Petrol,IRL
2021,495.19,Ireland,Petrol,IRL
2021,476.33,Ireland,Petrol,IRL
2021,482.79,Ireland,Petrol,IRL
2021,466.01,Ireland,Petrol,IRL
2021,462.62,Ireland,Petrol,IRL
2021,461.55,Ireland,Petrol,IRL
2021,450.56,Ireland,Petrol,IRL
2021,448.24,Ireland,Petrol,IRL
2021,435.85,Ireland,Petrol,IRL
2020,414.69,Ireland,Petrol,IRL
2020,407.66,Ireland,Petrol,IRL
2020,404.52,Ireland,Petrol,IRL
2020,398.41,Ireland,Petrol,IRL
2020,398.24,Ireland,Petrol,IRL
2020,396.34,Ireland,Petrol,IRL
2020,398.41,Ireland,Petrol,IRL
2020,394.28,Ireland,Petrol,IRL
2020,393.53,Ireland,Petrol,IRL
2020,394.94,Ireland,Petrol,IRL
2020,401.95,Ireland,Petrol,IRL
2020,402.36,Ireland,Petrol,IRL
2020,409.05,Ireland,Petrol,IRL
2020,412.61,Ireland,Petrol,IRL
2020,414.43,Ireland,Petrol,IRL
2020,413.43,Ireland,Petrol,IRL
2020,401.97,Ireland,Petrol,IRL
2020,403.68,Ireland,Petrol,IRL
2020,409.94,Ireland,Petrol,IRL
2020,402.13,Ireland,Petrol,IRL
2020,400.51,Ireland,Petrol,IRL
2020,399.2,Ireland,Petrol,IRL
2020,400.42,Ireland,Petrol,IRL
2020,385.06,Ireland,Petrol,IRL
2020,383.59,Ireland,Petrol,IRL
2020,382.21,Ireland,Petrol,IRL
2020,377.98,Ireland,Petrol,IRL
2020,370.91,Ireland,Petrol,IRL
2020,366.77,Ireland,Petrol,IRL
2020,364.16,Ireland,Petrol,IRL
2020,365.22,Ireland,Petrol,IRL
2020,369.85,Ireland,Petrol,IRL
2020,374,Ireland,Petrol,IRL
2020,379.04,Ireland,Petrol,IRL
2020,386.6,Ireland,Petrol,IRL
2020,390.18,Ireland,Petrol,IRL
2020,396.93,Ireland,Petrol,IRL
2020,413.11,Ireland,Petrol,IRL
2020,444.33,Ireland,Petrol,IRL
2020,538.39,Ireland,Petrol,IRL
2020,538.39,Ireland,Petrol,IRL
2020,539.61,Ireland,Petrol,IRL
2020,542.05,Ireland,Petrol,IRL
2020,547.98,Ireland,Petrol,IRL
2020,557.58,Ireland,Petrol,IRL
2020,561.81,Ireland,Petrol,IRL
2020,563.19,Ireland,Petrol,IRL
2020,563.19,Ireland,Petrol,IRL
2020,561.32,Ireland,Petrol,IRL
2020,553.27,Ireland,Petrol,IRL
2019,541.4,Ireland,Petrol,IRL
2019,537.58,Ireland,Petrol,IRL
2019,529.69,Ireland,Petrol,IRL
2019,528.64,Ireland,Petrol,IRL
2019,526.11,Ireland,Petrol,IRL
2019,526.36,Ireland,Petrol,IRL
2019,531.64,Ireland,Petrol,IRL
2019,533.51,Ireland,Petrol,IRL
2019,537.66,Ireland,Petrol,IRL
2019,540.91,Ireland,Petrol,IRL
2019,545.22,Ireland,Petrol,IRL
2019,543.75,Ireland,Petrol,IRL
2019,545.22,Ireland,Petrol,IRL
2019,541.64,Ireland,Petrol,IRL
2019,550.5,Ireland,Petrol,IRL
2019,547.25,Ireland,Petrol,IRL
2019,554.32,Ireland,Petrol,IRL
2019,554.73,Ireland,Petrol,IRL
2019,560.83,Ireland,Petrol,IRL
2019,543.35,Ireland,Petrol,IRL
2019,544.08,Ireland,Petrol,IRL
2019,531.96,Ireland,Petrol,IRL
2019,542.78,Ireland,Petrol,IRL
2019,546.27,Ireland,Petrol,IRL
2019,559.36,Ireland,Petrol,IRL
2019,561.8,Ireland,Petrol,IRL
2019,564.81,Ireland,Petrol,IRL
2019,567.82,Ireland,Petrol,IRL
2019,568.55,Ireland,Petrol,IRL
2019,568.55,Ireland,Petrol,IRL
2019,564.57,Ireland,Petrol,IRL
2019,561.88,Ireland,Petrol,IRL
2019,564.81,Ireland,Petrol,IRL
2019,555.95,Ireland,Petrol,IRL
2019,529.69,Ireland,Petrol,IRL
2019,521.56,Ireland,Petrol,IRL
2019,505.3,Ireland,Petrol,IRL
2019,497.17,Ireland,Petrol,IRL
2019,497.17,Ireland,Petrol,IRL
2019,497.17,Ireland,Petrol,IRL
2019,489.04,Ireland,Petrol,IRL
2019,489.04,Ireland,Petrol,IRL
2019,471.96,Ireland,Petrol,IRL
2019,489.04,Ireland,Petrol,IRL
2019,472.78,Ireland,Petrol,IRL
2019,464.65,Ireland,Petrol,IRL
2019,464.65,Ireland,Petrol,IRL
2019,480.91,Ireland,Petrol,IRL
2019,489.04,Ireland,Petrol,IRL
2018,529.69,Ireland,Petrol,IRL
2018,554.08,Ireland,Petrol,IRL
2018,594.73,Ireland,Petrol,IRL
2018,610.99,Ireland,Petrol,IRL
2018,610.99,Ireland,Petrol,IRL
2018,610.99,Ireland,Petrol,IRL
2018,610.99,Ireland,Petrol,IRL
2018,594.73,Ireland,Petrol,IRL
2018,610.99,Ireland,Petrol,IRL
2018,610.99,Ireland,Petrol,IRL
2018,610.99,Ireland,Petrol,IRL
2018,578.47,Ireland,Petrol,IRL
2018,578.47,Ireland,Petrol,IRL
2018,586.6,Ireland,Petrol,IRL
2018,578.47,Ireland,Petrol,IRL
2018,578.47,Ireland,Petrol,IRL
2018,578.47,Ireland,Petrol,IRL
2018,578.47,Ireland,Petrol,IRL
2018,578.47,Ireland,Petrol,IRL
2018,594.73,Ireland,Petrol,IRL
2018,578.47,Ireland,Petrol,IRL
2018,562.21,Ireland,Petrol,IRL
2018,594.73,Ireland,Petrol,IRL
2018,562.21,Ireland,Petrol,IRL
2018,570.34,Ireland,Petrol,IRL
2018,610.99,Ireland,Petrol,IRL
2018,570.34,Ireland,Petrol,IRL
2018,602.86,Ireland,Petrol,IRL
2018,578.47,Ireland,Petrol,IRL
2018,586.6,Ireland,Petrol,IRL
2018,554.07,Ireland,Petrol,IRL
2018,554.07,Ireland,Petrol,IRL
2018,529.68,Ireland,Petrol,IRL
2018,529.68,Ireland,Petrol,IRL
2018,529.68,Ireland,Petrol,IRL
2018,521.55,Ireland,Petrol,IRL
2018,513.42,Ireland,Petrol,IRL
2018,505.29,Ireland,Petrol,IRL
2018,497.16,Ireland,Petrol,IRL
2018,505.29,Ireland,Petrol,IRL
2018,521.55,Ireland,Petrol,IRL
2018,513.42,Ireland,Petrol,IRL
2018,521.55,Ireland,Petrol,IRL
2018,521.55,Ireland,Petrol,IRL
2018,521.55,Ireland,Petrol,IRL
2018,521.55,Ireland,Petrol,IRL
2018,529.68,Ireland,Petrol,IRL
2018,529.68,Ireland,Petrol,IRL
2018,521.55,Ireland,Petrol,IRL
2018,521.55,Ireland,Petrol,IRL
2017,529.68,Ireland,Petrol,IRL
2017,521.55,Ireland,Petrol,IRL
2017,529.68,Ireland,Petrol,IRL
2017,529.68,Ireland,Petrol,IRL
2017,521.55,Ireland,Petrol,IRL
2017,513.42,Ireland,Petrol,IRL
2017,489.03,Ireland,Petrol,IRL
2017,497.16,Ireland,Petrol,IRL
2017,497.16,Ireland,Petrol,IRL
2017,497.16,Ireland,Petrol,IRL
2017,497.16,Ireland,Petrol,IRL
2017,505.29,Ireland,Petrol,IRL
2017,497.16,Ireland,Petrol,IRL
2017,497.16,Ireland,Petrol,IRL
2017,497.16,Ireland,Petrol,IRL
2017,472.77,Ireland,Petrol,IRL
2017,448.38,Ireland,Petrol,IRL
2017,464.64,Ireland,Petrol,IRL
2017,472.77,Ireland,Petrol,IRL
2017,472.77,Ireland,Petrol,IRL
2017,448.38,Ireland,Petrol,IRL
2017,464.64,Ireland,Petrol,IRL
2017,472.77,Ireland,Petrol,IRL
2017,472.77,Ireland,Petrol,IRL
2017,472.77,Ireland,Petrol,IRL
2017,489.03,Ireland,Petrol,IRL
2017,497.16,Ireland,Petrol,IRL
2017,480.9,Ireland,Petrol,IRL
2017,505.29,Ireland,Petrol,IRL
2017,497.16,Ireland,Petrol,IRL
2017,497.16,Ireland,Petrol,IRL
2017,505.29,Ireland,Petrol,IRL
2017,513.42,Ireland,Petrol,IRL
2017,521.55,Ireland,Petrol,IRL
2017,529.68,Ireland,Petrol,IRL
2017,521.55,Ireland,Petrol,IRL
2017,521.55,Ireland,Petrol,IRL
2017,489.03,Ireland,Petrol,IRL
2017,521.55,Ireland,Petrol,IRL
2017,529.68,Ireland,Petrol,IRL
2017,529.68,Ireland,Petrol,IRL
2017,529.68,Ireland,Petrol,IRL
2017,529.68,Ireland,Petrol,IRL
2017,513.42,Ireland,Petrol,IRL
2017,529.68,Ireland,Petrol,IRL
2017,505.29,Ireland,Petrol,IRL
2017,505.29,Ireland,Petrol,IRL
2017,505.29,Ireland,Petrol,IRL
2017,513.42,Ireland,Petrol,IRL
2017,489.03,Ireland,Petrol,IRL
2025,760.24,Italy,Petrol,ITA
2025,766.38,Italy,Petrol,ITA
2025,767.21,Italy,Petrol,ITA
2025,766.26,Italy,Petrol,ITA
2025,766.26,Italy,Petrol,ITA
2025,772.62,Italy,Petrol,ITA
2025,765.91,Italy,Petrol,ITA
2025,741.35,Italy,Petrol,ITA
2025,724.54,Italy,Petrol,ITA
2024,711.54,Italy,Petrol,ITA
2024,709.8,Italy,Petrol,ITA
2024,706.34,Italy,Petrol,ITA
2024,711.84,Italy,Petrol,ITA
2024,717.23,Italy,Petrol,ITA
2024,712.7,Italy,Petrol,ITA
2024,709.23,Italy,Petrol,ITA
2024,711.24,Italy,Petrol,ITA
2024,711.34,Italy,Petrol,ITA
2024,715.94,Italy,Petrol,ITA
2024,718.6,Italy,Petrol,ITA
2024,712.15,Italy,Petrol,ITA
2024,690.79,Italy,Petrol,ITA
2024,693.59,Italy,Petrol,ITA
2024,700.27,Italy,Petrol,ITA
2024,713.76,Italy,Petrol,ITA
2024,732.54,Italy,Petrol,ITA
2024,743.53,Italy,Petrol,ITA
2024,756,Italy,Petrol,ITA
2024,765.14,Italy,Petrol,ITA
2024,769.94,Italy,Petrol,ITA
2024,778.65,Italy,Petrol,ITA
2024,789.18,Italy,Petrol,ITA
2024,797.98,Italy,Petrol,ITA
2024,804.26,Italy,Petrol,ITA
2024,805.61,Italy,Petrol,ITA
2024,795.98,Italy,Petrol,ITA
2024,784.41,Italy,Petrol,ITA
2024,783.39,Italy,Petrol,ITA
2024,788.58,Italy,Petrol,ITA
2024,800.37,Italy,Petrol,ITA
2024,807.61,Italy,Petrol,ITA
2024,814.95,Italy,Petrol,ITA
2024,827.82,Italy,Petrol,ITA
2024,839.05,Italy,Petrol,ITA
2024,840.94,Italy,Petrol,ITA
2024,845.77,Italy,Petrol,ITA
2024,840.24,Italy,Petrol,ITA
2024,829.62,Italy,Petrol,ITA
2024,818.49,Italy,Petrol,ITA
2024,810.27,Italy,Petrol,ITA
2024,789.13,Italy,Petrol,ITA
2024,790.23,Italy,Petrol,ITA
2024,789.61,Italy,Petrol,ITA
2024,795.35,Italy,Petrol,ITA
2024,799.4,Italy,Petrol,ITA
2024,779.78,Italy,Petrol,ITA
2024,768.91,Italy,Petrol,ITA
2024,756.73,Italy,Petrol,ITA
2024,728.81,Italy,Petrol,ITA
2024,721.55,Italy,Petrol,ITA
2024,725.42,Italy,Petrol,ITA
2024,724.1,Italy,Petrol,ITA
2023,719.07,Italy,Petrol,ITA
2023,719.07,Italy,Petrol,ITA
2023,730.68,Italy,Petrol,ITA
2023,744.6,Italy,Petrol,ITA
2023,751.37,Italy,Petrol,ITA
2023,759.86,Italy,Petrol,ITA
2023,775.68,Italy,Petrol,ITA
2023,791.44,Italy,Petrol,ITA
2023,806.72,Italy,Petrol,ITA
2023,825.27,Italy,Petrol,ITA
2023,844.29,Italy,Petrol,ITA
2023,880.36,Italy,Petrol,ITA
2023,904.04,Italy,Petrol,ITA
2023,912.49,Italy,Petrol,ITA
2023,908.72,Italy,Petrol,ITA
2023,886.02,Italy,Petrol,ITA
2023,873.62,Italy,Petrol,ITA
2023,868.09,Italy,Petrol,ITA
2023,866.81,Italy,Petrol,ITA
2023,860.99,Italy,Petrol,ITA
2023,852.94,Italy,Petrol,ITA
2023,827.3,Italy,Petrol,ITA
2023,799.5,Italy,Petrol,ITA
2023,795.85,Italy,Petrol,ITA
2023,783.77,Italy,Petrol,ITA
2023,785.12,Italy,Petrol,ITA
2023,789.99,Italy,Petrol,ITA
2023,780.59,Italy,Petrol,ITA
2023,772.78,Italy,Petrol,ITA
2023,765.23,Italy,Petrol,ITA
2023,762.15,Italy,Petrol,ITA
2023,753.19,Italy,Petrol,ITA
2023,756.52,Italy,Petrol,ITA
2023,775.5,Italy,Petrol,ITA
2023,794.17,Italy,Petrol,ITA
2023,810.9,Italy,Petrol,ITA
2023,817.26,Italy,Petrol,ITA
2023,808.71,Italy,Petrol,ITA
2023,794.67,Italy,Petrol,ITA
2023,788.7,Italy,Petrol,ITA
2023,792.37,Italy,Petrol,ITA
2023,796.13,Italy,Petrol,ITA
2023,790.32,Italy,Petrol,ITA
2023,793.28,Italy,Petrol,ITA
2023,796.2,Italy,Petrol,ITA
2023,795.98,Italy,Petrol,ITA
2023,806.33,Italy,Petrol,ITA
2023,805.46,Italy,Petrol,ITA
2023,771.17,Italy,Petrol,ITA
2023,758.14,Italy,Petrol,ITA
2023,756.85,Italy,Petrol,ITA
2023,769.21,Italy,Petrol,ITA
2022,753.75,Italy,Petrol,ITA
2022,784.68,Italy,Petrol,ITA
2022,816.35,Italy,Petrol,ITA
2022,906.39,Italy,Petrol,ITA
2022,882.09,Italy,Petrol,ITA
2022,912.67,Italy,Petrol,ITA
2022,923.18,Italy,Petrol,ITA
2022,904.99,Italy,Petrol,ITA
2022,896.8,Italy,Petrol,ITA
2022,907.86,Italy,Petrol,ITA
2022,913.07,Italy,Petrol,ITA
2022,882.08,Italy,Petrol,ITA
2022,859.97,Italy,Petrol,ITA
2022,879.08,Italy,Petrol,ITA
2022,908.07,Italy,Petrol,ITA
2022,933.26,Italy,Petrol,ITA
2022,953.22,Italy,Petrol,ITA
2022,965.44,Italy,Petrol,ITA
2022,955.46,Italy,Petrol,ITA
2022,972.6,Italy,Petrol,ITA
2022,1022.09,Italy,Petrol,ITA
2022,1060.25,Italy,Petrol,ITA
2022,1109.7,Italy,Petrol,ITA
2022,1151.69,Italy,Petrol,ITA
2022,1184.26,Italy,Petrol,ITA
2022,1214.26,Italy,Petrol,ITA
2022,1221.58,Italy,Petrol,ITA
2022,1212.98,Italy,Petrol,ITA
2022,1172.63,Italy,Petrol,ITA
2022,1112.21,Italy,Petrol,ITA
2022,1067.06,Italy,Petrol,ITA
2022,1056.94,Italy,Petrol,ITA
2022,1015.98,Italy,Petrol,ITA
2022,1003.79,Italy,Petrol,ITA
2022,979.21,Italy,Petrol,ITA
2022,969.37,Italy,Petrol,ITA
2022,968.62,Italy,Petrol,ITA
2022,991.04,Italy,Petrol,ITA
2022,1054.75,Italy,Petrol,ITA
2022,1023.4,Italy,Petrol,ITA
2022,1062.24,Italy,Petrol,ITA
2022,872.53,Italy,Petrol,ITA
2022,803.45,Italy,Petrol,ITA
2022,787.94,Italy,Petrol,ITA
2022,775.91,Italy,Petrol,ITA
2022,762.85,Italy,Petrol,ITA
2022,744.32,Italy,Petrol,ITA
2022,729.5,Italy,Petrol,ITA
2022,709.56,Italy,Petrol,ITA
2022,692.42,Italy,Petrol,ITA
2022,683.94,Italy,Petrol,ITA
2021,683.45,Italy,Petrol,ITA
2021,685.82,Italy,Petrol,ITA
2021,692.01,Italy,Petrol,ITA
2021,700.09,Italy,Petrol,ITA
2021,703.46,Italy,Petrol,ITA
2021,705.67,Italy,Petrol,ITA
2021,706.65,Italy,Petrol,ITA
2021,705.41,Italy,Petrol,ITA
2021,702.62,Italy,Petrol,ITA
2021,692.78,Italy,Petrol,ITA
2021,675.76,Italy,Petrol,ITA
2021,654.3,Italy,Petrol,ITA
2021,645.67,Italy,Petrol,ITA
2021,641,Italy,Petrol,ITA
2021,633.97,Italy,Petrol,ITA
2021,628.31,Italy,Petrol,ITA
2021,624.25,Italy,Petrol,ITA
2021,626.02,Italy,Petrol,ITA
2021,629.11,Italy,Petrol,ITA
2021,630.13,Italy,Petrol,ITA
2021,628.59,Italy,Petrol,ITA
2021,627,Italy,Petrol,ITA
2021,628.37,Italy,Petrol,ITA
2021,623.73,Italy,Petrol,ITA
2021,611.22,Italy,Petrol,ITA
2021,603.25,Italy,Petrol,ITA
2021,594.94,Italy,Petrol,ITA
2021,587.55,Italy,Petrol,ITA
2021,582.29,Italy,Petrol,ITA
2021,574.9,Italy,Petrol,ITA
2021,576.85,Italy,Petrol,ITA
2021,577.4,Italy,Petrol,ITA
2021,573.09,Italy,Petrol,ITA
2021,565.81,Italy,Petrol,ITA
2021,564.23,Italy,Petrol,ITA
2021,562.13,Italy,Petrol,ITA
2021,561.37,Italy,Petrol,ITA
2021,562.87,Italy,Petrol,ITA
2021,565.67,Italy,Petrol,ITA
2021,555.33,Italy,Petrol,ITA
2021,541.8,Italy,Petrol,ITA
2021,531.09,Italy,Petrol,ITA
2021,516.31,Italy,Petrol,ITA
2021,501.46,Italy,Petrol,ITA
2021,492.01,Italy,Petrol,ITA
2021,484.71,Italy,Petrol,ITA
2021,481.57,Italy,Petrol,ITA
2021,473.22,Italy,Petrol,ITA
2021,460.18,Italy,Petrol,ITA
2020,441.75,Italy,Petrol,ITA
2020,429.4,Italy,Petrol,ITA
2020,426.8,Italy,Petrol,ITA
2020,422.11,Italy,Petrol,ITA
2020,413.6,Italy,Petrol,ITA
2020,407.22,Italy,Petrol,ITA
2020,401.39,Italy,Petrol,ITA
2020,405.93,Italy,Petrol,ITA
2020,409.08,Italy,Petrol,ITA
2020,410.24,Italy,Petrol,ITA
2020,409.82,Italy,Petrol,ITA
2020,409.5,Italy,Petrol,ITA
2020,410.57,Italy,Petrol,ITA
2020,409.88,Italy,Petrol,ITA
2020,412.62,Italy,Petrol,ITA
2020,417.9,Italy,Petrol,ITA
2020,419.21,Italy,Petrol,ITA
2020,418.88,Italy,Petrol,ITA
2020,417.69,Italy,Petrol,ITA
2020,417.22,Italy,Petrol,ITA
2020,420.5,Italy,Petrol,ITA
2020,422.06,Italy,Petrol,ITA
2020,422.91,Italy,Petrol,ITA
2020,422.26,Italy,Petrol,ITA
2020,419.82,Italy,Petrol,ITA
2020,418.47,Italy,Petrol,ITA
2020,407.16,Italy,Petrol,ITA
2020,400.92,Italy,Petrol,ITA
2020,395.38,Italy,Petrol,ITA
2020,395.76,Italy,Petrol,ITA
2020,391.9,Italy,Petrol,ITA
2020,383.69,Italy,Petrol,ITA
2020,388,Italy,Petrol,ITA
2020,398.06,Italy,Petrol,ITA
2020,412.26,Italy,Petrol,ITA
2020,428.37,Italy,Petrol,ITA
2020,449.31,Italy,Petrol,ITA
2020,465.49,Italy,Petrol,ITA
2020,482.64,Italy,Petrol,ITA
2020,498.31,Italy,Petrol,ITA
2020,519.4,Italy,Petrol,ITA
2020,534.02,Italy,Petrol,ITA
2020,538.4,Italy,Petrol,ITA
2020,539.75,Italy,Petrol,ITA
2020,545.93,Italy,Petrol,ITA
2020,558.89,Italy,Petrol,ITA
2020,572.53,Italy,Petrol,ITA
2020,572.51,Italy,Petrol,ITA
2020,577.96,Italy,Petrol,ITA
2020,574.99,Italy,Petrol,ITA
2019,565.05,Italy,Petrol,ITA
2019,567.03,Italy,Petrol,ITA
2019,567.32,Italy,Petrol,ITA
2019,563.81,Italy,Petrol,ITA
2019,561.61,Italy,Petrol,ITA
2019,561.54,Italy,Petrol,ITA
2019,560.46,Italy,Petrol,ITA
2019,560.03,Italy,Petrol,ITA
2019,562.12,Italy,Petrol,ITA
2019,565.92,Italy,Petrol,ITA
2019,571.2,Italy,Petrol,ITA
2019,576.45,Italy,Petrol,ITA
2019,574.62,Italy,Petrol,ITA
2019,558.9,Italy,Petrol,ITA
2019,554.54,Italy,Petrol,ITA
2019,555.26,Italy,Petrol,ITA
2019,557.39,Italy,Petrol,ITA
2019,559.96,Italy,Petrol,ITA
2019,566.62,Italy,Petrol,ITA
2019,576.8,Italy,Petrol,ITA
2019,576.53,Italy,Petrol,ITA
2019,583.02,Italy,Petrol,ITA
2019,580.41,Italy,Petrol,ITA
2019,575.22,Italy,Petrol,ITA
2019,573.86,Italy,Petrol,ITA
2019,574.89,Italy,Petrol,ITA
2019,579.62,Italy,Petrol,ITA
2019,587.95,Italy,Petrol,ITA
2019,601.03,Italy,Petrol,ITA
2019,608.6,Italy,Petrol,ITA
2019,602.89,Italy,Petrol,ITA
2019,604.24,Italy,Petrol,ITA
2019,605.87,Italy,Petrol,ITA
2019,604.28,Italy,Petrol,ITA
2019,586.88,Italy,Petrol,ITA
2019,573.73,Italy,Petrol,ITA
2019,561.4,Italy,Petrol,ITA
2019,552.6,Italy,Petrol,ITA
2019,545.4,Italy,Petrol,ITA
2019,541.04,Italy,Petrol,ITA
2019,535.8,Italy,Petrol,ITA
2019,529.53,Italy,Petrol,ITA
2019,515.67,Italy,Petrol,ITA
2019,507.86,Italy,Petrol,ITA
2019,500.6,Italy,Petrol,ITA
2019,496.6,Italy,Petrol,ITA
2019,494.21,Italy,Petrol,ITA
2019,486.8,Italy,Petrol,ITA
2019,489.63,Italy,Petrol,ITA
2018,517.8,Italy,Petrol,ITA
2018,528.57,Italy,Petrol,ITA
2018,554.63,Italy,Petrol,ITA
2018,579.54,Italy,Petrol,ITA
2018,598.95,Italy,Petrol,ITA
2018,613.29,Italy,Petrol,ITA
2018,623.45,Italy,Petrol,ITA
2018,628.73,Italy,Petrol,ITA
2018,633.25,Italy,Petrol,ITA
2018,636.4,Italy,Petrol,ITA
2018,630.27,Italy,Petrol,ITA
2018,619.3,Italy,Petrol,ITA
2018,617.34,Italy,Petrol,ITA
2018,618.07,Italy,Petrol,ITA
2018,617.95,Italy,Petrol,ITA
2018,610.67,Italy,Petrol,ITA
2018,606.83,Italy,Petrol,ITA
2018,605.91,Italy,Petrol,ITA
2018,607.09,Italy,Petrol,ITA
2018,606.65,Italy,Petrol,ITA
2018,605.78,Italy,Petrol,ITA
2018,607.09,Italy,Petrol,ITA
2018,609.63,Italy,Petrol,ITA
2018,609.85,Italy,Petrol,ITA
2018,609.5,Italy,Petrol,ITA
2018,613.17,Italy,Petrol,ITA
2018,620.18,Italy,Petrol,ITA
2018,622.48,Italy,Petrol,ITA
2018,622.96,Italy,Petrol,ITA
2018,617.86,Italy,Petrol,ITA
2018,602.12,Italy,Petrol,ITA
2018,587.99,Italy,Petrol,ITA
2018,577.01,Italy,Petrol,ITA
2018,570.92,Italy,Petrol,ITA
2018,561.21,Italy,Petrol,ITA
2018,552.73,Italy,Petrol,ITA
2018,547.22,Italy,Petrol,ITA
2018,539.7,Italy,Petrol,ITA
2018,537.34,Italy,Petrol,ITA
2018,539.53,Italy,Petrol,ITA
2018,541.17,Italy,Petrol,ITA
2018,539.4,Italy,Petrol,ITA
2018,544.94,Italy,Petrol,ITA
2018,558.41,Italy,Petrol,ITA
2018,561.29,Italy,Petrol,ITA
2018,560.8,Italy,Petrol,ITA
2018,559.61,Italy,Petrol,ITA
2018,555.71,Italy,Petrol,ITA
2018,551.53,Italy,Petrol,ITA
2018,545.81,Italy,Petrol,ITA
2017,541.53,Italy,Petrol,ITA
2017,536.82,Italy,Petrol,ITA
2017,538.68,Italy,Petrol,ITA
2017,538.52,Italy,Petrol,ITA
2017,540.29,Italy,Petrol,ITA
2017,537.28,Italy,Petrol,ITA
2017,528.08,Italy,Petrol,ITA
2017,520.98,Italy,Petrol,ITA
2017,520.6,Italy,Petrol,ITA
2017,520.9,Italy,Petrol,ITA
2017,522.23,Italy,Petrol,ITA
2017,521.99,Italy,Petrol,ITA
2017,518.76,Italy,Petrol,ITA
2017,521.57,Italy,Petrol,ITA
2017,520.3,Italy,Petrol,ITA
2017,508.21,Italy,Petrol,ITA
2017,500.53,Italy,Petrol,ITA
2017,500.58,Italy,Petrol,ITA
2017,499.89,Italy,Petrol,ITA
2017,498.8,Italy,Petrol,ITA
2017,496.35,Italy,Petrol,ITA
2017,492.77,Italy,Petrol,ITA
2017,490.72,Italy,Petrol,ITA
2017,493.47,Italy,Petrol,ITA
2017,492.08,Italy,Petrol,ITA
2017,493.12,Italy,Petrol,ITA
2017,503.51,Italy,Petrol,ITA
2017,510.89,Italy,Petrol,ITA
2017,516.99,Italy,Petrol,ITA
2017,520.64,Italy,Petrol,ITA
2017,521.76,Italy,Petrol,ITA
2017,525.08,Italy,Petrol,ITA
2017,533.62,Italy,Petrol,ITA
2017,546.87,Italy,Petrol,ITA
2017,549.7,Italy,Petrol,ITA
2017,532.33,Italy,Petrol,ITA
2017,523.3,Italy,Petrol,ITA
2017,527.44,Italy,Petrol,ITA
2017,533.08,Italy,Petrol,ITA
2017,541.19,Italy,Petrol,ITA
2017,546.35,Italy,Petrol,ITA
2017,546.39,Italy,Petrol,ITA
2017,546.3,Italy,Petrol,ITA
2017,541.72,Italy,Petrol,ITA
2017,538.81,Italy,Petrol,ITA
2017,536.96,Italy,Petrol,ITA
2017,537.79,Italy,Petrol,ITA
2017,540.03,Italy,Petrol,ITA
2017,542.12,Italy,Petrol,ITA
2017,530.22,Italy,Petrol,ITA
2025,715.68,Lithuania,Petrol,LTU
2025,729.52,Lithuania,Petrol,LTU
2025,726.97,Lithuania,Petrol,LTU
2025,717.8,Lithuania,Petrol,LTU
2025,714.55,Lithuania,Petrol,LTU
2025,720.39,Lithuania,Petrol,LTU
2025,730.03,Lithuania,Petrol,LTU
2025,714.35,Lithuania,Petrol,LTU
2025,702.81,Lithuania,Petrol,LTU
2024,689.01,Lithuania,Petrol,LTU
2024,691.54,Lithuania,Petrol,LTU
2024,682.61,Lithuania,Petrol,LTU
2024,677.03,Lithuania,Petrol,LTU
2024,680.54,Lithuania,Petrol,LTU
2024,682.11,Lithuania,Petrol,LTU
2024,664.78,Lithuania,Petrol,LTU
2024,665.67,Lithuania,Petrol,LTU
2024,668.21,Lithuania,Petrol,LTU
2024,675.85,Lithuania,Petrol,LTU
2024,670.78,Lithuania,Petrol,LTU
2024,670.92,Lithuania,Petrol,LTU
2024,647,Lithuania,Petrol,LTU
2024,641.88,Lithuania,Petrol,LTU
2024,642.3,Lithuania,Petrol,LTU
2024,655.55,Lithuania,Petrol,LTU
2024,679.91,Lithuania,Petrol,LTU
2024,709.93,Lithuania,Petrol,LTU
2024,725.45,Lithuania,Petrol,LTU
2024,735.56,Lithuania,Petrol,LTU
2024,744.17,Lithuania,Petrol,LTU
2024,752.12,Lithuania,Petrol,LTU
2024,760.17,Lithuania,Petrol,LTU
2024,766.45,Lithuania,Petrol,LTU
2024,775.38,Lithuania,Petrol,LTU
2024,778.13,Lithuania,Petrol,LTU
2024,776.87,Lithuania,Petrol,LTU
2024,785.29,Lithuania,Petrol,LTU
2024,780.35,Lithuania,Petrol,LTU
2024,773.64,Lithuania,Petrol,LTU
2024,781.04,Lithuania,Petrol,LTU
2024,788.22,Lithuania,Petrol,LTU
2024,791.21,Lithuania,Petrol,LTU
2024,794.93,Lithuania,Petrol,LTU
2024,819.62,Lithuania,Petrol,LTU
2024,819.62,Lithuania,Petrol,LTU
2024,827.12,Lithuania,Petrol,LTU
2024,822.79,Lithuania,Petrol,LTU
2024,817.21,Lithuania,Petrol,LTU
2024,791.4,Lithuania,Petrol,LTU
2024,768.41,Lithuania,Petrol,LTU
2024,768.41,Lithuania,Petrol,LTU
2024,770.76,Lithuania,Petrol,LTU
2024,768.21,Lithuania,Petrol,LTU
2024,767.6,Lithuania,Petrol,LTU
2024,774.11,Lithuania,Petrol,LTU
2024,755.77,Lithuania,Petrol,LTU
2024,733.52,Lithuania,Petrol,LTU
2024,721.63,Lithuania,Petrol,LTU
2024,717.36,Lithuania,Petrol,LTU
2024,706.36,Lithuania,Petrol,LTU
2024,711.3,Lithuania,Petrol,LTU
2024,714.6,Lithuania,Petrol,LTU
2023,723.15,Lithuania,Petrol,LTU
2023,727.74,Lithuania,Petrol,LTU
2023,737.87,Lithuania,Petrol,LTU
2023,757.6,Lithuania,Petrol,LTU
2023,766.45,Lithuania,Petrol,LTU
2023,775.01,Lithuania,Petrol,LTU
2023,780.31,Lithuania,Petrol,LTU
2023,800.88,Lithuania,Petrol,LTU
2023,811.4,Lithuania,Petrol,LTU
2023,818.68,Lithuania,Petrol,LTU
2023,820.83,Lithuania,Petrol,LTU
2023,842.8,Lithuania,Petrol,LTU
2023,863.36,Lithuania,Petrol,LTU
2023,868.15,Lithuania,Petrol,LTU
2023,867.54,Lithuania,Petrol,LTU
2023,861.01,Lithuania,Petrol,LTU
2023,847.71,Lithuania,Petrol,LTU
2023,847.54,Lithuania,Petrol,LTU
2023,832.12,Lithuania,Petrol,LTU
2023,823.19,Lithuania,Petrol,LTU
2023,818.33,Lithuania,Petrol,LTU
2023,787.06,Lithuania,Petrol,LTU
2023,757.88,Lithuania,Petrol,LTU
2023,748.6,Lithuania,Petrol,LTU
2023,754.21,Lithuania,Petrol,LTU
2023,765.47,Lithuania,Petrol,LTU
2023,780.36,Lithuania,Petrol,LTU
2023,772.22,Lithuania,Petrol,LTU
2023,761.31,Lithuania,Petrol,LTU
2023,752.1,Lithuania,Petrol,LTU
2023,750.02,Lithuania,Petrol,LTU
2023,753,Lithuania,Petrol,LTU
2023,755.46,Lithuania,Petrol,LTU
2023,770.72,Lithuania,Petrol,LTU
2023,790.68,Lithuania,Petrol,LTU
2023,816.46,Lithuania,Petrol,LTU
2023,831.84,Lithuania,Petrol,LTU
2023,817.64,Lithuania,Petrol,LTU
2023,800.89,Lithuania,Petrol,LTU
2023,789.17,Lithuania,Petrol,LTU
2023,781.75,Lithuania,Petrol,LTU
2023,792.94,Lithuania,Petrol,LTU
2023,797.35,Lithuania,Petrol,LTU
2023,788.51,Lithuania,Petrol,LTU
2023,790.54,Lithuania,Petrol,LTU
2023,776.49,Lithuania,Petrol,LTU
2023,782.85,Lithuania,Petrol,LTU
2023,793.69,Lithuania,Petrol,LTU
2023,770.69,Lithuania,Petrol,LTU
2023,760.74,Lithuania,Petrol,LTU
2023,756.93,Lithuania,Petrol,LTU
2023,759.57,Lithuania,Petrol,LTU
2022,767.5,Lithuania,Petrol,LTU
2022,779.92,Lithuania,Petrol,LTU
2022,824.54,Lithuania,Petrol,LTU
2022,848.31,Lithuania,Petrol,LTU
2022,868.69,Lithuania,Petrol,LTU
2022,895.03,Lithuania,Petrol,LTU
2022,924.28,Lithuania,Petrol,LTU
2022,934.79,Lithuania,Petrol,LTU
2022,943.37,Lithuania,Petrol,LTU
2022,950,Lithuania,Petrol,LTU
2022,937.45,Lithuania,Petrol,LTU
2022,944.58,Lithuania,Petrol,LTU
2022,897.51,Lithuania,Petrol,LTU
2022,902.11,Lithuania,Petrol,LTU
2022,906.79,Lithuania,Petrol,LTU
2022,938.88,Lithuania,Petrol,LTU
2022,960.41,Lithuania,Petrol,LTU
2022,987.92,Lithuania,Petrol,LTU
2022,992.5,Lithuania,Petrol,LTU
2022,990.93,Lithuania,Petrol,LTU
2022,1008.59,Lithuania,Petrol,LTU
2022,1044.24,Lithuania,Petrol,LTU
2022,1077.14,Lithuania,Petrol,LTU
2022,1108.59,Lithuania,Petrol,LTU
2022,1142.84,Lithuania,Petrol,LTU
2022,1174.49,Lithuania,Petrol,LTU
2022,1226.69,Lithuania,Petrol,LTU
2022,1240.86,Lithuania,Petrol,LTU
2022,1238.51,Lithuania,Petrol,LTU
2022,1211.23,Lithuania,Petrol,LTU
2022,1111.66,Lithuania,Petrol,LTU
2022,1068.67,Lithuania,Petrol,LTU
2022,1023.47,Lithuania,Petrol,LTU
2022,976.79,Lithuania,Petrol,LTU
2022,942.45,Lithuania,Petrol,LTU
2022,915.94,Lithuania,Petrol,LTU
2022,925.71,Lithuania,Petrol,LTU
2022,936.58,Lithuania,Petrol,LTU
2022,959.5,Lithuania,Petrol,LTU
2022,964.64,Lithuania,Petrol,LTU
2022,999.03,Lithuania,Petrol,LTU
2022,907.17,Lithuania,Petrol,LTU
2022,816.32,Lithuania,Petrol,LTU
2022,781.57,Lithuania,Petrol,LTU
2022,771.23,Lithuania,Petrol,LTU
2022,766,Lithuania,Petrol,LTU
2022,751.01,Lithuania,Petrol,LTU
2022,743.12,Lithuania,Petrol,LTU
2022,735.45,Lithuania,Petrol,LTU
2022,732.44,Lithuania,Petrol,LTU
2022,729.53,Lithuania,Petrol,LTU
2021,739.64,Lithuania,Petrol,LTU
2021,730.96,Lithuania,Petrol,LTU
2021,738.07,Lithuania,Petrol,LTU
2021,747.69,Lithuania,Petrol,LTU
2021,745.75,Lithuania,Petrol,LTU
2021,746.18,Lithuania,Petrol,LTU
2021,725.88,Lithuania,Petrol,LTU
2021,690.2,Lithuania,Petrol,LTU
2021,713.92,Lithuania,Petrol,LTU
2021,696.35,Lithuania,Petrol,LTU
2021,670.69,Lithuania,Petrol,LTU
2021,644.99,Lithuania,Petrol,LTU
2021,629.38,Lithuania,Petrol,LTU
2021,621.88,Lithuania,Petrol,LTU
2021,618.65,Lithuania,Petrol,LTU
2021,610.42,Lithuania,Petrol,LTU
2021,598.82,Lithuania,Petrol,LTU
2021,600.28,Lithuania,Petrol,LTU
2021,608.26,Lithuania,Petrol,LTU
2021,611.87,Lithuania,Petrol,LTU
2021,610.62,Lithuania,Petrol,LTU
2021,604.91,Lithuania,Petrol,LTU
2021,608.94,Lithuania,Petrol,LTU
2021,597.07,Lithuania,Petrol,LTU
2021,584.74,Lithuania,Petrol,LTU
2021,581.31,Lithuania,Petrol,LTU
2021,573.76,Lithuania,Petrol,LTU
2021,566.32,Lithuania,Petrol,LTU
2021,562.35,Lithuania,Petrol,LTU
2021,553.68,Lithuania,Petrol,LTU
2021,556.12,Lithuania,Petrol,LTU
2021,554.28,Lithuania,Petrol,LTU
2021,552.4,Lithuania,Petrol,LTU
2021,541.44,Lithuania,Petrol,LTU
2021,539.97,Lithuania,Petrol,LTU
2021,539.48,Lithuania,Petrol,LTU
2021,536.18,Lithuania,Petrol,LTU
2021,544.38,Lithuania,Petrol,LTU
2021,547.93,Lithuania,Petrol,LTU
2021,548.44,Lithuania,Petrol,LTU
2021,527.09,Lithuania,Petrol,LTU
2021,519.46,Lithuania,Petrol,LTU
2021,498.42,Lithuania,Petrol,LTU
2021,485.26,Lithuania,Petrol,LTU
2021,473.19,Lithuania,Petrol,LTU
2021,457.07,Lithuania,Petrol,LTU
2021,456.85,Lithuania,Petrol,LTU
2021,455.28,Lithuania,Petrol,LTU
2021,443.69,Lithuania,Petrol,LTU
2020,439.2,Lithuania,Petrol,LTU
2020,433.22,Lithuania,Petrol,LTU
2020,424.88,Lithuania,Petrol,LTU
2020,423.44,Lithuania,Petrol,LTU
2020,421.96,Lithuania,Petrol,LTU
2020,417.07,Lithuania,Petrol,LTU
2020,423.64,Lithuania,Petrol,LTU
2020,412.62,Lithuania,Petrol,LTU
2020,417.48,Lithuania,Petrol,LTU
2020,421.36,Lithuania,Petrol,LTU
2020,425.6,Lithuania,Petrol,LTU
2020,421.78,Lithuania,Petrol,LTU
2020,427.36,Lithuania,Petrol,LTU
2020,429.41,Lithuania,Petrol,LTU
2020,431.68,Lithuania,Petrol,LTU
2020,435.72,Lithuania,Petrol,LTU
2020,439.64,Lithuania,Petrol,LTU
2020,431.3,Lithuania,Petrol,LTU
2020,432.31,Lithuania,Petrol,LTU
2020,433.6,Lithuania,Petrol,LTU
2020,432.11,Lithuania,Petrol,LTU
2020,438.24,Lithuania,Petrol,LTU
2020,436.15,Lithuania,Petrol,LTU
2020,428.69,Lithuania,Petrol,LTU
2020,417.39,Lithuania,Petrol,LTU
2020,406.02,Lithuania,Petrol,LTU
2020,387.66,Lithuania,Petrol,LTU
2020,369.01,Lithuania,Petrol,LTU
2020,368.88,Lithuania,Petrol,LTU
2020,356.32,Lithuania,Petrol,LTU
2020,348.99,Lithuania,Petrol,LTU
2020,339.22,Lithuania,Petrol,LTU
2020,341.48,Lithuania,Petrol,LTU
2020,360.02,Lithuania,Petrol,LTU
2020,385.42,Lithuania,Petrol,LTU
2020,408.25,Lithuania,Petrol,LTU
2020,427.17,Lithuania,Petrol,LTU
2020,432.58,Lithuania,Petrol,LTU
2020,453.45,Lithuania,Petrol,LTU
2020,476.4,Lithuania,Petrol,LTU
2020,522.66,Lithuania,Petrol,LTU
2020,534.98,Lithuania,Petrol,LTU
2020,540.47,Lithuania,Petrol,LTU
2020,539.63,Lithuania,Petrol,LTU
2020,544.36,Lithuania,Petrol,LTU
2020,553.04,Lithuania,Petrol,LTU
2020,563.62,Lithuania,Petrol,LTU
2020,564.1,Lithuania,Petrol,LTU
2020,565.93,Lithuania,Petrol,LTU
2020,560.07,Lithuania,Petrol,LTU
2019,564.52,Lithuania,Petrol,LTU
2019,563.08,Lithuania,Petrol,LTU
2019,565.73,Lithuania,Petrol,LTU
2019,566.45,Lithuania,Petrol,LTU
2019,566.31,Lithuania,Petrol,LTU
2019,567.71,Lithuania,Petrol,LTU
2019,565.24,Lithuania,Petrol,LTU
2019,566.51,Lithuania,Petrol,LTU
2019,566.09,Lithuania,Petrol,LTU
2019,569.3,Lithuania,Petrol,LTU
2019,571.05,Lithuania,Petrol,LTU
2019,587.53,Lithuania,Petrol,LTU
2019,590.84,Lithuania,Petrol,LTU
2019,575.89,Lithuania,Petrol,LTU
2019,581.96,Lithuania,Petrol,LTU
2019,588.3,Lithuania,Petrol,LTU
2019,585.72,Lithuania,Petrol,LTU
2019,585.31,Lithuania,Petrol,LTU
2019,586.15,Lithuania,Petrol,LTU
2019,588.26,Lithuania,Petrol,LTU
2019,582.18,Lithuania,Petrol,LTU
2019,582.63,Lithuania,Petrol,LTU
2019,582.04,Lithuania,Petrol,LTU
2019,577.26,Lithuania,Petrol,LTU
2019,587.7,Lithuania,Petrol,LTU
2019,579.56,Lithuania,Petrol,LTU
2019,598.53,Lithuania,Petrol,LTU
2019,604.42,Lithuania,Petrol,LTU
2019,613.95,Lithuania,Petrol,LTU
2019,617.18,Lithuania,Petrol,LTU
2019,619.06,Lithuania,Petrol,LTU
2019,603.35,Lithuania,Petrol,LTU
2019,600.49,Lithuania,Petrol,LTU
2019,590.92,Lithuania,Petrol,LTU
2019,576.69,Lithuania,Petrol,LTU
2019,554.08,Lithuania,Petrol,LTU
2019,542.31,Lithuania,Petrol,LTU
2019,525.58,Lithuania,Petrol,LTU
2019,511.4,Lithuania,Petrol,LTU
2019,504.04,Lithuania,Petrol,LTU
2019,496.74,Lithuania,Petrol,LTU
2019,493.23,Lithuania,Petrol,LTU
2019,477.54,Lithuania,Petrol,LTU
2019,468.48,Lithuania,Petrol,LTU
2019,476.94,Lithuania,Petrol,LTU
2019,472.8,Lithuania,Petrol,LTU
2019,477.1,Lithuania,Petrol,LTU
2019,478.09,Lithuania,Petrol,LTU
2019,467.93,Lithuania,Petrol,LTU
2018,490.74,Lithuania,Petrol,LTU
2018,504.58,Lithuania,Petrol,LTU
2018,513.46,Lithuania,Petrol,LTU
2018,552.93,Lithuania,Petrol,LTU
2018,567.23,Lithuania,Petrol,LTU
2018,592.57,Lithuania,Petrol,LTU
2018,592.24,Lithuania,Petrol,LTU
2018,612.27,Lithuania,Petrol,LTU
2018,619.14,Lithuania,Petrol,LTU
2018,624.96,Lithuania,Petrol,LTU
2018,623.63,Lithuania,Petrol,LTU
2018,613.71,Lithuania,Petrol,LTU
2018,607.3,Lithuania,Petrol,LTU
2018,609.17,Lithuania,Petrol,LTU
2018,619.57,Lithuania,Petrol,LTU
2018,617.02,Lithuania,Petrol,LTU
2018,608.22,Lithuania,Petrol,LTU
2018,601.16,Lithuania,Petrol,LTU
2018,591.54,Lithuania,Petrol,LTU
2018,601.92,Lithuania,Petrol,LTU
2018,585.57,Lithuania,Petrol,LTU
2018,603.21,Lithuania,Petrol,LTU
2018,603.41,Lithuania,Petrol,LTU
2018,608.97,Lithuania,Petrol,LTU
2018,599.72,Lithuania,Petrol,LTU
2018,601.64,Lithuania,Petrol,LTU
2018,599.95,Lithuania,Petrol,LTU
2018,604.31,Lithuania,Petrol,LTU
2018,608.24,Lithuania,Petrol,LTU
2018,610.04,Lithuania,Petrol,LTU
2018,598.06,Lithuania,Petrol,LTU
2018,588.02,Lithuania,Petrol,LTU
2018,557.29,Lithuania,Petrol,LTU
2018,541.63,Lithuania,Petrol,LTU
2018,530.39,Lithuania,Petrol,LTU
2018,527.78,Lithuania,Petrol,LTU
2018,532.23,Lithuania,Petrol,LTU
2018,525.39,Lithuania,Petrol,LTU
2018,529.89,Lithuania,Petrol,LTU
2018,517.77,Lithuania,Petrol,LTU
2018,522.11,Lithuania,Petrol,LTU
2018,525.94,Lithuania,Petrol,LTU
2018,524.59,Lithuania,Petrol,LTU
2018,534.07,Lithuania,Petrol,LTU
2018,534.99,Lithuania,Petrol,LTU
2018,533.44,Lithuania,Petrol,LTU
2018,537,Lithuania,Petrol,LTU
2018,529.23,Lithuania,Petrol,LTU
2018,533.26,Lithuania,Petrol,LTU
2018,524.08,Lithuania,Petrol,LTU
2017,511.97,Lithuania,Petrol,LTU
2017,519.32,Lithuania,Petrol,LTU
2017,516.53,Lithuania,Petrol,LTU
2017,516.28,Lithuania,Petrol,LTU
2017,524.66,Lithuania,Petrol,LTU
2017,519.77,Lithuania,Petrol,LTU
2017,500.67,Lithuania,Petrol,LTU
2017,485.24,Lithuania,Petrol,LTU
2017,491.51,Lithuania,Petrol,LTU
2017,492.07,Lithuania,Petrol,LTU
2017,487.72,Lithuania,Petrol,LTU
2017,483.69,Lithuania,Petrol,LTU
2017,490.28,Lithuania,Petrol,LTU
2017,486.8,Lithuania,Petrol,LTU
2017,493.22,Lithuania,Petrol,LTU
2017,485.17,Lithuania,Petrol,LTU
2017,496.28,Lithuania,Petrol,LTU
2017,489.99,Lithuania,Petrol,LTU
2017,492.5,Lithuania,Petrol,LTU
2017,485.28,Lithuania,Petrol,LTU
2017,479.72,Lithuania,Petrol,LTU
2017,470.73,Lithuania,Petrol,LTU
2017,478.71,Lithuania,Petrol,LTU
2017,465.75,Lithuania,Petrol,LTU
2017,458.45,Lithuania,Petrol,LTU
2017,467.97,Lithuania,Petrol,LTU
2017,481.36,Lithuania,Petrol,LTU
2017,488.78,Lithuania,Petrol,LTU
2017,492.94,Lithuania,Petrol,LTU
2017,503.93,Lithuania,Petrol,LTU
2017,487.98,Lithuania,Petrol,LTU
2017,493.32,Lithuania,Petrol,LTU
2017,501.52,Lithuania,Petrol,LTU
2017,507.43,Lithuania,Petrol,LTU
2017,511.5,Lithuania,Petrol,LTU
2017,520.44,Lithuania,Petrol,LTU
2017,512.54,Lithuania,Petrol,LTU
2017,514.17,Lithuania,Petrol,LTU
2017,522.31,Lithuania,Petrol,LTU
2017,513.6,Lithuania,Petrol,LTU
2017,528.25,Lithuania,Petrol,LTU
2017,528.03,Lithuania,Petrol,LTU
2017,528.37,Lithuania,Petrol,LTU
2017,523.26,Lithuania,Petrol,LTU
2017,520.4,Lithuania,Petrol,LTU
2017,517.19,Lithuania,Petrol,LTU
2017,518.4,Lithuania,Petrol,LTU
2017,517.84,Lithuania,Petrol,LTU
2017,512.34,Lithuania,Petrol,LTU
2017,494.94,Lithuania,Petrol,LTU
2025,731.52,Luxembourg,Petrol,LUX
2025,758.87,Luxembourg,Petrol,LUX
2025,772.54,Luxembourg,Petrol,LUX
2025,772.54,Luxembourg,Petrol,LUX
2025,744.34,Luxembourg,Petrol,LUX
2025,767.42,Luxembourg,Petrol,LUX
2025,767.42,Luxembourg,Petrol,LUX
2025,752.03,Luxembourg,Petrol,LUX
2025,719.55,Luxembourg,Petrol,LUX
2024,724.01,Luxembourg,Petrol,LUX
2024,724.01,Luxembourg,Petrol,LUX
2024,724.01,Luxembourg,Petrol,LUX
2024,706.06,Luxembourg,Petrol,LUX
2024,719.74,Luxembourg,Petrol,LUX
2024,719.74,Luxembourg,Petrol,LUX
2024,706.92,Luxembourg,Petrol,LUX
2024,706.92,Luxembourg,Petrol,LUX
2024,690.68,Luxembourg,Petrol,LUX
2024,720.59,Luxembourg,Petrol,LUX
2024,720.59,Luxembourg,Petrol,LUX
2024,736.83,Luxembourg,Petrol,LUX
2024,698.37,Luxembourg,Petrol,LUX
2024,685.55,Luxembourg,Petrol,LUX
2024,692.39,Luxembourg,Petrol,LUX
2024,675.29,Luxembourg,Petrol,LUX
2024,707.77,Luxembourg,Petrol,LUX
2024,724.86,Luxembourg,Petrol,LUX
2024,724.86,Luxembourg,Petrol,LUX
2024,765.04,Luxembourg,Petrol,LUX
2024,752.21,Luxembourg,Petrol,LUX
2024,783.84,Luxembourg,Petrol,LUX
2024,783.84,Luxembourg,Petrol,LUX
2024,794.1,Luxembourg,Petrol,LUX
2024,806.06,Luxembourg,Petrol,LUX
2024,818.88,Luxembourg,Petrol,LUX
2024,803.5,Luxembourg,Petrol,LUX
2024,803.5,Luxembourg,Petrol,LUX
2024,783.84,Luxembourg,Petrol,LUX
2024,783.84,Luxembourg,Petrol,LUX
2024,802.64,Luxembourg,Petrol,LUX
2024,802.64,Luxembourg,Petrol,LUX
2024,813.75,Luxembourg,Petrol,LUX
2024,828.28,Luxembourg,Petrol,LUX
2024,838.54,Luxembourg,Petrol,LUX
2024,864.18,Luxembourg,Petrol,LUX
2024,882.13,Luxembourg,Petrol,LUX
2024,864.18,Luxembourg,Petrol,LUX
2024,864.18,Luxembourg,Petrol,LUX
2024,842.81,Luxembourg,Petrol,LUX
2024,822.3,Luxembourg,Petrol,LUX
2024,795.8,Luxembourg,Petrol,LUX
2024,795.8,Luxembourg,Petrol,LUX
2024,795.8,Luxembourg,Petrol,LUX
2024,783.84,Luxembourg,Petrol,LUX
2024,798.37,Luxembourg,Petrol,LUX
2024,778.71,Luxembourg,Petrol,LUX
2024,769.31,Luxembourg,Petrol,LUX
2024,748.8,Luxembourg,Petrol,LUX
2024,727.43,Luxembourg,Petrol,LUX
2024,717.17,Luxembourg,Petrol,LUX
2024,717.17,Luxembourg,Petrol,LUX
2024,717.17,Luxembourg,Petrol,LUX
2023,720.63,Luxembourg,Petrol,LUX
2023,699.94,Luxembourg,Petrol,LUX
2023,721.49,Luxembourg,Petrol,LUX
2023,752.53,Luxembourg,Petrol,LUX
2023,752.53,Luxembourg,Petrol,LUX
2023,766.32,Luxembourg,Petrol,LUX
2023,794.77,Luxembourg,Petrol,LUX
2023,821.49,Luxembourg,Petrol,LUX
2023,807.7,Luxembourg,Petrol,LUX
2023,826.67,Luxembourg,Petrol,LUX
2023,805.98,Luxembourg,Petrol,LUX
2023,805.98,Luxembourg,Petrol,LUX
2023,874.08,Luxembourg,Petrol,LUX
2023,899.08,Luxembourg,Petrol,LUX
2023,927.53,Luxembourg,Petrol,LUX
2023,879.25,Luxembourg,Petrol,LUX
2023,901.67,Luxembourg,Petrol,LUX
2023,890.46,Luxembourg,Petrol,LUX
2023,890.46,Luxembourg,Petrol,LUX
2023,868.91,Luxembourg,Petrol,LUX
2023,879.25,Luxembourg,Petrol,LUX
2023,879.25,Luxembourg,Petrol,LUX
2023,814.6,Luxembourg,Petrol,LUX
2023,814.6,Luxembourg,Petrol,LUX
2023,790.46,Luxembourg,Petrol,LUX
2023,790.46,Luxembourg,Petrol,LUX
2023,807.7,Luxembourg,Petrol,LUX
2023,807.7,Luxembourg,Petrol,LUX
2023,842.18,Luxembourg,Petrol,LUX
2023,800.8,Luxembourg,Petrol,LUX
2023,827.53,Luxembourg,Petrol,LUX
2023,815.46,Luxembourg,Petrol,LUX
2023,797.35,Luxembourg,Petrol,LUX
2023,769.77,Luxembourg,Petrol,LUX
2023,814.6,Luxembourg,Petrol,LUX
2023,814.6,Luxembourg,Petrol,LUX
2023,869.77,Luxembourg,Petrol,LUX
2023,869.77,Luxembourg,Petrol,LUX
2023,840.46,Luxembourg,Petrol,LUX
2023,765.46,Luxembourg,Petrol,LUX
2023,777.53,Luxembourg,Petrol,LUX
2023,817.18,Luxembourg,Petrol,LUX
2023,804.25,Luxembourg,Petrol,LUX
2023,804.25,Luxembourg,Petrol,LUX
2023,814.6,Luxembourg,Petrol,LUX
2023,814.6,Luxembourg,Petrol,LUX
2023,824.08,Luxembourg,Petrol,LUX
2023,824.08,Luxembourg,Petrol,LUX
2023,793.04,Luxembourg,Petrol,LUX
2023,793.04,Luxembourg,Petrol,LUX
2023,748.22,Luxembourg,Petrol,LUX
2023,761.15,Luxembourg,Petrol,LUX
2022,742.08,Luxembourg,Petrol,LUX
2022,715.59,Luxembourg,Petrol,LUX
2022,712.17,Luxembourg,Petrol,LUX
2022,786.53,Luxembourg,Petrol,LUX
2022,788.23,Luxembourg,Petrol,LUX
2022,832.68,Luxembourg,Petrol,LUX
2022,945.5,Luxembourg,Petrol,LUX
2022,944.64,Luxembourg,Petrol,LUX
2022,917.29,Luxembourg,Petrol,LUX
2022,940.37,Luxembourg,Petrol,LUX
2022,983.96,Luxembourg,Petrol,LUX
2022,904.47,Luxembourg,Petrol,LUX
2022,904.47,Luxembourg,Petrol,LUX
2022,881.4,Luxembourg,Petrol,LUX
2022,874.56,Luxembourg,Petrol,LUX
2022,828.41,Luxembourg,Petrol,LUX
2022,847.21,Luxembourg,Petrol,LUX
2022,951.48,Luxembourg,Petrol,LUX
2022,936.95,Luxembourg,Petrol,LUX
2022,936.95,Luxembourg,Petrol,LUX
2022,935.24,Luxembourg,Petrol,LUX
2022,1025.84,Luxembourg,Petrol,LUX
2022,1002.76,Luxembourg,Petrol,LUX
2022,1010.45,Luxembourg,Petrol,LUX
2022,1074.56,Luxembourg,Petrol,LUX
2022,1142.08,Luxembourg,Petrol,LUX
2022,1158.32,Luxembourg,Petrol,LUX
2022,1197.63,Luxembourg,Petrol,LUX
2022,1242.93,Luxembourg,Petrol,LUX
2022,1260.88,Luxembourg,Petrol,LUX
2022,1150.63,Luxembourg,Petrol,LUX
2022,1098.49,Luxembourg,Petrol,LUX
2022,1080.54,Luxembourg,Petrol,LUX
2022,1066.86,Luxembourg,Petrol,LUX
2022,1027.55,Luxembourg,Petrol,LUX
2022,977.12,Luxembourg,Petrol,LUX
2022,926.7,Luxembourg,Petrol,LUX
2022,954.05,Luxembourg,Petrol,LUX
2022,972,Luxembourg,Petrol,LUX
2022,914.73,Luxembourg,Petrol,LUX
2022,954.05,Luxembourg,Petrol,LUX
2022,889.94,Luxembourg,Petrol,LUX
2022,836.1,Luxembourg,Petrol,LUX
2022,819.86,Luxembourg,Petrol,LUX
2022,800.2,Luxembourg,Petrol,LUX
2022,777.98,Luxembourg,Petrol,LUX
2022,777.98,Luxembourg,Petrol,LUX
2022,752.34,Luxembourg,Petrol,LUX
2022,733.53,Luxembourg,Petrol,LUX
2022,733.53,Luxembourg,Petrol,LUX
2022,733.53,Luxembourg,Petrol,LUX
2021,714.46,Luxembourg,Petrol,LUX
2021,699.07,Luxembourg,Petrol,LUX
2021,649.5,Luxembourg,Petrol,LUX
2021,738.39,Luxembourg,Petrol,LUX
2021,787.96,Luxembourg,Petrol,LUX
2021,787.96,Luxembourg,Petrol,LUX
2021,767.45,Luxembourg,Petrol,LUX
2021,767.45,Luxembourg,Petrol,LUX
2021,746.08,Luxembourg,Petrol,LUX
2021,731.55,Luxembourg,Petrol,LUX
2021,702.49,Luxembourg,Petrol,LUX
2021,678.56,Luxembourg,Petrol,LUX
2021,656.34,Luxembourg,Petrol,LUX
2021,656.34,Luxembourg,Petrol,LUX
2021,656.34,Luxembourg,Petrol,LUX
2021,640.1,Luxembourg,Petrol,LUX
2021,640.1,Luxembourg,Petrol,LUX
2021,641.81,Luxembourg,Petrol,LUX
2021,641.81,Luxembourg,Petrol,LUX
2021,641.81,Luxembourg,Petrol,LUX
2021,641.81,Luxembourg,Petrol,LUX
2021,615.31,Luxembourg,Petrol,LUX
2021,640.95,Luxembourg,Petrol,LUX
2021,640.95,Luxembourg,Petrol,LUX
2021,626.43,Luxembourg,Petrol,LUX
2021,626.43,Luxembourg,Petrol,LUX
2021,610.19,Luxembourg,Petrol,LUX
2021,595.66,Luxembourg,Petrol,LUX
2021,595.66,Luxembourg,Petrol,LUX
2021,581.98,Luxembourg,Petrol,LUX
2021,581.98,Luxembourg,Petrol,LUX
2021,596.51,Luxembourg,Petrol,LUX
2021,596.51,Luxembourg,Petrol,LUX
2021,577.71,Luxembourg,Petrol,LUX
2021,577.71,Luxembourg,Petrol,LUX
2021,577.71,Luxembourg,Petrol,LUX
2021,574.29,Luxembourg,Petrol,LUX
2021,552.92,Luxembourg,Petrol,LUX
2021,575.14,Luxembourg,Petrol,LUX
2021,575.14,Luxembourg,Petrol,LUX
2021,555.48,Luxembourg,Petrol,LUX
2021,541.81,Luxembourg,Petrol,LUX
2021,528.13,Luxembourg,Petrol,LUX
2021,507.62,Luxembourg,Petrol,LUX
2021,507.62,Luxembourg,Petrol,LUX
2021,488.82,Luxembourg,Petrol,LUX
2021,488.82,Luxembourg,Petrol,LUX
2021,488.82,Luxembourg,Petrol,LUX
2021,448.65,Luxembourg,Petrol,LUX
2020,443.29,Luxembourg,Petrol,LUX
2020,443.29,Luxembourg,Petrol,LUX
2020,433.89,Luxembourg,Petrol,LUX
2020,433.89,Luxembourg,Petrol,LUX
2020,433.89,Luxembourg,Petrol,LUX
2020,433.89,Luxembourg,Petrol,LUX
2020,418.51,Luxembourg,Petrol,LUX
2020,418.51,Luxembourg,Petrol,LUX
2020,434.75,Luxembourg,Petrol,LUX
2020,452.7,Luxembourg,Petrol,LUX
2020,467.23,Luxembourg,Petrol,LUX
2020,467.23,Luxembourg,Petrol,LUX
2020,467.23,Luxembourg,Petrol,LUX
2020,478.34,Luxembourg,Petrol,LUX
2020,460.39,Luxembourg,Petrol,LUX
2020,473.21,Luxembourg,Petrol,LUX
2020,473.21,Luxembourg,Petrol,LUX
2020,462.1,Luxembourg,Petrol,LUX
2020,441.59,Luxembourg,Petrol,LUX
2020,441.59,Luxembourg,Petrol,LUX
2020,456.12,Luxembourg,Petrol,LUX
2020,456.12,Luxembourg,Petrol,LUX
2020,456.12,Luxembourg,Petrol,LUX
2020,456.12,Luxembourg,Petrol,LUX
2020,456.12,Luxembourg,Petrol,LUX
2020,450.99,Luxembourg,Petrol,LUX
2020,450.99,Luxembourg,Petrol,LUX
2020,430.47,Luxembourg,Petrol,LUX
2020,409.11,Luxembourg,Petrol,LUX
2020,390.3,Luxembourg,Petrol,LUX
2020,390.3,Luxembourg,Petrol,LUX
2020,365.52,Luxembourg,Petrol,LUX
2020,365.52,Luxembourg,Petrol,LUX
2020,289.45,Luxembourg,Petrol,LUX
2020,289.45,Luxembourg,Petrol,LUX
2020,318.51,Luxembourg,Petrol,LUX
2020,318.51,Luxembourg,Petrol,LUX
2020,318.51,Luxembourg,Petrol,LUX
2020,318.51,Luxembourg,Petrol,LUX
2020,424.49,Luxembourg,Petrol,LUX
2020,516.8,Luxembourg,Petrol,LUX
2020,548.42,Luxembourg,Petrol,LUX
2020,574.92,Luxembourg,Petrol,LUX
2020,556.12,Luxembourg,Petrol,LUX
2020,556.12,Luxembourg,Petrol,LUX
2020,556.12,Luxembourg,Petrol,LUX
2020,586.88,Luxembourg,Petrol,LUX
2020,586.88,Luxembourg,Petrol,LUX
2020,603.98,Luxembourg,Petrol,LUX
2020,575.77,Luxembourg,Petrol,LUX
2019,564.66,Luxembourg,Petrol,LUX
2019,564.66,Luxembourg,Petrol,LUX
2019,564.66,Luxembourg,Petrol,LUX
2019,564.66,Luxembourg,Petrol,LUX
2019,564.66,Luxembourg,Petrol,LUX
2019,562.1,Luxembourg,Petrol,LUX
2019,562.1,Luxembourg,Petrol,LUX
2019,562.1,Luxembourg,Petrol,LUX
2019,545,Luxembourg,Petrol,LUX
2019,545,Luxembourg,Petrol,LUX
2019,571.5,Luxembourg,Petrol,LUX
2019,587.74,Luxembourg,Petrol,LUX
2019,605.69,Luxembourg,Petrol,LUX
2019,555.26,Luxembourg,Petrol,LUX
2019,555.26,Luxembourg,Petrol,LUX
2019,569.79,Luxembourg,Petrol,LUX
2019,569.79,Luxembourg,Petrol,LUX
2019,569.79,Luxembourg,Petrol,LUX
2019,569.79,Luxembourg,Petrol,LUX
2019,601.41,Luxembourg,Petrol,LUX
2019,581.76,Luxembourg,Petrol,LUX
2019,606.54,Luxembourg,Petrol,LUX
2019,590.3,Luxembourg,Petrol,LUX
2019,574.06,Luxembourg,Petrol,LUX
2019,574.06,Luxembourg,Petrol,LUX
2019,556.12,Luxembourg,Petrol,LUX
2019,556.12,Luxembourg,Petrol,LUX
2019,595.43,Luxembourg,Petrol,LUX
2019,627.91,Luxembourg,Petrol,LUX
2019,627.91,Luxembourg,Petrol,LUX
2019,626.2,Luxembourg,Petrol,LUX
2019,626.2,Luxembourg,Petrol,LUX
2019,626.2,Luxembourg,Petrol,LUX
2019,636.2,Luxembourg,Petrol,LUX
2019,614.83,Luxembourg,Petrol,LUX
2019,595.17,Luxembourg,Petrol,LUX
2019,579.79,Luxembourg,Petrol,LUX
2019,543.89,Luxembourg,Petrol,LUX
2019,543.89,Luxembourg,Petrol,LUX
2019,533.64,Luxembourg,Petrol,LUX
2019,533.64,Luxembourg,Petrol,LUX
2019,533.64,Luxembourg,Petrol,LUX
2019,510.56,Luxembourg,Petrol,LUX
2019,510.56,Luxembourg,Petrol,LUX
2019,492.61,Luxembourg,Petrol,LUX
2019,507.14,Luxembourg,Petrol,LUX
2019,507.14,Luxembourg,Petrol,LUX
2019,488.34,Luxembourg,Petrol,LUX
2019,488.34,Luxembourg,Petrol,LUX
2018,509.7,Luxembourg,Petrol,LUX
2018,509.7,Luxembourg,Petrol,LUX
2018,509.7,Luxembourg,Petrol,LUX
2018,524.23,Luxembourg,Petrol,LUX
2018,565.26,Luxembourg,Petrol,LUX
2018,579.79,Luxembourg,Petrol,LUX
2018,579.79,Luxembourg,Petrol,LUX
2018,596.03,Luxembourg,Petrol,LUX
2018,596.03,Luxembourg,Petrol,LUX
2018,630.22,Luxembourg,Petrol,LUX
2018,642.18,Luxembourg,Petrol,LUX
2018,630.22,Luxembourg,Petrol,LUX
2018,630.22,Luxembourg,Petrol,LUX
2018,630.22,Luxembourg,Petrol,LUX
2018,630.22,Luxembourg,Petrol,LUX
2018,630.22,Luxembourg,Petrol,LUX
2018,630.22,Luxembourg,Petrol,LUX
2018,630.22,Luxembourg,Petrol,LUX
2018,630.22,Luxembourg,Petrol,LUX
2018,630.22,Luxembourg,Petrol,LUX
2018,617.4,Luxembourg,Petrol,LUX
2018,599.45,Luxembourg,Petrol,LUX
2018,615.69,Luxembourg,Petrol,LUX
2018,626.8,Luxembourg,Petrol,LUX
2018,612.27,Luxembourg,Petrol,LUX
2018,612.27,Luxembourg,Petrol,LUX
2018,620.82,Luxembourg,Petrol,LUX
2018,620.82,Luxembourg,Petrol,LUX
2018,620.82,Luxembourg,Petrol,LUX
2018,633.64,Luxembourg,Petrol,LUX
2018,613.12,Luxembourg,Petrol,LUX
2018,613.12,Luxembourg,Petrol,LUX
2018,593.47,Luxembourg,Petrol,LUX
2018,573.81,Luxembourg,Petrol,LUX
2018,558.42,Luxembourg,Petrol,LUX
2018,558.42,Luxembourg,Petrol,LUX
2018,513.98,Luxembourg,Petrol,LUX
2018,513.98,Luxembourg,Petrol,LUX
2018,513.98,Luxembourg,Petrol,LUX
2018,513.98,Luxembourg,Petrol,LUX
2018,531.07,Luxembourg,Petrol,LUX
2018,516.54,Luxembourg,Petrol,LUX
2018,516.54,Luxembourg,Petrol,LUX
2018,539.62,Luxembourg,Petrol,LUX
2018,560.99,Luxembourg,Petrol,LUX
2018,560.99,Luxembourg,Petrol,LUX
2018,560.99,Luxembourg,Petrol,LUX
2018,560.99,Luxembourg,Petrol,LUX
2018,546.46,Luxembourg,Petrol,LUX
2018,546.46,Luxembourg,Petrol,LUX
2017,546.46,Luxembourg,Petrol,LUX
2017,532.78,Luxembourg,Petrol,LUX
2017,547.31,Luxembourg,Petrol,LUX
2017,547.31,Luxembourg,Petrol,LUX
2017,547.31,Luxembourg,Petrol,LUX
2017,576.37,Luxembourg,Petrol,LUX
2017,555,Luxembourg,Petrol,LUX
2017,512.27,Luxembourg,Petrol,LUX
2017,512.27,Luxembourg,Petrol,LUX
2017,512.27,Luxembourg,Petrol,LUX
2017,512.27,Luxembourg,Petrol,LUX
2017,529.36,Luxembourg,Petrol,LUX
2017,529.36,Luxembourg,Petrol,LUX
2017,529.36,Luxembourg,Petrol,LUX
2017,549.88,Luxembourg,Petrol,LUX
2017,511.41,Luxembourg,Petrol,LUX
2017,511.41,Luxembourg,Petrol,LUX
2017,511.41,Luxembourg,Petrol,LUX
2017,511.41,Luxembourg,Petrol,LUX
2017,511.41,Luxembourg,Petrol,LUX
2017,493.47,Luxembourg,Petrol,LUX
2017,493.47,Luxembourg,Petrol,LUX
2017,493.47,Luxembourg,Petrol,LUX
2017,493.47,Luxembourg,Petrol,LUX
2017,493.47,Luxembourg,Petrol,LUX
2017,493.47,Luxembourg,Petrol,LUX
2017,510.56,Luxembourg,Petrol,LUX
2017,510.56,Luxembourg,Petrol,LUX
2017,524.23,Luxembourg,Petrol,LUX
2017,524.23,Luxembourg,Petrol,LUX
2017,524.23,Luxembourg,Petrol,LUX
2017,505.43,Luxembourg,Petrol,LUX
2017,526.8,Luxembourg,Petrol,LUX
2017,526.8,Luxembourg,Petrol,LUX
2017,549.02,Luxembourg,Petrol,LUX
2017,549.02,Luxembourg,Petrol,LUX
2017,501.16,Luxembourg,Petrol,LUX
2017,501.16,Luxembourg,Petrol,LUX
2017,513.98,Luxembourg,Petrol,LUX
2017,536.2,Luxembourg,Petrol,LUX
2017,555,Luxembourg,Petrol,LUX
2017,555,Luxembourg,Petrol,LUX
2017,555,Luxembourg,Petrol,LUX
2017,555,Luxembourg,Petrol,LUX
2017,544.75,Luxembourg,Petrol,LUX
2017,552.44,Luxembourg,Petrol,LUX
2017,552.44,Luxembourg,Petrol,LUX
2017,552.44,Luxembourg,Petrol,LUX
2017,552.44,Luxembourg,Petrol,LUX
2017,542.18,Luxembourg,Petrol,LUX
2025,500.67,Latvia,Petrol,LVA
2025,754.25,Latvia,Petrol,LVA
2025,755.55,Latvia,Petrol,LVA
2025,738.55,Latvia,Petrol,LVA
2025,745.3,Latvia,Petrol,LVA
2025,760.59,Latvia,Petrol,LVA
2025,763.62,Latvia,Petrol,LVA
2025,744.47,Latvia,Petrol,LVA
2025,735.93,Latvia,Petrol,LVA
2024,719.26,Latvia,Petrol,LVA
2024,719.26,Latvia,Petrol,LVA
2024,719.26,Latvia,Petrol,LVA
2024,717.74,Latvia,Petrol,LVA
2024,722.84,Latvia,Petrol,LVA
2024,709.07,Latvia,Petrol,LVA
2024,615.55,Latvia,Petrol,LVA
2024,615.55,Latvia,Petrol,LVA
2024,705.9,Latvia,Petrol,LVA
2024,716.37,Latvia,Petrol,LVA
2024,952.76,Latvia,Petrol,LVA
2024,685.32,Latvia,Petrol,LVA
2024,660.45,Latvia,Petrol,LVA
2024,615.55,Latvia,Petrol,LVA
2024,664.99,Latvia,Petrol,LVA
2024,675.32,Latvia,Petrol,LVA
2024,698.71,Latvia,Petrol,LVA
2024,729.04,Latvia,Petrol,LVA
2024,745.98,Latvia,Petrol,LVA
2024,768.13,Latvia,Petrol,LVA
2024,782.68,Latvia,Petrol,LVA
2024,792.68,Latvia,Petrol,LVA
2024,794.74,Latvia,Petrol,LVA
2024,803.69,Latvia,Petrol,LVA
2024,809.79,Latvia,Petrol,LVA
2024,813.61,Latvia,Petrol,LVA
2024,789.64,Latvia,Petrol,LVA
2024,773.26,Latvia,Petrol,LVA
2024,790.45,Latvia,Petrol,LVA
2024,794.06,Latvia,Petrol,LVA
2024,821.33,Latvia,Petrol,LVA
2024,825.05,Latvia,Petrol,LVA
2024,828.9,Latvia,Petrol,LVA
2024,847.22,Latvia,Petrol,LVA
2024,849.29,Latvia,Petrol,LVA
2024,867.33,Latvia,Petrol,LVA
2024,869.12,Latvia,Petrol,LVA
2024,869.12,Latvia,Petrol,LVA
2024,869.95,Latvia,Petrol,LVA
2024,832.76,Latvia,Petrol,LVA
2024,825.05,Latvia,Petrol,LVA
2024,816.23,Latvia,Petrol,LVA
2024,821.33,Latvia,Petrol,LVA
2024,815.96,Latvia,Petrol,LVA
2024,800.17,Latvia,Petrol,LVA
2024,800.17,Latvia,Petrol,LVA
2024,791.68,Latvia,Petrol,LVA
2024,775.02,Latvia,Petrol,LVA
2024,764.17,Latvia,Petrol,LVA
2024,757.79,Latvia,Petrol,LVA
2024,741.97,Latvia,Petrol,LVA
2024,746.77,Latvia,Petrol,LVA
2024,748.66,Latvia,Petrol,LVA
2023,748.66,Latvia,Petrol,LVA
2023,748.66,Latvia,Petrol,LVA
2023,766.13,Latvia,Petrol,LVA
2023,775.93,Latvia,Petrol,LVA
2023,777.35,Latvia,Petrol,LVA
2023,758.58,Latvia,Petrol,LVA
2023,829.54,Latvia,Petrol,LVA
2023,844.41,Latvia,Petrol,LVA
2023,845.24,Latvia,Petrol,LVA
2023,846.54,Latvia,Petrol,LVA
2023,868.26,Latvia,Petrol,LVA
2023,883.13,Latvia,Petrol,LVA
2023,894.7,Latvia,Petrol,LVA
2023,894.7,Latvia,Petrol,LVA
2023,893.02,Latvia,Petrol,LVA
2023,885.17,Latvia,Petrol,LVA
2023,880.75,Latvia,Petrol,LVA
2023,854.59,Latvia,Petrol,LVA
2023,847.56,Latvia,Petrol,LVA
2023,836.26,Latvia,Petrol,LVA
2023,781.72,Latvia,Petrol,LVA
2023,806.37,Latvia,Petrol,LVA
2023,764.92,Latvia,Petrol,LVA
2023,757.65,Latvia,Petrol,LVA
2023,730.48,Latvia,Petrol,LVA
2023,743.84,Latvia,Petrol,LVA
2023,752.78,Latvia,Petrol,LVA
2023,760.78,Latvia,Petrol,LVA
2023,757.33,Latvia,Petrol,LVA
2023,754.44,Latvia,Petrol,LVA
2023,770.87,Latvia,Petrol,LVA
2023,775.67,Latvia,Petrol,LVA
2023,770.28,Latvia,Petrol,LVA
2023,812.16,Latvia,Petrol,LVA
2023,801.68,Latvia,Petrol,LVA
2023,830.88,Latvia,Petrol,LVA
2023,815.32,Latvia,Petrol,LVA
2023,814.08,Latvia,Petrol,LVA
2023,816.56,Latvia,Petrol,LVA
2023,761.83,Latvia,Petrol,LVA
2023,796.68,Latvia,Petrol,LVA
2023,791.17,Latvia,Petrol,LVA
2023,800.26,Latvia,Petrol,LVA
2023,782.86,Latvia,Petrol,LVA
2023,805.19,Latvia,Petrol,LVA
2023,781.77,Latvia,Petrol,LVA
2023,825.97,Latvia,Petrol,LVA
2023,824.73,Latvia,Petrol,LVA
2023,810.82,Latvia,Petrol,LVA
2023,795.67,Latvia,Petrol,LVA
2023,799.52,Latvia,Petrol,LVA
2023,787.95,Latvia,Petrol,LVA
2022,797.78,Latvia,Petrol,LVA
2022,806.17,Latvia,Petrol,LVA
2022,834.69,Latvia,Petrol,LVA
2022,871.69,Latvia,Petrol,LVA
2022,893,Latvia,Petrol,LVA
2022,924.44,Latvia,Petrol,LVA
2022,960.02,Latvia,Petrol,LVA
2022,960.02,Latvia,Petrol,LVA
2022,981.61,Latvia,Petrol,LVA
2022,991.94,Latvia,Petrol,LVA
2022,987.5,Latvia,Petrol,LVA
2022,930.87,Latvia,Petrol,LVA
2022,887.05,Latvia,Petrol,LVA
2022,889.46,Latvia,Petrol,LVA
2022,910.27,Latvia,Petrol,LVA
2022,927.99,Latvia,Petrol,LVA
2022,954.27,Latvia,Petrol,LVA
2022,976.64,Latvia,Petrol,LVA
2022,980.6,Latvia,Petrol,LVA
2022,989.79,Latvia,Petrol,LVA
2022,1009.64,Latvia,Petrol,LVA
2022,1028.12,Latvia,Petrol,LVA
2022,1048.17,Latvia,Petrol,LVA
2022,1085.21,Latvia,Petrol,LVA
2022,1138.72,Latvia,Petrol,LVA
2022,1164.81,Latvia,Petrol,LVA
2022,1208.47,Latvia,Petrol,LVA
2022,1214.81,Latvia,Petrol,LVA
2022,1212.19,Latvia,Petrol,LVA
2022,1161.22,Latvia,Petrol,LVA
2022,1082.85,Latvia,Petrol,LVA
2022,1061.36,Latvia,Petrol,LVA
2022,1014.12,Latvia,Petrol,LVA
2022,997.17,Latvia,Petrol,LVA
2022,968.25,Latvia,Petrol,LVA
2022,946.35,Latvia,Petrol,LVA
2022,953.55,Latvia,Petrol,LVA
2022,972.84,Latvia,Petrol,LVA
2022,980.27,Latvia,Petrol,LVA
2022,983.95,Latvia,Petrol,LVA
2022,1030.6,Latvia,Petrol,LVA
2022,872.07,Latvia,Petrol,LVA
2022,799.48,Latvia,Petrol,LVA
2022,784.05,Latvia,Petrol,LVA
2022,764.9,Latvia,Petrol,LVA
2022,752.09,Latvia,Petrol,LVA
2022,737.36,Latvia,Petrol,LVA
2022,719.17,Latvia,Petrol,LVA
2022,706.58,Latvia,Petrol,LVA
2022,693.43,Latvia,Petrol,LVA
2022,681.36,Latvia,Petrol,LVA
2021,689.78,Latvia,Petrol,LVA
2021,703.73,Latvia,Petrol,LVA
2021,718.22,Latvia,Petrol,LVA
2021,745.41,Latvia,Petrol,LVA
2021,747.17,Latvia,Petrol,LVA
2021,737.81,Latvia,Petrol,LVA
2021,727.89,Latvia,Petrol,LVA
2021,717.15,Latvia,Petrol,LVA
2021,710.87,Latvia,Petrol,LVA
2021,686.69,Latvia,Petrol,LVA
2021,643.43,Latvia,Petrol,LVA
2021,628.13,Latvia,Petrol,LVA
2021,607.03,Latvia,Petrol,LVA
2021,587.87,Latvia,Petrol,LVA
2021,582.02,Latvia,Petrol,LVA
2021,577.05,Latvia,Petrol,LVA
2021,577.33,Latvia,Petrol,LVA
2021,582.8,Latvia,Petrol,LVA
2021,587.62,Latvia,Petrol,LVA
2021,584.4,Latvia,Petrol,LVA
2021,580.78,Latvia,Petrol,LVA
2021,587.12,Latvia,Petrol,LVA
2021,577.48,Latvia,Petrol,LVA
2021,583.4,Latvia,Petrol,LVA
2021,585.06,Latvia,Petrol,LVA
2021,571.97,Latvia,Petrol,LVA
2021,569.63,Latvia,Petrol,LVA
2021,561.36,Latvia,Petrol,LVA
2021,559.57,Latvia,Petrol,LVA
2021,559.98,Latvia,Petrol,LVA
2021,560.12,Latvia,Petrol,LVA
2021,556.54,Latvia,Petrol,LVA
2021,550.76,Latvia,Petrol,LVA
2021,545.8,Latvia,Petrol,LVA
2021,545.8,Latvia,Petrol,LVA
2021,546.21,Latvia,Petrol,LVA
2021,546.21,Latvia,Petrol,LVA
2021,537.54,Latvia,Petrol,LVA
2021,536.16,Latvia,Petrol,LVA
2021,534.78,Latvia,Petrol,LVA
2021,529.27,Latvia,Petrol,LVA
2021,525.14,Latvia,Petrol,LVA
2021,520.31,Latvia,Petrol,LVA
2021,512.05,Latvia,Petrol,LVA
2021,493.87,Latvia,Petrol,LVA
2021,478.58,Latvia,Petrol,LVA
2021,470.1,Latvia,Petrol,LVA
2021,458.39,Latvia,Petrol,LVA
2021,445.31,Latvia,Petrol,LVA
2020,434.98,Latvia,Petrol,LVA
2020,425.33,Latvia,Petrol,LVA
2020,411.28,Latvia,Petrol,LVA
2020,400.54,Latvia,Petrol,LVA
2020,395.56,Latvia,Petrol,LVA
2020,398.2,Latvia,Petrol,LVA
2020,401.23,Latvia,Petrol,LVA
2020,407.43,Latvia,Petrol,LVA
2020,411.84,Latvia,Petrol,LVA
2020,408.39,Latvia,Petrol,LVA
2020,404.95,Latvia,Petrol,LVA
2020,406.33,Latvia,Petrol,LVA
2020,412.66,Latvia,Petrol,LVA
2020,418.18,Latvia,Petrol,LVA
2020,423.68,Latvia,Petrol,LVA
2020,426.44,Latvia,Petrol,LVA
2020,428.78,Latvia,Petrol,LVA
2020,419.55,Latvia,Petrol,LVA
2020,407.85,Latvia,Petrol,LVA
2020,412.25,Latvia,Petrol,LVA
2020,395.04,Latvia,Petrol,LVA
2020,432.23,Latvia,Petrol,LVA
2020,430.16,Latvia,Petrol,LVA
2020,417.07,Latvia,Petrol,LVA
2020,410.87,Latvia,Petrol,LVA
2020,432.91,Latvia,Petrol,LVA
2020,390.9,Latvia,Petrol,LVA
2020,390.9,Latvia,Petrol,LVA
2020,379.88,Latvia,Petrol,LVA
2020,356.47,Latvia,Petrol,LVA
2020,313.08,Latvia,Petrol,LVA
2020,288.97,Latvia,Petrol,LVA
2020,285.25,Latvia,Petrol,LVA
2020,297.23,Latvia,Petrol,LVA
2020,301.37,Latvia,Petrol,LVA
2020,295.45,Latvia,Petrol,LVA
2020,344.76,Latvia,Petrol,LVA
2020,413.9,Latvia,Petrol,LVA
2020,455.72,Latvia,Petrol,LVA
2020,481.84,Latvia,Petrol,LVA
2020,511.7,Latvia,Petrol,LVA
2020,523.49,Latvia,Petrol,LVA
2020,526.3,Latvia,Petrol,LVA
2020,513.35,Latvia,Petrol,LVA
2020,555.23,Latvia,Petrol,LVA
2020,579.47,Latvia,Petrol,LVA
2020,584.01,Latvia,Petrol,LVA
2020,566.24,Latvia,Petrol,LVA
2020,588.14,Latvia,Petrol,LVA
2020,576.3,Latvia,Petrol,LVA
2019,566.74,Latvia,Petrol,LVA
2019,554.76,Latvia,Petrol,LVA
2019,556.27,Latvia,Petrol,LVA
2019,556.68,Latvia,Petrol,LVA
2019,552.55,Latvia,Petrol,LVA
2019,554.34,Latvia,Petrol,LVA
2019,555.17,Latvia,Petrol,LVA
2019,558.89,Latvia,Petrol,LVA
2019,563.29,Latvia,Petrol,LVA
2019,566.74,Latvia,Petrol,LVA
2019,566.89,Latvia,Petrol,LVA
2019,567.1,Latvia,Petrol,LVA
2019,565.81,Latvia,Petrol,LVA
2019,564.67,Latvia,Petrol,LVA
2019,563,Latvia,Petrol,LVA
2019,567.18,Latvia,Petrol,LVA
2019,569.02,Latvia,Petrol,LVA
2019,570.77,Latvia,Petrol,LVA
2019,570.41,Latvia,Petrol,LVA
2019,570.25,Latvia,Petrol,LVA
2019,570.09,Latvia,Petrol,LVA
2019,570.14,Latvia,Petrol,LVA
2019,567.52,Latvia,Petrol,LVA
2019,569.27,Latvia,Petrol,LVA
2019,569.63,Latvia,Petrol,LVA
2019,570.77,Latvia,Petrol,LVA
2019,597.56,Latvia,Petrol,LVA
2019,603.44,Latvia,Petrol,LVA
2019,605.84,Latvia,Petrol,LVA
2019,606.04,Latvia,Petrol,LVA
2019,605.82,Latvia,Petrol,LVA
2019,605.74,Latvia,Petrol,LVA
2019,597.81,Latvia,Petrol,LVA
2019,591.53,Latvia,Petrol,LVA
2019,572.28,Latvia,Petrol,LVA
2019,549.28,Latvia,Petrol,LVA
2019,534.97,Latvia,Petrol,LVA
2019,518.76,Latvia,Petrol,LVA
2019,511.78,Latvia,Petrol,LVA
2019,509.76,Latvia,Petrol,LVA
2019,504.14,Latvia,Petrol,LVA
2019,496.39,Latvia,Petrol,LVA
2019,487.04,Latvia,Petrol,LVA
2019,480.79,Latvia,Petrol,LVA
2019,480.48,Latvia,Petrol,LVA
2019,482.55,Latvia,Petrol,LVA
2019,481.72,Latvia,Petrol,LVA
2019,482.88,Latvia,Petrol,LVA
2019,497.22,Latvia,Petrol,LVA
2018,515.33,Latvia,Petrol,LVA
2018,527.05,Latvia,Petrol,LVA
2018,543.01,Latvia,Petrol,LVA
2018,563.05,Latvia,Petrol,LVA
2018,563.64,Latvia,Petrol,LVA
2018,605.25,Latvia,Petrol,LVA
2018,607.4,Latvia,Petrol,LVA
2018,608.72,Latvia,Petrol,LVA
2018,608.23,Latvia,Petrol,LVA
2018,607.94,Latvia,Petrol,LVA
2018,598.9,Latvia,Petrol,LVA
2018,591.98,Latvia,Petrol,LVA
2018,592.34,Latvia,Petrol,LVA
2018,592.24,Latvia,Petrol,LVA
2018,589.66,Latvia,Petrol,LVA
2018,586.79,Latvia,Petrol,LVA
2018,585.19,Latvia,Petrol,LVA
2018,586.06,Latvia,Petrol,LVA
2018,587.86,Latvia,Petrol,LVA
2018,587.48,Latvia,Petrol,LVA
2018,593.73,Latvia,Petrol,LVA
2018,593.65,Latvia,Petrol,LVA
2018,594.28,Latvia,Petrol,LVA
2018,595.15,Latvia,Petrol,LVA
2018,594.67,Latvia,Petrol,LVA
2018,596.61,Latvia,Petrol,LVA
2018,599.72,Latvia,Petrol,LVA
2018,600.65,Latvia,Petrol,LVA
2018,588.88,Latvia,Petrol,LVA
2018,588.44,Latvia,Petrol,LVA
2018,561.32,Latvia,Petrol,LVA
2018,547.61,Latvia,Petrol,LVA
2018,540.95,Latvia,Petrol,LVA
2018,540.32,Latvia,Petrol,LVA
2018,532.34,Latvia,Petrol,LVA
2018,531.42,Latvia,Petrol,LVA
2018,530.94,Latvia,Petrol,LVA
2018,523.84,Latvia,Petrol,LVA
2018,532.82,Latvia,Petrol,LVA
2018,533.42,Latvia,Petrol,LVA
2018,536.77,Latvia,Petrol,LVA
2018,534.06,Latvia,Petrol,LVA
2018,532.26,Latvia,Petrol,LVA
2018,533.78,Latvia,Petrol,LVA
2018,535.9,Latvia,Petrol,LVA
2018,533.19,Latvia,Petrol,LVA
2018,532.78,Latvia,Petrol,LVA
2018,529.01,Latvia,Petrol,LVA
2018,524.41,Latvia,Petrol,LVA
2018,497.41,Latvia,Petrol,LVA
2017,537.41,Latvia,Petrol,LVA
2017,539.49,Latvia,Petrol,LVA
2017,537.19,Latvia,Petrol,LVA
2017,534.5,Latvia,Petrol,LVA
2017,531.59,Latvia,Petrol,LVA
2017,528.4,Latvia,Petrol,LVA
2017,514.75,Latvia,Petrol,LVA
2017,507.75,Latvia,Petrol,LVA
2017,515.08,Latvia,Petrol,LVA
2017,517.72,Latvia,Petrol,LVA
2017,516.81,Latvia,Petrol,LVA
2017,515.93,Latvia,Petrol,LVA
2017,511.35,Latvia,Petrol,LVA
2017,505.37,Latvia,Petrol,LVA
2017,489.81,Latvia,Petrol,LVA
2017,474.89,Latvia,Petrol,LVA
2017,475.47,Latvia,Petrol,LVA
2017,462.08,Latvia,Petrol,LVA
2017,471.45,Latvia,Petrol,LVA
2017,456.3,Latvia,Petrol,LVA
2017,457.16,Latvia,Petrol,LVA
2017,458.36,Latvia,Petrol,LVA
2017,473.24,Latvia,Petrol,LVA
2017,474.84,Latvia,Petrol,LVA
2017,475.77,Latvia,Petrol,LVA
2017,480.68,Latvia,Petrol,LVA
2017,484.03,Latvia,Petrol,LVA
2017,492.64,Latvia,Petrol,LVA
2017,500.97,Latvia,Petrol,LVA
2017,500.05,Latvia,Petrol,LVA
2017,503.63,Latvia,Petrol,LVA
2017,502.71,Latvia,Petrol,LVA
2017,522.73,Latvia,Petrol,LVA
2017,520.64,Latvia,Petrol,LVA
2017,521.45,Latvia,Petrol,LVA
2017,513.22,Latvia,Petrol,LVA
2017,514.1,Latvia,Petrol,LVA
2017,522.09,Latvia,Petrol,LVA
2017,533.66,Latvia,Petrol,LVA
2017,533.66,Latvia,Petrol,LVA
2017,533.66,Latvia,Petrol,LVA
2017,535.49,Latvia,Petrol,LVA
2017,527.15,Latvia,Petrol,LVA
2017,525.99,Latvia,Petrol,LVA
2017,526.22,Latvia,Petrol,LVA
2017,525.54,Latvia,Petrol,LVA
2017,526.17,Latvia,Petrol,LVA
2017,526.26,Latvia,Petrol,LVA
2017,517.92,Latvia,Petrol,LVA
2017,508.64,Latvia,Petrol,LVA
2025,586.21,Malta,Petrol,MLT
2025,586.21,Malta,Petrol,MLT
2025,586.21,Malta,Petrol,MLT
2025,586.21,Malta,Petrol,MLT
2025,586.21,Malta,Petrol,MLT
2025,586.21,Malta,Petrol,MLT
2025,586.21,Malta,Petrol,MLT
2025,586.21,Malta,Petrol,MLT
2025,586.21,Malta,Petrol,MLT
2024,586.21,Malta,Petrol,MLT
2024,586.21,Malta,Petrol,MLT
2024,586.21,Malta,Petrol,MLT
2024,586.21,Malta,Petrol,MLT
2024,586.21,Malta,Petrol,MLT
2024,586.21,Malta,Petrol,MLT
2024,586.21,Malta,Petrol,MLT
2024,586.21,Malta,Petrol,MLT
2024,586.21,Malta,Petrol,MLT
2024,586.21,Malta,Petrol,MLT
2024,586.21,Malta,Petrol,MLT
2024,586.21,Malta,Petrol,MLT
2024,586.21,Malta,Petrol,MLT
2024,586.21,Malta,Petrol,MLT
2024,586.21,Malta,Petrol,MLT
2024,586.21,Malta,Petrol,MLT
2024,586.21,Malta,Petrol,MLT
2024,586.21,Malta,Petrol,MLT
2024,586.21,Malta,Petrol,MLT
2024,586.21,Malta,Petrol,MLT
2024,586.21,Malta,Petrol,MLT
2024,586.21,Malta,Petrol,MLT
2024,586.21,Malta,Petrol,MLT
2024,586.21,Malta,Petrol,MLT
2024,586.21,Malta,Petrol,MLT
2024,586.21,Malta,Petrol,MLT
2024,586.21,Malta,Petrol,MLT
2024,586.21,Malta,Petrol,MLT
2024,586.21,Malta,Petrol,MLT
2024,586.21,Malta,Petrol,MLT
2024,586.21,Malta,Petrol,MLT
2024,586.21,Malta,Petrol,MLT
2024,586.21,Malta,Petrol,MLT
2024,586.21,Malta,Petrol,MLT
2024,586.21,Malta,Petrol,MLT
2024,586.21,Malta,Petrol,MLT
2024,586.21,Malta,Petrol,MLT
2024,586.21,Malta,Petrol,MLT
2024,586.21,Malta,Petrol,MLT
2024,586.21,Malta,Petrol,MLT
2024,586.21,Malta,Petrol,MLT
2024,586.21,Malta,Petrol,MLT
2024,586.21,Malta,Petrol,MLT
2024,586.21,Malta,Petrol,MLT
2024,586.21,Malta,Petrol,MLT
2024,586.21,Malta,Petrol,MLT
2024,586.21,Malta,Petrol,MLT
2024,586.21,Malta,Petrol,MLT
2024,586.21,Malta,Petrol,MLT
2024,586.21,Malta,Petrol,MLT
2024,586.21,Malta,Petrol,MLT
2024,586.21,Malta,Petrol,MLT
2024,586.21,Malta,Petrol,MLT
2023,586.21,Malta,Petrol,MLT
2023,586.21,Malta,Petrol,MLT
2023,586.21,Malta,Petrol,MLT
2023,586.21,Malta,Petrol,MLT
2023,586.21,Malta,Petrol,MLT
2023,586.21,Malta,Petrol,MLT
2023,586.21,Malta,Petrol,MLT
2023,586.21,Malta,Petrol,MLT
2023,586.21,Malta,Petrol,MLT
2023,586.21,Malta,Petrol,MLT
2023,586.21,Malta,Petrol,MLT
2023,586.21,Malta,Petrol,MLT
2023,586.21,Malta,Petrol,MLT
2023,586.21,Malta,Petrol,MLT
2023,586.21,Malta,Petrol,MLT
2023,586.21,Malta,Petrol,MLT
2023,586.21,Malta,Petrol,MLT
2023,586.21,Malta,Petrol,MLT
2023,586.21,Malta,Petrol,MLT
2023,586.21,Malta,Petrol,MLT
2023,586.21,Malta,Petrol,MLT
2023,586.21,Malta,Petrol,MLT
2023,586.21,Malta,Petrol,MLT
2023,586.21,Malta,Petrol,MLT
2023,586.21,Malta,Petrol,MLT
2023,586.21,Malta,Petrol,MLT
2023,586.21,Malta,Petrol,MLT
2023,586.21,Malta,Petrol,MLT
2023,586.21,Malta,Petrol,MLT
2023,586.21,Malta,Petrol,MLT
2023,586.21,Malta,Petrol,MLT
2023,586.21,Malta,Petrol,MLT
2023,586.21,Malta,Petrol,MLT
2023,586.21,Malta,Petrol,MLT
2023,586.21,Malta,Petrol,MLT
2023,586.21,Malta,Petrol,MLT
2023,586.21,Malta,Petrol,MLT
2023,586.21,Malta,Petrol,MLT
2023,586.21,Malta,Petrol,MLT
2023,586.21,Malta,Petrol,MLT
2023,586.21,Malta,Petrol,MLT
2023,586.21,Malta,Petrol,MLT
2023,586.21,Malta,Petrol,MLT
2023,586.21,Malta,Petrol,MLT
2023,586.21,Malta,Petrol,MLT
2023,586.21,Malta,Petrol,MLT
2023,586.21,Malta,Petrol,MLT
2023,586.21,Malta,Petrol,MLT
2023,586.21,Malta,Petrol,MLT
2023,586.21,Malta,Petrol,MLT
2023,586.21,Malta,Petrol,MLT
2023,586.21,Malta,Petrol,MLT
2022,586.21,Malta,Petrol,MLT
2022,586.21,Malta,Petrol,MLT
2022,586.21,Malta,Petrol,MLT
2022,586.21,Malta,Petrol,MLT
2022,586.21,Malta,Petrol,MLT
2022,586.21,Malta,Petrol,MLT
2022,586.21,Malta,Petrol,MLT
2022,586.21,Malta,Petrol,MLT
2022,586.21,Malta,Petrol,MLT
2022,586.21,Malta,Petrol,MLT
2022,586.21,Malta,Petrol,MLT
2022,586.21,Malta,Petrol,MLT
2022,586.21,Malta,Petrol,MLT
2022,586.21,Malta,Petrol,MLT
2022,586.21,Malta,Petrol,MLT
2022,586.21,Malta,Petrol,MLT
2022,586.21,Malta,Petrol,MLT
2022,586.21,Malta,Petrol,MLT
2022,586.21,Malta,Petrol,MLT
2022,586.21,Malta,Petrol,MLT
2022,586.21,Malta,Petrol,MLT
2022,586.21,Malta,Petrol,MLT
2022,586.21,Malta,Petrol,MLT
2022,586.21,Malta,Petrol,MLT
2022,586.21,Malta,Petrol,MLT
2022,586.21,Malta,Petrol,MLT
2022,586.21,Malta,Petrol,MLT
2022,586.21,Malta,Petrol,MLT
2022,586.21,Malta,Petrol,MLT
2022,586.21,Malta,Petrol,MLT
2022,586.21,Malta,Petrol,MLT
2022,586.21,Malta,Petrol,MLT
2022,586.21,Malta,Petrol,MLT
2022,586.21,Malta,Petrol,MLT
2022,586.21,Malta,Petrol,MLT
2022,586.21,Malta,Petrol,MLT
2022,586.21,Malta,Petrol,MLT
2022,586.21,Malta,Petrol,MLT
2022,586.21,Malta,Petrol,MLT
2022,586.21,Malta,Petrol,MLT
2022,586.21,Malta,Petrol,MLT
2022,586.21,Malta,Petrol,MLT
2022,586.21,Malta,Petrol,MLT
2022,586.21,Malta,Petrol,MLT
2022,586.21,Malta,Petrol,MLT
2022,586.21,Malta,Petrol,MLT
2022,586.21,Malta,Petrol,MLT
2022,586.21,Malta,Petrol,MLT
2022,586.21,Malta,Petrol,MLT
2022,586.21,Malta,Petrol,MLT
2022,586.21,Malta,Petrol,MLT
2021,586.21,Malta,Petrol,MLT
2021,586.21,Malta,Petrol,MLT
2021,586.21,Malta,Petrol,MLT
2021,586.21,Malta,Petrol,MLT
2021,586.21,Malta,Petrol,MLT
2021,586.21,Malta,Petrol,MLT
2021,586.21,Malta,Petrol,MLT
2021,586.21,Malta,Petrol,MLT
2021,586.21,Malta,Petrol,MLT
2021,586.21,Malta,Petrol,MLT
2021,586.21,Malta,Petrol,MLT
2021,586.21,Malta,Petrol,MLT
2021,586.21,Malta,Petrol,MLT
2021,586.21,Malta,Petrol,MLT
2021,586.21,Malta,Petrol,MLT
2021,586.21,Malta,Petrol,MLT
2021,586.21,Malta,Petrol,MLT
2021,586.21,Malta,Petrol,MLT
2021,586.21,Malta,Petrol,MLT
2021,586.21,Malta,Petrol,MLT
2021,586.21,Malta,Petrol,MLT
2021,586.21,Malta,Petrol,MLT
2021,586.21,Malta,Petrol,MLT
2021,586.21,Malta,Petrol,MLT
2021,586.21,Malta,Petrol,MLT
2021,586.21,Malta,Petrol,MLT
2021,586.21,Malta,Petrol,MLT
2021,586.21,Malta,Petrol,MLT
2021,586.21,Malta,Petrol,MLT
2021,586.21,Malta,Petrol,MLT
2021,586.21,Malta,Petrol,MLT
2021,586.21,Malta,Petrol,MLT
2021,586.21,Malta,Petrol,MLT
2021,586.21,Malta,Petrol,MLT
2021,586.21,Malta,Petrol,MLT
2021,586.21,Malta,Petrol,MLT
2021,586.21,Malta,Petrol,MLT
2021,586.21,Malta,Petrol,MLT
2021,586.21,Malta,Petrol,MLT
2021,586.21,Malta,Petrol,MLT
2021,586.21,Malta,Petrol,MLT
2021,586.21,Malta,Petrol,MLT
2021,586.21,Malta,Petrol,MLT
2021,586.21,Malta,Petrol,MLT
2021,586.21,Malta,Petrol,MLT
2021,586.21,Malta,Petrol,MLT
2021,586.21,Malta,Petrol,MLT
2021,586.21,Malta,Petrol,MLT
2021,586.21,Malta,Petrol,MLT
2020,586.21,Malta,Petrol,MLT
2020,586.21,Malta,Petrol,MLT
2020,586.21,Malta,Petrol,MLT
2020,586.21,Malta,Petrol,MLT
2020,586.21,Malta,Petrol,MLT
2020,586.21,Malta,Petrol,MLT
2020,586.21,Malta,Petrol,MLT
2020,586.21,Malta,Petrol,MLT
2020,586.21,Malta,Petrol,MLT
2020,586.21,Malta,Petrol,MLT
2020,586.21,Malta,Petrol,MLT
2020,586.21,Malta,Petrol,MLT
2020,586.21,Malta,Petrol,MLT
2020,586.21,Malta,Petrol,MLT
2020,586.21,Malta,Petrol,MLT
2020,586.21,Malta,Petrol,MLT
2020,586.21,Malta,Petrol,MLT
2020,586.21,Malta,Petrol,MLT
2020,586.21,Malta,Petrol,MLT
2020,586.21,Malta,Petrol,MLT
2020,586.21,Malta,Petrol,MLT
2020,586.21,Malta,Petrol,MLT
2020,586.21,Malta,Petrol,MLT
2020,586.21,Malta,Petrol,MLT
2020,586.21,Malta,Petrol,MLT
2020,586.21,Malta,Petrol,MLT
2020,586.21,Malta,Petrol,MLT
2020,586.21,Malta,Petrol,MLT
2020,645.54,Malta,Petrol,MLT
2020,645.54,Malta,Petrol,MLT
2020,645.54,Malta,Petrol,MLT
2020,645.54,Malta,Petrol,MLT
2020,645.54,Malta,Petrol,MLT
2020,645.54,Malta,Petrol,MLT
2020,645.54,Malta,Petrol,MLT
2020,645.54,Malta,Petrol,MLT
2020,645.54,Malta,Petrol,MLT
2020,645.54,Malta,Petrol,MLT
2020,645.54,Malta,Petrol,MLT
2020,645.54,Malta,Petrol,MLT
2020,645.54,Malta,Petrol,MLT
2020,645.54,Malta,Petrol,MLT
2020,645.54,Malta,Petrol,MLT
2020,645.54,Malta,Petrol,MLT
2020,645.54,Malta,Petrol,MLT
2020,645.54,Malta,Petrol,MLT
2020,645.54,Malta,Petrol,MLT
2020,645.54,Malta,Petrol,MLT
2020,645.54,Malta,Petrol,MLT
2020,645.54,Malta,Petrol,MLT
2019,645.54,Malta,Petrol,MLT
2019,645.54,Malta,Petrol,MLT
2019,645.54,Malta,Petrol,MLT
2019,645.54,Malta,Petrol,MLT
2019,645.54,Malta,Petrol,MLT
2019,645.54,Malta,Petrol,MLT
2019,645.54,Malta,Petrol,MLT
2019,645.54,Malta,Petrol,MLT
2019,645.54,Malta,Petrol,MLT
2019,645.54,Malta,Petrol,MLT
2019,645.54,Malta,Petrol,MLT
2019,645.54,Malta,Petrol,MLT
2019,645.54,Malta,Petrol,MLT
2019,645.54,Malta,Petrol,MLT
2019,645.54,Malta,Petrol,MLT
2019,645.54,Malta,Petrol,MLT
2019,645.54,Malta,Petrol,MLT
2019,645.54,Malta,Petrol,MLT
2019,645.54,Malta,Petrol,MLT
2019,645.54,Malta,Petrol,MLT
2019,603.16,Malta,Petrol,MLT
2019,603.16,Malta,Petrol,MLT
2019,603.16,Malta,Petrol,MLT
2019,603.16,Malta,Petrol,MLT
2019,603.16,Malta,Petrol,MLT
2019,603.16,Malta,Petrol,MLT
2019,603.16,Malta,Petrol,MLT
2019,603.16,Malta,Petrol,MLT
2019,603.16,Malta,Petrol,MLT
2019,603.16,Malta,Petrol,MLT
2019,603.16,Malta,Petrol,MLT
2019,603.16,Malta,Petrol,MLT
2019,603.16,Malta,Petrol,MLT
2019,603.16,Malta,Petrol,MLT
2019,603.16,Malta,Petrol,MLT
2019,603.16,Malta,Petrol,MLT
2019,603.16,Malta,Petrol,MLT
2019,603.16,Malta,Petrol,MLT
2019,603.16,Malta,Petrol,MLT
2019,603.16,Malta,Petrol,MLT
2019,603.16,Malta,Petrol,MLT
2019,603.16,Malta,Petrol,MLT
2019,603.16,Malta,Petrol,MLT
2019,603.16,Malta,Petrol,MLT
2019,603.16,Malta,Petrol,MLT
2019,603.16,Malta,Petrol,MLT
2019,603.16,Malta,Petrol,MLT
2019,603.16,Malta,Petrol,MLT
2019,603.16,Malta,Petrol,MLT
2018,603.16,Malta,Petrol,MLT
2018,603.16,Malta,Petrol,MLT
2018,603.16,Malta,Petrol,MLT
2018,603.16,Malta,Petrol,MLT
2018,603.16,Malta,Petrol,MLT
2018,603.16,Malta,Petrol,MLT
2018,603.16,Malta,Petrol,MLT
2018,603.16,Malta,Petrol,MLT
2018,603.16,Malta,Petrol,MLT
2018,603.16,Malta,Petrol,MLT
2018,603.16,Malta,Petrol,MLT
2018,603.16,Malta,Petrol,MLT
2018,603.16,Malta,Petrol,MLT
2018,603.16,Malta,Petrol,MLT
2018,603.16,Malta,Petrol,MLT
2018,603.16,Malta,Petrol,MLT
2018,603.16,Malta,Petrol,MLT
2018,603.16,Malta,Petrol,MLT
2018,603.16,Malta,Petrol,MLT
2018,603.16,Malta,Petrol,MLT
2018,560.79,Malta,Petrol,MLT
2018,560.79,Malta,Petrol,MLT
2018,560.79,Malta,Petrol,MLT
2018,560.79,Malta,Petrol,MLT
2018,560.79,Malta,Petrol,MLT
2018,560.79,Malta,Petrol,MLT
2018,560.79,Malta,Petrol,MLT
2018,560.79,Malta,Petrol,MLT
2018,560.79,Malta,Petrol,MLT
2018,560.79,Malta,Petrol,MLT
2018,560.79,Malta,Petrol,MLT
2018,560.79,Malta,Petrol,MLT
2018,560.79,Malta,Petrol,MLT
2018,560.79,Malta,Petrol,MLT
2018,560.79,Malta,Petrol,MLT
2018,560.79,Malta,Petrol,MLT
2018,560.79,Malta,Petrol,MLT
2018,560.79,Malta,Petrol,MLT
2018,560.79,Malta,Petrol,MLT
2018,560.79,Malta,Petrol,MLT
2018,560.79,Malta,Petrol,MLT
2018,560.79,Malta,Petrol,MLT
2018,560.79,Malta,Petrol,MLT
2018,560.79,Malta,Petrol,MLT
2018,560.79,Malta,Petrol,MLT
2018,560.79,Malta,Petrol,MLT
2018,560.79,Malta,Petrol,MLT
2018,560.79,Malta,Petrol,MLT
2018,560.79,Malta,Petrol,MLT
2018,560.79,Malta,Petrol,MLT
2017,560.79,Malta,Petrol,MLT
2017,560.79,Malta,Petrol,MLT
2017,560.79,Malta,Petrol,MLT
2017,560.79,Malta,Petrol,MLT
2017,560.79,Malta,Petrol,MLT
2017,560.79,Malta,Petrol,MLT
2017,560.79,Malta,Petrol,MLT
2017,560.79,Malta,Petrol,MLT
2017,560.79,Malta,Petrol,MLT
2017,560.79,Malta,Petrol,MLT
2017,560.79,Malta,Petrol,MLT
2017,560.79,Malta,Petrol,MLT
2017,560.79,Malta,Petrol,MLT
2017,560.79,Malta,Petrol,MLT
2017,560.79,Malta,Petrol,MLT
2017,560.79,Malta,Petrol,MLT
2017,560.79,Malta,Petrol,MLT
2017,560.79,Malta,Petrol,MLT
2017,560.79,Malta,Petrol,MLT
2017,560.79,Malta,Petrol,MLT
2017,560.79,Malta,Petrol,MLT
2017,560.79,Malta,Petrol,MLT
2017,560.79,Malta,Petrol,MLT
2017,560.79,Malta,Petrol,MLT
2017,560.79,Malta,Petrol,MLT
2017,560.79,Malta,Petrol,MLT
2017,560.79,Malta,Petrol,MLT
2017,560.79,Malta,Petrol,MLT
2017,560.79,Malta,Petrol,MLT
2017,560.79,Malta,Petrol,MLT
2017,560.79,Malta,Petrol,MLT
2017,560.79,Malta,Petrol,MLT
2017,560.79,Malta,Petrol,MLT
2017,560.79,Malta,Petrol,MLT
2017,560.79,Malta,Petrol,MLT
2017,560.79,Malta,Petrol,MLT
2017,560.79,Malta,Petrol,MLT
2017,560.79,Malta,Petrol,MLT
2017,560.79,Malta,Petrol,MLT
2017,560.79,Malta,Petrol,MLT
2017,560.79,Malta,Petrol,MLT
2017,560.79,Malta,Petrol,MLT
2017,560.79,Malta,Petrol,MLT
2017,560.79,Malta,Petrol,MLT
2017,560.79,Malta,Petrol,MLT
2017,560.79,Malta,Petrol,MLT
2017,560.79,Malta,Petrol,MLT
2017,560.79,Malta,Petrol,MLT
2017,560.79,Malta,Petrol,MLT
2017,560.79,Malta,Petrol,MLT
2025,816.95,Netherlands,Petrol,NLD
2025,829.35,Netherlands,Petrol,NLD
2025,835.13,Netherlands,Petrol,NLD
2025,832.65,Netherlands,Petrol,NLD
2025,824.39,Netherlands,Petrol,NLD
2025,830.17,Netherlands,Petrol,NLD
2025,838.44,Netherlands,Petrol,NLD
2025,817.78,Netherlands,Petrol,NLD
2025,816.95,Netherlands,Petrol,NLD
2024,807.86,Netherlands,Petrol,NLD
2024,814.47,Netherlands,Petrol,NLD
2024,816.95,Netherlands,Petrol,NLD
2024,814.47,Netherlands,Petrol,NLD
2024,821.08,Netherlands,Petrol,NLD
2024,843.4,Netherlands,Petrol,NLD
2024,825.21,Netherlands,Petrol,NLD
2024,797.11,Netherlands,Petrol,NLD
2024,785.54,Netherlands,Petrol,NLD
2024,794.64,Netherlands,Petrol,NLD
2024,783.07,Netherlands,Petrol,NLD
2024,782.24,Netherlands,Petrol,NLD
2024,761.58,Netherlands,Petrol,NLD
2024,740.92,Netherlands,Petrol,NLD
2024,752.49,Netherlands,Petrol,NLD
2024,750.01,Netherlands,Petrol,NLD
2024,767.36,Netherlands,Petrol,NLD
2024,786.37,Netherlands,Petrol,NLD
2024,797.94,Netherlands,Petrol,NLD
2024,819.43,Netherlands,Petrol,NLD
2024,829.35,Netherlands,Petrol,NLD
2024,840.09,Netherlands,Petrol,NLD
2024,844.22,Netherlands,Petrol,NLD
2024,854.14,Netherlands,Petrol,NLD
2024,858.27,Netherlands,Petrol,NLD
2024,872.32,Netherlands,Petrol,NLD
2024,866.54,Netherlands,Petrol,NLD
2024,859.1,Netherlands,Petrol,NLD
2024,847.53,Netherlands,Petrol,NLD
2024,840.09,Netherlands,Petrol,NLD
2024,850.83,Netherlands,Petrol,NLD
2024,855.79,Netherlands,Petrol,NLD
2024,870.67,Netherlands,Petrol,NLD
2024,893.81,Netherlands,Petrol,NLD
2024,911.99,Netherlands,Petrol,NLD
2024,922.73,Netherlands,Petrol,NLD
2024,928.52,Netherlands,Petrol,NLD
2024,933.48,Netherlands,Petrol,NLD
2024,925.21,Netherlands,Petrol,NLD
2024,899.59,Netherlands,Petrol,NLD
2024,881.41,Netherlands,Petrol,NLD
2024,859.92,Netherlands,Petrol,NLD
2024,845.88,Netherlands,Petrol,NLD
2024,849.18,Netherlands,Petrol,NLD
2024,839.26,Netherlands,Petrol,NLD
2024,846.7,Netherlands,Petrol,NLD
2024,831,Netherlands,Petrol,NLD
2024,811.16,Netherlands,Petrol,NLD
2024,802.07,Netherlands,Petrol,NLD
2024,788.85,Netherlands,Petrol,NLD
2024,782.24,Netherlands,Petrol,NLD
2024,776.45,Netherlands,Petrol,NLD
2024,769.02,Netherlands,Petrol,NLD
2023,763.23,Netherlands,Petrol,NLD
2023,762.4,Netherlands,Petrol,NLD
2023,780.59,Netherlands,Petrol,NLD
2023,802.07,Netherlands,Petrol,NLD
2023,815.3,Netherlands,Petrol,NLD
2023,830.17,Netherlands,Petrol,NLD
2023,853.31,Netherlands,Petrol,NLD
2023,863.23,Netherlands,Petrol,NLD
2023,863.23,Netherlands,Petrol,NLD
2023,878.93,Netherlands,Petrol,NLD
2023,881.41,Netherlands,Petrol,NLD
2023,903.73,Netherlands,Petrol,NLD
2023,941.74,Netherlands,Petrol,NLD
2023,962.4,Netherlands,Petrol,NLD
2023,970.67,Netherlands,Petrol,NLD
2023,942.57,Netherlands,Petrol,NLD
2023,944.22,Netherlands,Petrol,NLD
2023,924.39,Netherlands,Petrol,NLD
2023,921.91,Netherlands,Petrol,NLD
2023,921.91,Netherlands,Petrol,NLD
2023,913.64,Netherlands,Petrol,NLD
2023,898.77,Netherlands,Petrol,NLD
2023,992.53,Netherlands,Petrol,NLD
2023,980.96,Netherlands,Petrol,NLD
2023,970.22,Netherlands,Petrol,NLD
2023,974.35,Netherlands,Petrol,NLD
2023,852.03,Netherlands,Petrol,NLD
2023,852.86,Netherlands,Petrol,NLD
2023,852.86,Netherlands,Petrol,NLD
2023,837.16,Netherlands,Petrol,NLD
2023,844.6,Netherlands,Petrol,NLD
2023,834.68,Netherlands,Petrol,NLD
2023,830.55,Netherlands,Petrol,NLD
2023,821.46,Netherlands,Petrol,NLD
2023,846.25,Netherlands,Petrol,NLD
2023,856.99,Netherlands,Petrol,NLD
2023,893.36,Netherlands,Petrol,NLD
2023,895.84,Netherlands,Petrol,NLD
2023,863.6,Netherlands,Petrol,NLD
2023,828.89,Netherlands,Petrol,NLD
2023,812.36,Netherlands,Petrol,NLD
2023,854.51,Netherlands,Petrol,NLD
2023,853.69,Netherlands,Petrol,NLD
2023,830.55,Netherlands,Petrol,NLD
2023,842.12,Netherlands,Petrol,NLD
2023,842.94,Netherlands,Petrol,NLD
2023,857.82,Netherlands,Petrol,NLD
2023,881.79,Netherlands,Petrol,NLD
2023,861.12,Netherlands,Petrol,NLD
2023,839.64,Netherlands,Petrol,NLD
2023,831.37,Netherlands,Petrol,NLD
2023,824.76,Netherlands,Petrol,NLD
2022,793.36,Netherlands,Petrol,NLD
2022,780.96,Netherlands,Petrol,NLD
2022,771.04,Netherlands,Petrol,NLD
2022,828.07,Netherlands,Petrol,NLD
2022,835.5,Netherlands,Petrol,NLD
2022,869.98,Netherlands,Petrol,NLD
2022,947.9,Netherlands,Petrol,NLD
2022,1018.15,Netherlands,Petrol,NLD
2022,1004.1,Netherlands,Petrol,NLD
2022,1014.02,Netherlands,Petrol,NLD
2022,1020.63,Netherlands,Petrol,NLD
2022,971.04,Netherlands,Petrol,NLD
2022,942.94,Netherlands,Petrol,NLD
2022,934.68,Netherlands,Petrol,NLD
2022,948.73,Netherlands,Petrol,NLD
2022,984.27,Netherlands,Petrol,NLD
2022,1003.27,Netherlands,Petrol,NLD
2022,1033.85,Netherlands,Petrol,NLD
2022,1025.59,Netherlands,Petrol,NLD
2022,1044.6,Netherlands,Petrol,NLD
2022,1064.43,Netherlands,Petrol,NLD
2022,1102.45,Netherlands,Petrol,NLD
2022,1112.36,Netherlands,Petrol,NLD
2022,1151.21,Netherlands,Petrol,NLD
2022,1201.62,Netherlands,Petrol,NLD
2022,1247.08,Netherlands,Petrol,NLD
2022,1271.87,Netherlands,Petrol,NLD
2022,1288.4,Netherlands,Petrol,NLD
2022,1299.14,Netherlands,Petrol,NLD
2022,1298.31,Netherlands,Petrol,NLD
2022,1200.79,Netherlands,Petrol,NLD
2022,1180.13,Netherlands,Petrol,NLD
2022,1142.12,Netherlands,Petrol,NLD
2022,1120.63,Netherlands,Petrol,NLD
2022,1086.74,Netherlands,Petrol,NLD
2022,1066.91,Netherlands,Petrol,NLD
2022,1064.43,Netherlands,Petrol,NLD
2022,1086.74,Netherlands,Petrol,NLD
2022,1094.74,Netherlands,Petrol,NLD
2022,1059.2,Netherlands,Petrol,NLD
2022,1098.87,Netherlands,Petrol,NLD
2022,1016.22,Netherlands,Petrol,NLD
2022,903,Netherlands,Petrol,NLD
2022,866.64,Netherlands,Petrol,NLD
2022,860.85,Netherlands,Petrol,NLD
2022,844.32,Netherlands,Petrol,NLD
2022,829.45,Netherlands,Petrol,NLD
2022,822.84,Netherlands,Petrol,NLD
2022,808.79,Netherlands,Petrol,NLD
2022,803.83,Netherlands,Petrol,NLD
2022,801.35,Netherlands,Petrol,NLD
2021,801.17,Netherlands,Petrol,NLD
2021,811.09,Netherlands,Petrol,NLD
2021,814.4,Netherlands,Petrol,NLD
2021,837.54,Netherlands,Petrol,NLD
2021,847.46,Netherlands,Petrol,NLD
2021,840.84,Netherlands,Petrol,NLD
2021,825.14,Netherlands,Petrol,NLD
2021,813.57,Netherlands,Petrol,NLD
2021,803.65,Netherlands,Petrol,NLD
2021,797.87,Netherlands,Petrol,NLD
2021,778.03,Netherlands,Petrol,NLD
2021,717.7,Netherlands,Petrol,NLD
2021,712.74,Netherlands,Petrol,NLD
2021,715.22,Netherlands,Petrol,NLD
2021,707.79,Netherlands,Petrol,NLD
2021,703.65,Netherlands,Petrol,NLD
2021,699.52,Netherlands,Petrol,NLD
2021,691.26,Netherlands,Petrol,NLD
2021,700.35,Netherlands,Petrol,NLD
2021,702,Netherlands,Petrol,NLD
2021,702.83,Netherlands,Petrol,NLD
2021,690.43,Netherlands,Petrol,NLD
2021,699.52,Netherlands,Petrol,NLD
2021,696.22,Netherlands,Petrol,NLD
2021,689.6,Netherlands,Petrol,NLD
2021,678.86,Netherlands,Petrol,NLD
2021,666.46,Netherlands,Petrol,NLD
2021,654.07,Netherlands,Petrol,NLD
2021,654.89,Netherlands,Petrol,NLD
2021,639.19,Netherlands,Petrol,NLD
2021,640.84,Netherlands,Petrol,NLD
2021,650.76,Netherlands,Petrol,NLD
2021,649.11,Netherlands,Petrol,NLD
2021,642.5,Netherlands,Petrol,NLD
2021,635.88,Netherlands,Petrol,NLD
2021,626.79,Netherlands,Petrol,NLD
2021,612.74,Netherlands,Petrol,NLD
2021,606.13,Netherlands,Petrol,NLD
2021,614.4,Netherlands,Petrol,NLD
2021,622.66,Netherlands,Petrol,NLD
2021,601.17,Netherlands,Petrol,NLD
2021,591.26,Netherlands,Petrol,NLD
2021,581.34,Netherlands,Petrol,NLD
2021,562.33,Netherlands,Petrol,NLD
2021,556.55,Netherlands,Petrol,NLD
2021,530.1,Netherlands,Petrol,NLD
2021,523.49,Netherlands,Petrol,NLD
2021,527.62,Netherlands,Petrol,NLD
2021,511.09,Netherlands,Petrol,NLD
2020,481.75,Netherlands,Petrol,NLD
2020,475.97,Netherlands,Petrol,NLD
2020,467.7,Netherlands,Petrol,NLD
2020,469.36,Netherlands,Petrol,NLD
2020,454.48,Netherlands,Petrol,NLD
2020,455.31,Netherlands,Petrol,NLD
2020,441.26,Netherlands,Petrol,NLD
2020,447.87,Netherlands,Petrol,NLD
2020,470.18,Netherlands,Petrol,NLD
2020,485.06,Netherlands,Petrol,NLD
2020,492.5,Netherlands,Petrol,NLD
2020,485.88,Netherlands,Petrol,NLD
2020,481.75,Netherlands,Petrol,NLD
2020,487.54,Netherlands,Petrol,NLD
2020,479.27,Netherlands,Petrol,NLD
2020,490.84,Netherlands,Petrol,NLD
2020,494.98,Netherlands,Petrol,NLD
2020,488.36,Netherlands,Petrol,NLD
2020,490.84,Netherlands,Petrol,NLD
2020,479.27,Netherlands,Petrol,NLD
2020,472.66,Netherlands,Petrol,NLD
2020,481.75,Netherlands,Petrol,NLD
2020,478.45,Netherlands,Petrol,NLD
2020,488.36,Netherlands,Petrol,NLD
2020,485.06,Netherlands,Petrol,NLD
2020,485.06,Netherlands,Petrol,NLD
2020,480.93,Netherlands,Petrol,NLD
2020,460.27,Netherlands,Petrol,NLD
2020,446.22,Netherlands,Petrol,NLD
2020,439.6,Netherlands,Petrol,NLD
2020,437.12,Netherlands,Petrol,NLD
2020,417.29,Netherlands,Petrol,NLD
2020,403.24,Netherlands,Petrol,NLD
2020,399.11,Netherlands,Petrol,NLD
2020,396.63,Netherlands,Petrol,NLD
2020,405.72,Netherlands,Petrol,NLD
2020,412.33,Netherlands,Petrol,NLD
2020,432.99,Netherlands,Petrol,NLD
2020,471.01,Netherlands,Petrol,NLD
2020,473.49,Netherlands,Petrol,NLD
2020,532.17,Netherlands,Petrol,NLD
2020,556.13,Netherlands,Petrol,NLD
2020,581.75,Netherlands,Petrol,NLD
2020,563.57,Netherlands,Petrol,NLD
2020,565.22,Netherlands,Petrol,NLD
2020,571.01,Netherlands,Petrol,NLD
2020,583.41,Netherlands,Petrol,NLD
2020,594.15,Netherlands,Petrol,NLD
2020,608.2,Netherlands,Petrol,NLD
2020,609.85,Netherlands,Petrol,NLD
2019,581.96,Netherlands,Petrol,NLD
2019,572.04,Netherlands,Petrol,NLD
2019,578.65,Netherlands,Petrol,NLD
2019,578.65,Netherlands,Petrol,NLD
2019,569.56,Netherlands,Petrol,NLD
2019,582.78,Netherlands,Petrol,NLD
2019,568.73,Netherlands,Petrol,NLD
2019,563.77,Netherlands,Petrol,NLD
2019,555.51,Netherlands,Petrol,NLD
2019,557.16,Netherlands,Petrol,NLD
2019,574.52,Netherlands,Petrol,NLD
2019,572.04,Netherlands,Petrol,NLD
2019,589.39,Netherlands,Petrol,NLD
2019,557.99,Netherlands,Petrol,NLD
2019,554.68,Netherlands,Petrol,NLD
2019,554.68,Netherlands,Petrol,NLD
2019,561.29,Netherlands,Petrol,NLD
2019,562.12,Netherlands,Petrol,NLD
2019,567.08,Netherlands,Petrol,NLD
2019,593.53,Netherlands,Petrol,NLD
2019,585.26,Netherlands,Petrol,NLD
2019,593.53,Netherlands,Petrol,NLD
2019,600.96,Netherlands,Petrol,NLD
2019,575.34,Netherlands,Petrol,NLD
2019,574.52,Netherlands,Petrol,NLD
2019,554.68,Netherlands,Petrol,NLD
2019,568.73,Netherlands,Petrol,NLD
2019,590.22,Netherlands,Petrol,NLD
2019,623.28,Netherlands,Petrol,NLD
2019,636.5,Netherlands,Petrol,NLD
2019,638.98,Netherlands,Petrol,NLD
2019,616.67,Netherlands,Petrol,NLD
2019,627.41,Netherlands,Petrol,NLD
2019,631.54,Netherlands,Petrol,NLD
2019,620.8,Netherlands,Petrol,NLD
2019,599.31,Netherlands,Petrol,NLD
2019,580.3,Netherlands,Petrol,NLD
2019,553.86,Netherlands,Petrol,NLD
2019,544.77,Netherlands,Petrol,NLD
2019,534.02,Netherlands,Petrol,NLD
2019,524.93,Netherlands,Petrol,NLD
2019,534.02,Netherlands,Petrol,NLD
2019,517.49,Netherlands,Petrol,NLD
2019,495.18,Netherlands,Petrol,NLD
2019,489.39,Netherlands,Petrol,NLD
2019,498.48,Netherlands,Petrol,NLD
2019,495.18,Netherlands,Petrol,NLD
2019,490.22,Netherlands,Petrol,NLD
2019,459.64,Netherlands,Petrol,NLD
2018,466.5,Netherlands,Petrol,NLD
2018,471.46,Netherlands,Petrol,NLD
2018,484.68,Netherlands,Petrol,NLD
2018,502.04,Netherlands,Petrol,NLD
2018,515.26,Netherlands,Petrol,NLD
2018,529.31,Netherlands,Petrol,NLD
2018,556.59,Netherlands,Petrol,NLD
2018,570.63,Netherlands,Petrol,NLD
2018,570.63,Netherlands,Petrol,NLD
2018,591.3,Netherlands,Petrol,NLD
2018,611.13,Netherlands,Petrol,NLD
2018,607,Netherlands,Petrol,NLD
2018,599.56,Netherlands,Petrol,NLD
2018,602.87,Netherlands,Petrol,NLD
2018,602.87,Netherlands,Petrol,NLD
2018,607.82,Netherlands,Petrol,NLD
2018,608.65,Netherlands,Petrol,NLD
2018,603.69,Netherlands,Petrol,NLD
2018,601.21,Netherlands,Petrol,NLD
2018,608.65,Netherlands,Petrol,NLD
2018,598.73,Netherlands,Petrol,NLD
2018,576.42,Netherlands,Petrol,NLD
2018,583.86,Netherlands,Petrol,NLD
2018,590.47,Netherlands,Petrol,NLD
2018,591.3,Netherlands,Petrol,NLD
2018,577.25,Netherlands,Petrol,NLD
2018,583.86,Netherlands,Petrol,NLD
2018,588.82,Netherlands,Petrol,NLD
2018,602.04,Netherlands,Petrol,NLD
2018,609.48,Netherlands,Petrol,NLD
2018,608.65,Netherlands,Petrol,NLD
2018,589.64,Netherlands,Petrol,NLD
2018,568.16,Netherlands,Petrol,NLD
2018,568.16,Netherlands,Petrol,NLD
2018,552.45,Netherlands,Petrol,NLD
2018,549.15,Netherlands,Petrol,NLD
2018,532.62,Netherlands,Petrol,NLD
2018,494.6,Netherlands,Petrol,NLD
2018,478.9,Netherlands,Petrol,NLD
2018,481.38,Netherlands,Petrol,NLD
2018,498.73,Netherlands,Petrol,NLD
2018,497.91,Netherlands,Petrol,NLD
2018,492.95,Netherlands,Petrol,NLD
2018,512.92,Netherlands,Petrol,NLD
2018,531.33,Netherlands,Petrol,NLD
2018,537.58,Netherlands,Petrol,NLD
2018,527.66,Netherlands,Petrol,NLD
2018,535.92,Netherlands,Petrol,NLD
2018,520.22,Netherlands,Petrol,NLD
2018,516.09,Netherlands,Petrol,NLD
2017,512.77,Netherlands,Petrol,NLD
2017,504.91,Netherlands,Petrol,NLD
2017,514,Netherlands,Petrol,NLD
2017,523.1,Netherlands,Petrol,NLD
2017,534.67,Netherlands,Petrol,NLD
2017,546.24,Netherlands,Petrol,NLD
2017,526.4,Netherlands,Petrol,NLD
2017,501.61,Netherlands,Petrol,NLD
2017,486.73,Netherlands,Petrol,NLD
2017,480.12,Netherlands,Petrol,NLD
2017,485.91,Netherlands,Petrol,NLD
2017,493.34,Netherlands,Petrol,NLD
2017,504.09,Netherlands,Petrol,NLD
2017,510.7,Netherlands,Petrol,NLD
2017,525.58,Netherlands,Petrol,NLD
2017,513.18,Netherlands,Petrol,NLD
2017,490.86,Netherlands,Petrol,NLD
2017,477.64,Netherlands,Petrol,NLD
2017,487.56,Netherlands,Petrol,NLD
2017,484.25,Netherlands,Petrol,NLD
2017,477.64,Netherlands,Petrol,NLD
2017,477.64,Netherlands,Petrol,NLD
2017,464.42,Netherlands,Petrol,NLD
2017,469.38,Netherlands,Petrol,NLD
2017,463.59,Netherlands,Petrol,NLD
2017,461.94,Netherlands,Petrol,NLD
2017,476.81,Netherlands,Petrol,NLD
2017,480.95,Netherlands,Petrol,NLD
2017,491.69,Netherlands,Petrol,NLD
2017,497.48,Netherlands,Petrol,NLD
2017,494.17,Netherlands,Petrol,NLD
2017,490.86,Netherlands,Petrol,NLD
2017,488.39,Netherlands,Petrol,NLD
2017,510.7,Netherlands,Petrol,NLD
2017,537.97,Netherlands,Petrol,NLD
2017,526.4,Netherlands,Petrol,NLD
2017,501.61,Netherlands,Petrol,NLD
2017,480.12,Netherlands,Petrol,NLD
2017,491.69,Netherlands,Petrol,NLD
2017,509.87,Netherlands,Petrol,NLD
2017,523.1,Netherlands,Petrol,NLD
2017,533.84,Netherlands,Petrol,NLD
2017,533.84,Netherlands,Petrol,NLD
2017,529.71,Netherlands,Petrol,NLD
2017,526.4,Netherlands,Petrol,NLD
2017,518.96,Netherlands,Petrol,NLD
2017,518.14,Netherlands,Petrol,NLD
2017,513.18,Netherlands,Petrol,NLD
2017,519.79,Netherlands,Petrol,NLD
2017,512.35,Netherlands,Petrol,NLD
2025,763.9805313129375,Poland,Petrol,POL
2025,775.2660152008687,Poland,Petrol,POL
2025,776.8537435404398,Poland,Petrol,POL
2025,778.543033670195,Poland,Petrol,POL
2025,775.5366228848658,Poland,Petrol,POL
2025,783.3432085891025,Poland,Petrol,POL
2025,780.3561360646495,Poland,Petrol,POL
2025,758.7077139178276,Poland,Petrol,POL
2025,744.0166517710146,Poland,Petrol,POL
2024,739.6858516000468,Poland,Petrol,POL
2024,740.1685590541965,Poland,Petrol,POL
2024,739.3456848030019,Poland,Petrol,POL
2024,746.4278167774048,Poland,Petrol,POL
2024,748.3859690012819,Poland,Petrol,POL
2024,740.6043765196249,Poland,Petrol,POL
2024,726.9836868616849,Poland,Petrol,POL
2024,729.9378453038673,Poland,Petrol,POL
2024,729.4636482969855,Poland,Petrol,POL
2024,731.5908045977012,Poland,Petrol,POL
2024,723.8239722061379,Poland,Petrol,POL
2024,715.6109388478307,Poland,Petrol,POL
2024,697.5425199583477,Poland,Petrol,POL
2024,707.899411049827,Poland,Petrol,POL
2024,724.0584795321637,Poland,Petrol,POL
2024,736.4217476819331,Poland,Petrol,POL
2024,751.7578307620383,Poland,Petrol,POL
2024,773.4385964912279,Poland,Petrol,POL
2024,781.917552259722,Poland,Petrol,POL
2024,796.5938905547226,Poland,Petrol,POL
2024,793.1859352501278,Poland,Petrol,POL
2024,798.2030235577814,Poland,Petrol,POL
2024,805.6267175928082,Poland,Petrol,POL
2024,816.4231086010118,Poland,Petrol,POL
2024,819.8070361218965,Poland,Petrol,POL
2024,817.0204310626958,Poland,Petrol,POL
2024,813.0231584821429,Poland,Petrol,POL
2024,815.6593726019115,Poland,Petrol,POL
2024,790.954128440367,Poland,Petrol,POL
2024,804.7941720629046,Poland,Petrol,POL
2024,824.0850169333177,Poland,Petrol,POL
2024,835.2078584353629,Poland,Petrol,POL
2024,844.3467425293301,Poland,Petrol,POL
2024,846.6028931404575,Poland,Petrol,POL
2024,847.1691559569294,Poland,Petrol,POL
2024,837.6719454398336,Poland,Petrol,POL
2024,843.9404464203018,Poland,Petrol,POL
2024,849.6017513624295,Poland,Petrol,POL
2024,856.8780396118694,Poland,Petrol,POL
2024,839.1198100912306,Poland,Petrol,POL
2024,820.01,Poland,Petrol,POL
2024,800.67,Poland,Petrol,POL
2024,806.02,Poland,Petrol,POL
2024,802.27,Poland,Petrol,POL
2024,826.33,Poland,Petrol,POL
2024,827.41,Poland,Petrol,POL
2024,822.71,Poland,Petrol,POL
2024,808.32,Poland,Petrol,POL
2024,787.12,Poland,Petrol,POL
2024,771.68,Poland,Petrol,POL
2024,767.98,Poland,Petrol,POL
2024,776.63,Poland,Petrol,POL
2024,783.09,Poland,Petrol,POL
2023,798.19,Poland,Petrol,POL
2023,797.63,Poland,Petrol,POL
2023,810.27,Poland,Petrol,POL
2023,817.53,Poland,Petrol,POL
2023,819.78,Poland,Petrol,POL
2023,824.59,Poland,Petrol,POL
2023,817.92,Poland,Petrol,POL
2023,812.02,Poland,Petrol,POL
2023,789.09,Poland,Petrol,POL
2023,733.26,Poland,Petrol,POL
2023,720.14,Poland,Petrol,POL
2023,704.46,Poland,Petrol,POL
2023,693.85,Poland,Petrol,POL
2023,697.26,Poland,Petrol,POL
2023,715.66,Poland,Petrol,POL
2023,764.13,Poland,Petrol,POL
2023,829.81,Poland,Petrol,POL
2023,827.3,Poland,Petrol,POL
2023,816.9,Poland,Petrol,POL
2023,820.57,Poland,Petrol,POL
2023,824.79,Poland,Petrol,POL
2023,821.56,Poland,Petrol,POL
2023,799.28,Poland,Petrol,POL
2023,795.83,Poland,Petrol,POL
2023,789.38,Poland,Petrol,POL
2023,793.13,Poland,Petrol,POL
2023,805.99,Poland,Petrol,POL
2023,803.09,Poland,Petrol,POL
2023,808.33,Poland,Petrol,POL
2023,804.01,Poland,Petrol,POL
2023,796.95,Poland,Petrol,POL
2023,791.83,Poland,Petrol,POL
2023,794.55,Poland,Petrol,POL
2023,795.89,Poland,Petrol,POL
2023,811.26,Poland,Petrol,POL
2023,823.18,Poland,Petrol,POL
2023,830.85,Poland,Petrol,POL
2023,816.2,Poland,Petrol,POL
2023,810.04,Poland,Petrol,POL
2023,787.92,Poland,Petrol,POL
2023,793.91,Poland,Petrol,POL
2023,802.05,Poland,Petrol,POL
2023,798.8,Poland,Petrol,POL
2023,798.43,Poland,Petrol,POL
2023,798.2,Poland,Petrol,POL
2023,779.08,Poland,Petrol,POL
2023,792.23,Poland,Petrol,POL
2023,793.37,Poland,Petrol,POL
2023,770.87,Poland,Petrol,POL
2023,769.2,Poland,Petrol,POL
2023,775.4,Poland,Petrol,POL
2023,776.82,Poland,Petrol,POL
2022,965.13,Poland,Petrol,POL
2022,953.29,Poland,Petrol,POL
2022,960.52,Poland,Petrol,POL
2022,950.29,Poland,Petrol,POL
2022,952.72,Poland,Petrol,POL
2022,959.32,Poland,Petrol,POL
2022,969.48,Poland,Petrol,POL
2022,970.76,Poland,Petrol,POL
2022,1014.21,Poland,Petrol,POL
2022,996.79,Poland,Petrol,POL
2022,989.65,Poland,Petrol,POL
2022,967.89,Poland,Petrol,POL
2022,903.87,Poland,Petrol,POL
2022,895.52,Poland,Petrol,POL
2022,894.23,Poland,Petrol,POL
2022,926.45,Poland,Petrol,POL
2022,941.07,Poland,Petrol,POL
2022,950.04,Poland,Petrol,POL
2022,939.06,Poland,Petrol,POL
2022,1016.33,Poland,Petrol,POL
2022,1012.33,Poland,Petrol,POL
2022,1086.14,Poland,Petrol,POL
2022,1097.64,Poland,Petrol,POL
2022,1112.43,Poland,Petrol,POL
2022,1112.04,Poland,Petrol,POL
2022,1178.03,Poland,Petrol,POL
2022,1205,Poland,Petrol,POL
2022,1237.31,Poland,Petrol,POL
2022,1240.34,Poland,Petrol,POL
2022,1256.37,Poland,Petrol,POL
2022,1169.02,Poland,Petrol,POL
2022,1126.11,Poland,Petrol,POL
2022,1086.6,Poland,Petrol,POL
2022,1010.57,Poland,Petrol,POL
2022,980.71,Poland,Petrol,POL
2022,955.9,Poland,Petrol,POL
2022,942.16,Poland,Petrol,POL
2022,974.74,Poland,Petrol,POL
2022,972.76,Poland,Petrol,POL
2022,964.99,Poland,Petrol,POL
2022,1018.97,Poland,Petrol,POL
2022,896.89,Poland,Petrol,POL
2022,813.85,Poland,Petrol,POL
2022,755.05,Poland,Petrol,POL
2022,734.59,Poland,Petrol,POL
2022,719.24,Poland,Petrol,POL
2022,699.16,Poland,Petrol,POL
2022,689.46,Poland,Petrol,POL
2022,677.53,Poland,Petrol,POL
2022,676.83,Poland,Petrol,POL
2022,670.06,Poland,Petrol,POL
2021,678.36,Poland,Petrol,POL
2021,688.77,Poland,Petrol,POL
2021,698,Poland,Petrol,POL
2021,689.49,Poland,Petrol,POL
2021,686.97,Poland,Petrol,POL
2021,690.15,Poland,Petrol,POL
2021,693.71,Poland,Petrol,POL
2021,689.23,Poland,Petrol,POL
2021,681.77,Poland,Petrol,POL
2021,678.92,Poland,Petrol,POL
2021,672.11,Poland,Petrol,POL
2021,672.89,Poland,Petrol,POL
2021,666.43,Poland,Petrol,POL
2021,663.08,Poland,Petrol,POL
2021,667.14,Poland,Petrol,POL
2021,659.72,Poland,Petrol,POL
2021,653,Poland,Petrol,POL
2021,651.13,Poland,Petrol,POL
2021,654.06,Poland,Petrol,POL
2021,654.27,Poland,Petrol,POL
2021,655.17,Poland,Petrol,POL
2021,648.88,Poland,Petrol,POL
2021,648.87,Poland,Petrol,POL
2021,632.89,Poland,Petrol,POL
2021,633.66,Poland,Petrol,POL
2021,626.38,Poland,Petrol,POL
2021,597.18,Poland,Petrol,POL
2021,590.22,Poland,Petrol,POL
2021,589.61,Poland,Petrol,POL
2021,585.55,Poland,Petrol,POL
2021,586.82,Poland,Petrol,POL
2021,577.77,Poland,Petrol,POL
2021,575.76,Poland,Petrol,POL
2021,577.27,Poland,Petrol,POL
2021,576.6,Poland,Petrol,POL
2021,577.24,Poland,Petrol,POL
2021,580.04,Poland,Petrol,POL
2021,557.19,Poland,Petrol,POL
2021,556.83,Poland,Petrol,POL
2021,545.87,Poland,Petrol,POL
2021,521.22,Poland,Petrol,POL
2021,522.57,Poland,Petrol,POL
2021,508.66,Poland,Petrol,POL
2021,492.21,Poland,Petrol,POL
2021,483.1,Poland,Petrol,POL
2021,478.48,Poland,Petrol,POL
2021,474.12,Poland,Petrol,POL
2021,472.21,Poland,Petrol,POL
2021,462.09,Poland,Petrol,POL
2020,449.92,Poland,Petrol,POL
2020,460.39,Poland,Petrol,POL
2020,445.72,Poland,Petrol,POL
2020,443.93,Poland,Petrol,POL
2020,435.57,Poland,Petrol,POL
2020,430.97,Poland,Petrol,POL
2020,428.16,Poland,Petrol,POL
2020,419.16,Poland,Petrol,POL
2020,422.62,Poland,Petrol,POL
2020,423.32,Poland,Petrol,POL
2020,431.08,Poland,Petrol,POL
2020,435.68,Poland,Petrol,POL
2020,433.37,Poland,Petrol,POL
2020,439.76,Poland,Petrol,POL
2020,442.34,Poland,Petrol,POL
2020,445.81,Poland,Petrol,POL
2020,446.9,Poland,Petrol,POL
2020,444.29,Poland,Petrol,POL
2020,442.26,Poland,Petrol,POL
2020,431.13,Poland,Petrol,POL
2020,429.28,Poland,Petrol,POL
2020,423.21,Poland,Petrol,POL
2020,413.33,Poland,Petrol,POL
2020,401.28,Poland,Petrol,POL
2020,393.81,Poland,Petrol,POL
2020,390.57,Poland,Petrol,POL
2020,385.88,Poland,Petrol,POL
2020,384.37,Poland,Petrol,POL
2020,377.5,Poland,Petrol,POL
2020,376.5,Poland,Petrol,POL
2020,358.7,Poland,Petrol,POL
2020,340.39,Poland,Petrol,POL
2020,321.91,Poland,Petrol,POL
2020,329.36,Poland,Petrol,POL
2020,340.32,Poland,Petrol,POL
2020,349.81,Poland,Petrol,POL
2020,365.79,Poland,Petrol,POL
2020,380.62,Poland,Petrol,POL
2020,405.78,Poland,Petrol,POL
2020,470.57,Poland,Petrol,POL
2020,511.17,Poland,Petrol,POL
2020,520.17,Poland,Petrol,POL
2020,530.43,Poland,Petrol,POL
2020,540.54,Poland,Petrol,POL
2020,542.1,Poland,Petrol,POL
2020,541.37,Poland,Petrol,POL
2020,546.97,Poland,Petrol,POL
2020,554.51,Poland,Petrol,POL
2020,560.11,Poland,Petrol,POL
2020,557.11,Poland,Petrol,POL
2019,548.34,Poland,Petrol,POL
2019,548.77,Poland,Petrol,POL
2019,546.63,Poland,Petrol,POL
2019,539.85,Poland,Petrol,POL
2019,540.86,Poland,Petrol,POL
2019,543.91,Poland,Petrol,POL
2019,545.04,Poland,Petrol,POL
2019,542.86,Poland,Petrol,POL
2019,542.84,Poland,Petrol,POL
2019,541.63,Poland,Petrol,POL
2019,541.98,Poland,Petrol,POL
2019,537.98,Poland,Petrol,POL
2019,538.73,Poland,Petrol,POL
2019,548.1,Poland,Petrol,POL
2019,550.6,Poland,Petrol,POL
2019,548.91,Poland,Petrol,POL
2019,561.29,Poland,Petrol,POL
2019,560.16,Poland,Petrol,POL
2019,576.73,Poland,Petrol,POL
2019,588.74,Poland,Petrol,POL
2019,593.13,Poland,Petrol,POL
2019,594.06,Poland,Petrol,POL
2019,590.14,Poland,Petrol,POL
2019,592.32,Poland,Petrol,POL
2019,595.53,Poland,Petrol,POL
2019,596.81,Poland,Petrol,POL
2019,603.41,Poland,Petrol,POL
2019,609.55,Poland,Petrol,POL
2019,608.53,Poland,Petrol,POL
2019,607.61,Poland,Petrol,POL
2019,602.09,Poland,Petrol,POL
2019,596.78,Poland,Petrol,POL
2019,599.04,Poland,Petrol,POL
2019,595.49,Poland,Petrol,POL
2019,591.39,Poland,Petrol,POL
2019,568.41,Poland,Petrol,POL
2019,552.52,Poland,Petrol,POL
2019,531.44,Poland,Petrol,POL
2019,512.82,Poland,Petrol,POL
2019,514.9,Poland,Petrol,POL
2019,500.1,Poland,Petrol,POL
2019,497.34,Poland,Petrol,POL
2019,503.94,Poland,Petrol,POL
2019,514.46,Poland,Petrol,POL
2019,518.75,Poland,Petrol,POL
2019,518.85,Poland,Petrol,POL
2019,511.87,Poland,Petrol,POL
2019,512.01,Poland,Petrol,POL
2019,516.95,Poland,Petrol,POL
2018,526.85,Poland,Petrol,POL
2018,530.67,Poland,Petrol,POL
2018,541.88,Poland,Petrol,POL
2018,557.84,Poland,Petrol,POL
2018,560.36,Poland,Petrol,POL
2018,570.4,Poland,Petrol,POL
2018,571.84,Poland,Petrol,POL
2018,569.83,Poland,Petrol,POL
2018,577.97,Poland,Petrol,POL
2018,578.67,Poland,Petrol,POL
2018,572.37,Poland,Petrol,POL
2018,579.94,Poland,Petrol,POL
2018,577.64,Poland,Petrol,POL
2018,580.09,Poland,Petrol,POL
2018,574.19,Poland,Petrol,POL
2018,577.68,Poland,Petrol,POL
2018,579.67,Poland,Petrol,POL
2018,570.87,Poland,Petrol,POL
2018,572.94,Poland,Petrol,POL
2018,576.94,Poland,Petrol,POL
2018,576.15,Poland,Petrol,POL
2018,571.41,Poland,Petrol,POL
2018,578.48,Poland,Petrol,POL
2018,567.32,Poland,Petrol,POL
2018,548.11,Poland,Petrol,POL
2018,555.71,Poland,Petrol,POL
2018,566.02,Poland,Petrol,POL
2018,578.07,Poland,Petrol,POL
2018,583.23,Poland,Petrol,POL
2018,582.12,Poland,Petrol,POL
2018,571.18,Poland,Petrol,POL
2018,573.34,Poland,Petrol,POL
2018,547.66,Poland,Petrol,POL
2018,543.33,Poland,Petrol,POL
2018,538.35,Poland,Petrol,POL
2018,535.63,Poland,Petrol,POL
2018,511.9,Poland,Petrol,POL
2018,509.86,Poland,Petrol,POL
2018,490.35,Poland,Petrol,POL
2018,489.18,Poland,Petrol,POL
2018,494.2,Poland,Petrol,POL
2018,500.63,Poland,Petrol,POL
2018,500.74,Poland,Petrol,POL
2018,504.94,Poland,Petrol,POL
2018,512.48,Poland,Petrol,POL
2018,517.86,Poland,Petrol,POL
2018,520.12,Poland,Petrol,POL
2018,522.63,Poland,Petrol,POL
2018,517.91,Poland,Petrol,POL
2018,516.06,Poland,Petrol,POL
2017,504.47,Poland,Petrol,POL
2017,498.85,Poland,Petrol,POL
2017,504.59,Poland,Petrol,POL
2017,508.32,Poland,Petrol,POL
2017,512.36,Poland,Petrol,POL
2017,516.7,Poland,Petrol,POL
2017,502.38,Poland,Petrol,POL
2017,481.4,Poland,Petrol,POL
2017,487.11,Poland,Petrol,POL
2017,479.73,Poland,Petrol,POL
2017,475.36,Poland,Petrol,POL
2017,481.39,Poland,Petrol,POL
2017,490.24,Poland,Petrol,POL
2017,484.34,Poland,Petrol,POL
2017,494.61,Poland,Petrol,POL
2017,476.34,Poland,Petrol,POL
2017,459.68,Poland,Petrol,POL
2017,462.87,Poland,Petrol,POL
2017,456.78,Poland,Petrol,POL
2017,463.35,Poland,Petrol,POL
2017,459.04,Poland,Petrol,POL
2017,440.86,Poland,Petrol,POL
2017,445.04,Poland,Petrol,POL
2017,444.44,Poland,Petrol,POL
2017,437.47,Poland,Petrol,POL
2017,444.14,Poland,Petrol,POL
2017,450.31,Poland,Petrol,POL
2017,458.49,Poland,Petrol,POL
2017,466.9,Poland,Petrol,POL
2017,471.52,Poland,Petrol,POL
2017,478.51,Poland,Petrol,POL
2017,486.19,Poland,Petrol,POL
2017,498.47,Poland,Petrol,POL
2017,513.26,Poland,Petrol,POL
2017,510.89,Poland,Petrol,POL
2017,502.63,Poland,Petrol,POL
2017,483.15,Poland,Petrol,POL
2017,481.63,Poland,Petrol,POL
2017,491.11,Poland,Petrol,POL
2017,496.39,Poland,Petrol,POL
2017,504,Poland,Petrol,POL
2017,512.95,Poland,Petrol,POL
2017,507.89,Poland,Petrol,POL
2017,510.78,Poland,Petrol,POL
2017,508.41,Poland,Petrol,POL
2017,504.34,Poland,Petrol,POL
2017,498.23,Poland,Petrol,POL
2017,501.3,Poland,Petrol,POL
2017,500.48,Poland,Petrol,POL
2017,503.54,Poland,Petrol,POL
2025,798.16,Portugal,Petrol,PRT
2025,798.16,Portugal,Petrol,PRT
2025,807.1,Portugal,Petrol,PRT
2025,806.29,Portugal,Petrol,PRT
2025,798.97,Portugal,Petrol,PRT
2025,804.66,Portugal,Petrol,PRT
2025,809.54,Portugal,Petrol,PRT
2025,788.4,Portugal,Petrol,PRT
2025,785.15,Portugal,Petrol,PRT
2024,763.2,Portugal,Petrol,PRT
2024,762.39,Portugal,Petrol,PRT
2024,758.32,Portugal,Petrol,PRT
2024,746.94,Portugal,Petrol,PRT
2024,751.01,Portugal,Petrol,PRT
2024,759.95,Portugal,Petrol,PRT
2024,743.69,Portugal,Petrol,PRT
2024,739.62,Portugal,Petrol,PRT
2024,732.31,Portugal,Petrol,PRT
2024,757.51,Portugal,Petrol,PRT
2024,752.63,Portugal,Petrol,PRT
2024,753.44,Portugal,Petrol,PRT
2024,730.68,Portugal,Petrol,PRT
2024,714.42,Portugal,Petrol,PRT
2024,716.86,Portugal,Petrol,PRT
2024,707.92,Portugal,Petrol,PRT
2024,715.52,Portugal,Petrol,PRT
2024,752.05,Portugal,Petrol,PRT
2024,762.62,Portugal,Petrol,PRT
2024,795.04,Portugal,Petrol,PRT
2024,793.41,Portugal,Petrol,PRT
2024,814.55,Portugal,Petrol,PRT
2024,814.55,Portugal,Petrol,PRT
2024,825.12,Portugal,Petrol,PRT
2024,834.07,Portugal,Petrol,PRT
2024,845.45,Portugal,Petrol,PRT
2024,834.07,Portugal,Petrol,PRT
2024,825.12,Portugal,Petrol,PRT
2024,810.49,Portugal,Petrol,PRT
2024,805.61,Portugal,Petrol,PRT
2024,830.81,Portugal,Petrol,PRT
2024,840.57,Portugal,Petrol,PRT
2024,843.82,Portugal,Petrol,PRT
2024,849.51,Portugal,Petrol,PRT
2024,873.9,Portugal,Petrol,PRT
2024,891.79,Portugal,Petrol,PRT
2024,902.36,Portugal,Petrol,PRT
2024,893.41,Portugal,Petrol,PRT
2024,893.41,Portugal,Petrol,PRT
2024,882.03,Portugal,Petrol,PRT
2024,865.77,Portugal,Petrol,PRT
2024,837.32,Portugal,Petrol,PRT
2024,830,Portugal,Petrol,PRT
2024,831.63,Portugal,Petrol,PRT
2024,825.94,Portugal,Petrol,PRT
2024,830.81,Portugal,Petrol,PRT
2024,808.86,Portugal,Petrol,PRT
2024,800.73,Portugal,Petrol,PRT
2024,792.6,Portugal,Petrol,PRT
2024,773.9,Portugal,Petrol,PRT
2024,759.27,Portugal,Petrol,PRT
2024,758.46,Portugal,Petrol,PRT
2024,757.64,Portugal,Petrol,PRT
2023,756.02,Portugal,Petrol,PRT
2023,745.45,Portugal,Petrol,PRT
2023,756.83,Portugal,Petrol,PRT
2023,777.15,Portugal,Petrol,PRT
2023,787.72,Portugal,Petrol,PRT
2023,806.42,Portugal,Petrol,PRT
2023,835.69,Portugal,Petrol,PRT
2023,856.02,Portugal,Petrol,PRT
2023,859.27,Portugal,Petrol,PRT
2023,864.15,Portugal,Petrol,PRT
2023,852.76,Portugal,Petrol,PRT
2023,883.66,Portugal,Petrol,PRT
2023,928.37,Portugal,Petrol,PRT
2023,938.13,Portugal,Petrol,PRT
2023,921.63,Portugal,Petrol,PRT
2023,923.25,Portugal,Petrol,PRT
2023,933.82,Portugal,Petrol,PRT
2023,933.82,Portugal,Petrol,PRT
2023,920,Portugal,Petrol,PRT
2023,897.24,Portugal,Petrol,PRT
2023,893.98,Portugal,Petrol,PRT
2023,882.6,Portugal,Petrol,PRT
2023,827.79,Portugal,Petrol,PRT
2023,809.9,Portugal,Petrol,PRT
2023,796.9,Portugal,Petrol,PRT
2023,770.07,Portugal,Petrol,PRT
2023,807.93,Portugal,Petrol,PRT
2023,818.5,Portugal,Petrol,PRT
2023,832.32,Portugal,Petrol,PRT
2023,801.43,Portugal,Petrol,PRT
2023,831.17,Portugal,Petrol,PRT
2023,811.66,Portugal,Petrol,PRT
2023,797.83,Portugal,Petrol,PRT
2023,778.32,Portugal,Petrol,PRT
2023,815.72,Portugal,Petrol,PRT
2023,845.99,Portugal,Petrol,PRT
2023,879.33,Portugal,Petrol,PRT
2023,873.63,Portugal,Petrol,PRT
2023,862.25,Portugal,Petrol,PRT
2023,841.11,Portugal,Petrol,PRT
2023,832.98,Portugal,Petrol,PRT
2023,858.19,Portugal,Petrol,PRT
2023,854.12,Portugal,Petrol,PRT
2023,849.19,Portugal,Petrol,PRT
2023,854.07,Portugal,Petrol,PRT
2023,849.19,Portugal,Petrol,PRT
2023,866.26,Portugal,Petrol,PRT
2023,887.84,Portugal,Petrol,PRT
2023,860.2,Portugal,Petrol,PRT
2023,833.37,Portugal,Petrol,PRT
2023,824.43,Portugal,Petrol,PRT
2023,831.74,Portugal,Petrol,PRT
2022,786.6,Portugal,Petrol,PRT
2022,771.97,Portugal,Petrol,PRT
2022,780.91,Portugal,Petrol,PRT
2022,828.88,Portugal,Petrol,PRT
2022,849.29,Portugal,Petrol,PRT
2022,894,Portugal,Petrol,PRT
2022,960.67,Portugal,Petrol,PRT
2022,991.56,Portugal,Petrol,PRT
2022,975.38,Portugal,Petrol,PRT
2022,990.01,Portugal,Petrol,PRT
2022,1031.47,Portugal,Petrol,PRT
2022,981.88,Portugal,Petrol,PRT
2022,881.07,Portugal,Petrol,PRT
2022,914.96,Portugal,Petrol,PRT
2022,920.65,Portugal,Petrol,PRT
2022,927.15,Portugal,Petrol,PRT
2022,940.16,Portugal,Petrol,PRT
2022,990.57,Portugal,Petrol,PRT
2022,987.32,Portugal,Petrol,PRT
2022,995.45,Portugal,Petrol,PRT
2022,1010.08,Portugal,Petrol,PRT
2022,1078.37,Portugal,Petrol,PRT
2022,1083.25,Portugal,Petrol,PRT
2022,1093.82,Portugal,Petrol,PRT
2022,1184.06,Portugal,Petrol,PRT
2022,1236.91,Portugal,Petrol,PRT
2022,1250.73,Portugal,Petrol,PRT
2022,1269.91,Portugal,Petrol,PRT
2022,1300.12,Portugal,Petrol,PRT
2022,1300.93,Portugal,Petrol,PRT
2022,1202.63,Portugal,Petrol,PRT
2022,1166.19,Portugal,Petrol,PRT
2022,1101.95,Portugal,Petrol,PRT
2022,1071.87,Portugal,Petrol,PRT
2022,1021.71,Portugal,Petrol,PRT
2022,974.43,Portugal,Petrol,PRT
2022,952.48,Portugal,Petrol,PRT
2022,985.81,Portugal,Petrol,PRT
2022,1016.71,Portugal,Petrol,PRT
2022,935.41,Portugal,Petrol,PRT
2022,1017.52,Portugal,Petrol,PRT
2022,910.56,Portugal,Petrol,PRT
2022,841.45,Portugal,Petrol,PRT
2022,826,Portugal,Petrol,PRT
2022,816.25,Portugal,Petrol,PRT
2022,801.61,Portugal,Petrol,PRT
2022,781.29,Portugal,Petrol,PRT
2022,763.4,Portugal,Petrol,PRT
2022,738.2,Portugal,Petrol,PRT
2022,734.95,Portugal,Petrol,PRT
2022,728.44,Portugal,Petrol,PRT
2021,704.87,Portugal,Petrol,PRT
2021,702.43,Portugal,Petrol,PRT
2021,700.8,Portugal,Petrol,PRT
2021,733.32,Portugal,Petrol,PRT
2021,748.77,Portugal,Petrol,PRT
2021,757.71,Portugal,Petrol,PRT
2021,764.22,Portugal,Petrol,PRT
2021,760.96,Portugal,Petrol,PRT
2021,752.83,Portugal,Petrol,PRT
2021,753.65,Portugal,Petrol,PRT
2021,722.26,Portugal,Petrol,PRT
2021,710.07,Portugal,Petrol,PRT
2021,689.74,Portugal,Petrol,PRT
2021,692.18,Portugal,Petrol,PRT
2021,693.81,Portugal,Petrol,PRT
2021,691.37,Portugal,Petrol,PRT
2021,680.8,Portugal,Petrol,PRT
2021,679.17,Portugal,Petrol,PRT
2021,695.43,Portugal,Petrol,PRT
2021,698.69,Portugal,Petrol,PRT
2021,695.43,Portugal,Petrol,PRT
2021,688.12,Portugal,Petrol,PRT
2021,694.62,Portugal,Petrol,PRT
2021,690.56,Portugal,Petrol,PRT
2021,685.68,Portugal,Petrol,PRT
2021,675.11,Portugal,Petrol,PRT
2021,658.04,Portugal,Petrol,PRT
2021,649.09,Portugal,Petrol,PRT
2021,644.22,Portugal,Petrol,PRT
2021,632.83,Portugal,Petrol,PRT
2021,631.21,Portugal,Petrol,PRT
2021,636.9,Portugal,Petrol,PRT
2021,632.83,Portugal,Petrol,PRT
2021,618.2,Portugal,Petrol,PRT
2021,622.26,Portugal,Petrol,PRT
2021,613.32,Portugal,Petrol,PRT
2021,611.69,Portugal,Petrol,PRT
2021,602.75,Portugal,Petrol,PRT
2021,604.38,Portugal,Petrol,PRT
2021,600.31,Portugal,Petrol,PRT
2021,586.49,Portugal,Petrol,PRT
2021,573.48,Portugal,Petrol,PRT
2021,558.04,Portugal,Petrol,PRT
2021,545.03,Portugal,Petrol,PRT
2021,533.65,Portugal,Petrol,PRT
2021,521.45,Portugal,Petrol,PRT
2021,519.01,Portugal,Petrol,PRT
2021,514.95,Portugal,Petrol,PRT
2021,499.5,Portugal,Petrol,PRT
2020,474.99,Portugal,Petrol,PRT
2020,470.11,Portugal,Petrol,PRT
2020,466.04,Portugal,Petrol,PRT
2020,461.98,Portugal,Petrol,PRT
2020,454.66,Portugal,Petrol,PRT
2020,452.22,Portugal,Petrol,PRT
2020,442.47,Portugal,Petrol,PRT
2020,449.78,Portugal,Petrol,PRT
2020,459.54,Portugal,Petrol,PRT
2020,466.04,Portugal,Petrol,PRT
2020,463.6,Portugal,Petrol,PRT
2020,457.1,Portugal,Petrol,PRT
2020,456.29,Portugal,Petrol,PRT
2020,457.91,Portugal,Petrol,PRT
2020,461.17,Portugal,Petrol,PRT
2020,470.92,Portugal,Petrol,PRT
2020,470.11,Portugal,Petrol,PRT
2020,466.04,Portugal,Petrol,PRT
2020,463.6,Portugal,Petrol,PRT
2020,462.79,Portugal,Petrol,PRT
2020,463.6,Portugal,Petrol,PRT
2020,466.86,Portugal,Petrol,PRT
2020,470.92,Portugal,Petrol,PRT
2020,471.73,Portugal,Petrol,PRT
2020,458.73,Portugal,Petrol,PRT
2020,453.04,Portugal,Petrol,PRT
2020,442.47,Portugal,Petrol,PRT
2020,429.46,Portugal,Petrol,PRT
2020,418.89,Portugal,Petrol,PRT
2020,414.01,Portugal,Petrol,PRT
2020,406.69,Portugal,Petrol,PRT
2020,378.24,Portugal,Petrol,PRT
2020,357.1,Portugal,Petrol,PRT
2020,338.4,Portugal,Petrol,PRT
2020,344.91,Portugal,Petrol,PRT
2020,355.47,Portugal,Petrol,PRT
2020,357.1,Portugal,Petrol,PRT
2020,357.1,Portugal,Petrol,PRT
2020,403.44,Portugal,Petrol,PRT
2020,468.48,Portugal,Petrol,PRT
2020,524.58,Portugal,Petrol,PRT
2020,549.78,Portugal,Petrol,PRT
2020,558.73,Portugal,Petrol,PRT
2020,552.22,Portugal,Petrol,PRT
2020,574.49,Portugal,Petrol,PRT
2020,585.06,Portugal,Petrol,PRT
2020,594.82,Portugal,Petrol,PRT
2020,601.32,Portugal,Petrol,PRT
2020,605.39,Portugal,Petrol,PRT
2020,604.57,Portugal,Petrol,PRT
2019,561.49,Portugal,Petrol,PRT
2019,564.74,Portugal,Petrol,PRT
2019,568.8,Portugal,Petrol,PRT
2019,566.36,Portugal,Petrol,PRT
2019,572.87,Portugal,Petrol,PRT
2019,574.49,Portugal,Petrol,PRT
2019,562.3,Portugal,Petrol,PRT
2019,555.79,Portugal,Petrol,PRT
2019,556.61,Portugal,Petrol,PRT
2019,566.36,Portugal,Petrol,PRT
2019,571.24,Portugal,Petrol,PRT
2019,576.93,Portugal,Petrol,PRT
2019,578.56,Portugal,Petrol,PRT
2019,558.23,Portugal,Petrol,PRT
2019,560.67,Portugal,Petrol,PRT
2019,562.3,Portugal,Petrol,PRT
2019,566.36,Portugal,Petrol,PRT
2019,567.99,Portugal,Petrol,PRT
2019,581,Portugal,Petrol,PRT
2019,593.19,Portugal,Petrol,PRT
2019,589.94,Portugal,Petrol,PRT
2019,597.26,Portugal,Petrol,PRT
2019,594.01,Portugal,Petrol,PRT
2019,581.81,Portugal,Petrol,PRT
2019,574.49,Portugal,Petrol,PRT
2019,567.18,Portugal,Petrol,PRT
2019,570.43,Portugal,Petrol,PRT
2019,596.44,Portugal,Petrol,PRT
2019,633.84,Portugal,Petrol,PRT
2019,642.79,Portugal,Petrol,PRT
2019,634.66,Portugal,Petrol,PRT
2019,628.15,Portugal,Petrol,PRT
2019,636.28,Portugal,Petrol,PRT
2019,628.96,Portugal,Petrol,PRT
2019,614.33,Portugal,Petrol,PRT
2019,598.07,Portugal,Petrol,PRT
2019,580.18,Portugal,Petrol,PRT
2019,565.55,Portugal,Petrol,PRT
2019,553.35,Portugal,Petrol,PRT
2019,542.79,Portugal,Petrol,PRT
2019,540.35,Portugal,Petrol,PRT
2019,537.91,Portugal,Petrol,PRT
2019,516.77,Portugal,Petrol,PRT
2019,507.83,Portugal,Petrol,PRT
2019,505.39,Portugal,Petrol,PRT
2019,506.2,Portugal,Petrol,PRT
2019,504.57,Portugal,Petrol,PRT
2019,510.27,Portugal,Petrol,PRT
2019,498.07,Portugal,Petrol,PRT
2018,507.47,Portugal,Petrol,PRT
2018,507.47,Portugal,Petrol,PRT
2018,518.04,Portugal,Petrol,PRT
2018,544.87,Portugal,Petrol,PRT
2018,569.26,Portugal,Petrol,PRT
2018,586.33,Portugal,Petrol,PRT
2018,603.4,Portugal,Petrol,PRT
2018,610.72,Portugal,Petrol,PRT
2018,620.47,Portugal,Petrol,PRT
2018,639.99,Portugal,Petrol,PRT
2018,645.68,Portugal,Petrol,PRT
2018,631.04,Portugal,Petrol,PRT
2018,631.04,Portugal,Petrol,PRT
2018,638.36,Portugal,Petrol,PRT
2018,644.87,Portugal,Petrol,PRT
2018,646.49,Portugal,Petrol,PRT
2018,637.55,Portugal,Petrol,PRT
2018,635.11,Portugal,Petrol,PRT
2018,638.36,Portugal,Petrol,PRT
2018,639.17,Portugal,Petrol,PRT
2018,629.42,Portugal,Petrol,PRT
2018,618.85,Portugal,Petrol,PRT
2018,626.17,Portugal,Petrol,PRT
2018,624.54,Portugal,Petrol,PRT
2018,620.47,Portugal,Petrol,PRT
2018,619.66,Portugal,Petrol,PRT
2018,622.91,Portugal,Petrol,PRT
2018,627.79,Portugal,Petrol,PRT
2018,640.8,Portugal,Petrol,PRT
2018,642.43,Portugal,Petrol,PRT
2018,623.73,Portugal,Petrol,PRT
2018,612.34,Portugal,Petrol,PRT
2018,598.52,Portugal,Petrol,PRT
2018,592.83,Portugal,Petrol,PRT
2018,577.39,Portugal,Petrol,PRT
2018,571.69,Portugal,Petrol,PRT
2018,567.63,Portugal,Petrol,PRT
2018,553,Portugal,Petrol,PRT
2018,525.35,Portugal,Petrol,PRT
2018,527.79,Portugal,Petrol,PRT
2018,530.23,Portugal,Petrol,PRT
2018,532.67,Portugal,Petrol,PRT
2018,548.93,Portugal,Petrol,PRT
2018,564.38,Portugal,Petrol,PRT
2018,573.32,Portugal,Petrol,PRT
2018,574.13,Portugal,Petrol,PRT
2018,574.13,Portugal,Petrol,PRT
2018,587.95,Portugal,Petrol,PRT
2018,579.01,Portugal,Petrol,PRT
2018,568.44,Portugal,Petrol,PRT
2017,553.37,Portugal,Petrol,PRT
2017,555.81,Portugal,Petrol,PRT
2017,559.87,Portugal,Petrol,PRT
2017,562.31,Portugal,Petrol,PRT
2017,570.44,Portugal,Petrol,PRT
2017,576.95,Portugal,Petrol,PRT
2017,552.56,Portugal,Petrol,PRT
2017,531.42,Portugal,Petrol,PRT
2017,524.91,Portugal,Petrol,PRT
2017,524.1,Portugal,Petrol,PRT
2017,524.1,Portugal,Petrol,PRT
2017,528.98,Portugal,Petrol,PRT
2017,533.86,Portugal,Petrol,PRT
2017,537.11,Portugal,Petrol,PRT
2017,544.42,Portugal,Petrol,PRT
2017,533.86,Portugal,Petrol,PRT
2017,515.16,Portugal,Petrol,PRT
2017,515.97,Portugal,Petrol,PRT
2017,517.6,Portugal,Petrol,PRT
2017,512.72,Portugal,Petrol,PRT
2017,506.21,Portugal,Petrol,PRT
2017,507.03,Portugal,Petrol,PRT
2017,503.77,Portugal,Petrol,PRT
2017,502.96,Portugal,Petrol,PRT
2017,498.08,Portugal,Petrol,PRT
2017,502.96,Portugal,Petrol,PRT
2017,509.47,Portugal,Petrol,PRT
2017,516.78,Portugal,Petrol,PRT
2017,529.79,Portugal,Petrol,PRT
2017,530.6,Portugal,Petrol,PRT
2017,526.54,Portugal,Petrol,PRT
2017,515.97,Portugal,Petrol,PRT
2017,524.1,Portugal,Petrol,PRT
2017,544.42,Portugal,Petrol,PRT
2017,559.06,Portugal,Petrol,PRT
2017,550.93,Portugal,Petrol,PRT
2017,536.29,Portugal,Petrol,PRT
2017,525.73,Portugal,Petrol,PRT
2017,535.48,Portugal,Petrol,PRT
2017,553.37,Portugal,Petrol,PRT
2017,561.5,Portugal,Petrol,PRT
2017,566.38,Portugal,Petrol,PRT
2017,566.38,Portugal,Petrol,PRT
2017,563.94,Portugal,Petrol,PRT
2017,562.31,Portugal,Petrol,PRT
2017,559.87,Portugal,Petrol,PRT
2017,566.38,Portugal,Petrol,PRT
2017,554.18,Portugal,Petrol,PRT
2017,541.99,Portugal,Petrol,PRT
2017,537.92,Portugal,Petrol,PRT
2025,760.8462419384005,Romania,Petrol,ROU
2025,775.2973559431005,Romania,Petrol,ROU
2025,777.2734579063691,Romania,Petrol,ROU
2025,763.9313628965824,Romania,Petrol,ROU
2025,756.8667242661095,Romania,Petrol,ROU
2025,762.0522613065327,Romania,Petrol,ROU
2025,730.362273704515,Romania,Petrol,ROU
2025,748.8829904888299,Romania,Petrol,ROU
2025,731.5094377550405,Romania,Petrol,ROU
2024,716.6502562041595,Romania,Petrol,ROU
2024,723.8556638858176,Romania,Petrol,ROU
2024,710.4957498543093,Romania,Petrol,ROU
2024,707.4416733708769,Romania,Petrol,ROU
2024,709.3108298171588,Romania,Petrol,ROU
2024,713.6315228966986,Romania,Petrol,ROU
2024,708.4999497638903,Romania,Petrol,ROU
2024,714.5470260708759,Romania,Petrol,ROU
2024,716.8301507537689,Romania,Petrol,ROU
2024,721.0362298443846,Romania,Petrol,ROU
2024,719.5764961389962,Romania,Petrol,ROU
2024,716.6978268299057,Romania,Petrol,ROU
2024,701.9647233717707,Romania,Petrol,ROU
2024,693.9380539866943,Romania,Petrol,ROU
2024,695.2112902577298,Romania,Petrol,ROU
2024,697.4187841749758,Romania,Petrol,ROU
2024,717.6205697284039,Romania,Petrol,ROU
2024,749.440234759713,Romania,Petrol,ROU
2024,756.551973631321,Romania,Petrol,ROU
2024,775.4183995338839,Romania,Petrol,ROU
2024,769.8354331183314,Romania,Petrol,ROU
2024,775.4963028452016,Romania,Petrol,ROU
2024,786.2101558572147,Romania,Petrol,ROU
2024,794.552443049183,Romania,Petrol,ROU
2024,801.970136037994,Romania,Petrol,ROU
2024,821.261156227386,Romania,Petrol,ROU
2024,815.4061005505766,Romania,Petrol,ROU
2024,785.4341624141117,Romania,Petrol,ROU
2024,777.2267877594487,Romania,Petrol,ROU
2024,778.3097912355082,Romania,Petrol,ROU
2024,792.5224066556809,Romania,Petrol,ROU
2024,808.3053674416734,Romania,Petrol,ROU
2024,824.4683417085427,Romania,Petrol,ROU
2024,840.0325549616172,Romania,Petrol,ROU
2024,854.4054902592175,Romania,Petrol,ROU
2024,853.5199662372635,Romania,Petrol,ROU
2024,853.9151057158936,Romania,Petrol,ROU
2024,843.0662217039926,Romania,Petrol,ROU
2024,838.2270074461661,Romania,Petrol,ROU
2024,821.8447481232516,Romania,Petrol,ROU
2024,809.58,Romania,Petrol,ROU
2024,806.07,Romania,Petrol,ROU
2024,815.39,Romania,Petrol,ROU
2024,815.36,Romania,Petrol,ROU
2024,808.15,Romania,Petrol,ROU
2024,793.46,Romania,Petrol,ROU
2024,771.06,Romania,Petrol,ROU
2024,758.03,Romania,Petrol,ROU
2024,754.11,Romania,Petrol,ROU
2024,742.21,Romania,Petrol,ROU
2024,738.68,Romania,Petrol,ROU
2024,747.01,Romania,Petrol,ROU
2024,759.05,Romania,Petrol,ROU
2023,760.35,Romania,Petrol,ROU
2023,761.75,Romania,Petrol,ROU
2023,763.33,Romania,Petrol,ROU
2023,772.25,Romania,Petrol,ROU
2023,773.39,Romania,Petrol,ROU
2023,780.96,Romania,Petrol,ROU
2023,798.3,Romania,Petrol,ROU
2023,820,Romania,Petrol,ROU
2023,824.54,Romania,Petrol,ROU
2023,830.72,Romania,Petrol,ROU
2023,834.09,Romania,Petrol,ROU
2023,845.54,Romania,Petrol,ROU
2023,868.39,Romania,Petrol,ROU
2023,875.51,Romania,Petrol,ROU
2023,866.45,Romania,Petrol,ROU
2023,858.62,Romania,Petrol,ROU
2023,856.45,Romania,Petrol,ROU
2023,858.79,Romania,Petrol,ROU
2023,858.7,Romania,Petrol,ROU
2023,841.15,Romania,Petrol,ROU
2023,813.22,Romania,Petrol,ROU
2023,802.44,Romania,Petrol,ROU
2023,780.62,Romania,Petrol,ROU
2023,777.82,Romania,Petrol,ROU
2023,777.03,Romania,Petrol,ROU
2023,776.23,Romania,Petrol,ROU
2023,780.18,Romania,Petrol,ROU
2023,793.49,Romania,Petrol,ROU
2023,788.05,Romania,Petrol,ROU
2023,769.54,Romania,Petrol,ROU
2023,764.04,Romania,Petrol,ROU
2023,753.79,Romania,Petrol,ROU
2023,781.06,Romania,Petrol,ROU
2023,781.73,Romania,Petrol,ROU
2023,766.21,Romania,Petrol,ROU
2023,761.31,Romania,Petrol,ROU
2023,831.36,Romania,Petrol,ROU
2023,827.21,Romania,Petrol,ROU
2023,775.73,Romania,Petrol,ROU
2023,775.14,Romania,Petrol,ROU
2023,775.93,Romania,Petrol,ROU
2023,813.91,Romania,Petrol,ROU
2023,787.45,Romania,Petrol,ROU
2023,772.89,Romania,Petrol,ROU
2023,773.87,Romania,Petrol,ROU
2023,766.89,Romania,Petrol,ROU
2023,766.64,Romania,Petrol,ROU
2023,765.06,Romania,Petrol,ROU
2023,747.86,Romania,Petrol,ROU
2023,721.67,Romania,Petrol,ROU
2023,712.7,Romania,Petrol,ROU
2023,697.05,Romania,Petrol,ROU
2022,703.41,Romania,Petrol,ROU
2022,732.16,Romania,Petrol,ROU
2022,745.19,Romania,Petrol,ROU
2022,850.47,Romania,Petrol,ROU
2022,882.67,Romania,Petrol,ROU
2022,910.44,Romania,Petrol,ROU
2022,930.25,Romania,Petrol,ROU
2022,921.85,Romania,Petrol,ROU
2022,909.56,Romania,Petrol,ROU
2022,903.48,Romania,Petrol,ROU
2022,883.13,Romania,Petrol,ROU
2022,854.6,Romania,Petrol,ROU
2022,847.03,Romania,Petrol,ROU
2022,867.96,Romania,Petrol,ROU
2022,907.15,Romania,Petrol,ROU
2022,932.55,Romania,Petrol,ROU
2022,985.31,Romania,Petrol,ROU
2022,1011.61,Romania,Petrol,ROU
2022,1003.17,Romania,Petrol,ROU
2022,1015,Romania,Petrol,ROU
2022,1002.47,Romania,Petrol,ROU
2022,1023.86,Romania,Petrol,ROU
2022,1028.91,Romania,Petrol,ROU
2022,1053.33,Romania,Petrol,ROU
2022,1063.98,Romania,Petrol,ROU
2022,1068.02,Romania,Petrol,ROU
2022,1073.61,Romania,Petrol,ROU
2022,1072.63,Romania,Petrol,ROU
2022,1067.94,Romania,Petrol,ROU
2022,1027.18,Romania,Petrol,ROU
2022,1006.76,Romania,Petrol,ROU
2022,987.57,Romania,Petrol,ROU
2022,971.27,Romania,Petrol,ROU
2022,950.45,Romania,Petrol,ROU
2022,917.83,Romania,Petrol,ROU
2022,908.55,Romania,Petrol,ROU
2022,929.13,Romania,Petrol,ROU
2022,932.04,Romania,Petrol,ROU
2022,958.42,Romania,Petrol,ROU
2022,972.1,Romania,Petrol,ROU
2022,971.7,Romania,Petrol,ROU
2022,863.13,Romania,Petrol,ROU
2022,789.4,Romania,Petrol,ROU
2022,775.13,Romania,Petrol,ROU
2022,763.81,Romania,Petrol,ROU
2022,760.78,Romania,Petrol,ROU
2022,726.33,Romania,Petrol,ROU
2022,715.68,Romania,Petrol,ROU
2022,697.17,Romania,Petrol,ROU
2022,681.21,Romania,Petrol,ROU
2022,684.51,Romania,Petrol,ROU
2021,654.48,Romania,Petrol,ROU
2021,652.22,Romania,Petrol,ROU
2021,653.47,Romania,Petrol,ROU
2021,676.66,Romania,Petrol,ROU
2021,682.71,Romania,Petrol,ROU
2021,686.25,Romania,Petrol,ROU
2021,703.61,Romania,Petrol,ROU
2021,708.74,Romania,Petrol,ROU
2021,704.27,Romania,Petrol,ROU
2021,703.59,Romania,Petrol,ROU
2021,687.3,Romania,Petrol,ROU
2021,666.81,Romania,Petrol,ROU
2021,650.92,Romania,Petrol,ROU
2021,656.65,Romania,Petrol,ROU
2021,645.5,Romania,Petrol,ROU
2021,636.88,Romania,Petrol,ROU
2021,622.26,Romania,Petrol,ROU
2021,625.52,Romania,Petrol,ROU
2021,639.36,Romania,Petrol,ROU
2021,646.28,Romania,Petrol,ROU
2021,648.41,Romania,Petrol,ROU
2021,636.91,Romania,Petrol,ROU
2021,631.26,Romania,Petrol,ROU
2021,622.33,Romania,Petrol,ROU
2021,614.35,Romania,Petrol,ROU
2021,604.05,Romania,Petrol,ROU
2021,597.82,Romania,Petrol,ROU
2021,590.17,Romania,Petrol,ROU
2021,591.49,Romania,Petrol,ROU
2021,572.69,Romania,Petrol,ROU
2021,574.29,Romania,Petrol,ROU
2021,576.71,Romania,Petrol,ROU
2021,576.34,Romania,Petrol,ROU
2021,566.66,Romania,Petrol,ROU
2021,567.42,Romania,Petrol,ROU
2021,571.4,Romania,Petrol,ROU
2021,560.81,Romania,Petrol,ROU
2021,551.15,Romania,Petrol,ROU
2021,565.91,Romania,Petrol,ROU
2021,556.66,Romania,Petrol,ROU
2021,543.16,Romania,Petrol,ROU
2021,537.63,Romania,Petrol,ROU
2021,526.86,Romania,Petrol,ROU
2021,512.51,Romania,Petrol,ROU
2021,495.42,Romania,Petrol,ROU
2021,484.06,Romania,Petrol,ROU
2021,484.71,Romania,Petrol,ROU
2021,473.2,Romania,Petrol,ROU
2021,463.49,Romania,Petrol,ROU
2020,454.14,Romania,Petrol,ROU
2020,475.92,Romania,Petrol,ROU
2020,435.88,Romania,Petrol,ROU
2020,432.23,Romania,Petrol,ROU
2020,433.12,Romania,Petrol,ROU
2020,419.1,Romania,Petrol,ROU
2020,409.06,Romania,Petrol,ROU
2020,411.36,Romania,Petrol,ROU
2020,424.11,Romania,Petrol,ROU
2020,421.28,Romania,Petrol,ROU
2020,420.97,Romania,Petrol,ROU
2020,404.12,Romania,Petrol,ROU
2020,400.02,Romania,Petrol,ROU
2020,400.05,Romania,Petrol,ROU
2020,401.8,Romania,Petrol,ROU
2020,406.67,Romania,Petrol,ROU
2020,407.55,Romania,Petrol,ROU
2020,403.26,Romania,Petrol,ROU
2020,417.74,Romania,Petrol,ROU
2020,417.55,Romania,Petrol,ROU
2020,412.42,Romania,Petrol,ROU
2020,423.61,Romania,Petrol,ROU
2020,420.07,Romania,Petrol,ROU
2020,413.9,Romania,Petrol,ROU
2020,407.1,Romania,Petrol,ROU
2020,401.6,Romania,Petrol,ROU
2020,394.32,Romania,Petrol,ROU
2020,384.6,Romania,Petrol,ROU
2020,368.36,Romania,Petrol,ROU
2020,367.77,Romania,Petrol,ROU
2020,367.82,Romania,Petrol,ROU
2020,367.81,Romania,Petrol,ROU
2020,368.43,Romania,Petrol,ROU
2020,369.23,Romania,Petrol,ROU
2020,394.87,Romania,Petrol,ROU
2020,409.83,Romania,Petrol,ROU
2020,417.42,Romania,Petrol,ROU
2020,419.54,Romania,Petrol,ROU
2020,428.76,Romania,Petrol,ROU
2020,458.12,Romania,Petrol,ROU
2020,502.53,Romania,Petrol,ROU
2020,510.27,Romania,Petrol,ROU
2020,525.21,Romania,Petrol,ROU
2020,521.31,Romania,Petrol,ROU
2020,528.67,Romania,Petrol,ROU
2020,532.87,Romania,Petrol,ROU
2020,541.6,Romania,Petrol,ROU
2020,547.89,Romania,Petrol,ROU
2020,551.58,Romania,Petrol,ROU
2020,541.84,Romania,Petrol,ROU
2019,535.64,Romania,Petrol,ROU
2019,544.25,Romania,Petrol,ROU
2019,548.72,Romania,Petrol,ROU
2019,543.23,Romania,Petrol,ROU
2019,541.69,Romania,Petrol,ROU
2019,538.98,Romania,Petrol,ROU
2019,534.84,Romania,Petrol,ROU
2019,530.22,Romania,Petrol,ROU
2019,535.03,Romania,Petrol,ROU
2019,544.44,Romania,Petrol,ROU
2019,551.16,Romania,Petrol,ROU
2019,553.97,Romania,Petrol,ROU
2019,545,Romania,Petrol,ROU
2019,532.24,Romania,Petrol,ROU
2019,528.99,Romania,Petrol,ROU
2019,540.6,Romania,Petrol,ROU
2019,540.23,Romania,Petrol,ROU
2019,549.62,Romania,Petrol,ROU
2019,562.15,Romania,Petrol,ROU
2019,573.61,Romania,Petrol,ROU
2019,570.45,Romania,Petrol,ROU
2019,564.08,Romania,Petrol,ROU
2019,562.86,Romania,Petrol,ROU
2019,551.38,Romania,Petrol,ROU
2019,549.17,Romania,Petrol,ROU
2019,547.07,Romania,Petrol,ROU
2019,558.37,Romania,Petrol,ROU
2019,565.01,Romania,Petrol,ROU
2019,585.54,Romania,Petrol,ROU
2019,595.43,Romania,Petrol,ROU
2019,596.25,Romania,Petrol,ROU
2019,596.95,Romania,Petrol,ROU
2019,598.66,Romania,Petrol,ROU
2019,593.94,Romania,Petrol,ROU
2019,581.4,Romania,Petrol,ROU
2019,569.53,Romania,Petrol,ROU
2019,554.47,Romania,Petrol,ROU
2019,547.33,Romania,Petrol,ROU
2019,536.74,Romania,Petrol,ROU
2019,525.76,Romania,Petrol,ROU
2019,525.33,Romania,Petrol,ROU
2019,512.48,Romania,Petrol,ROU
2019,501.88,Romania,Petrol,ROU
2019,495.53,Romania,Petrol,ROU
2019,486.52,Romania,Petrol,ROU
2019,458.41,Romania,Petrol,ROU
2019,463.19,Romania,Petrol,ROU
2019,483.18,Romania,Petrol,ROU
2019,458.52,Romania,Petrol,ROU
2018,491.31,Romania,Petrol,ROU
2018,496.88,Romania,Petrol,ROU
2018,506.69,Romania,Petrol,ROU
2018,527.91,Romania,Petrol,ROU
2018,551.62,Romania,Petrol,ROU
2018,567.07,Romania,Petrol,ROU
2018,588.9,Romania,Petrol,ROU
2018,602.73,Romania,Petrol,ROU
2018,608.11,Romania,Petrol,ROU
2018,617.4,Romania,Petrol,ROU
2018,622.09,Romania,Petrol,ROU
2018,622.16,Romania,Petrol,ROU
2018,622.44,Romania,Petrol,ROU
2018,626.64,Romania,Petrol,ROU
2018,628.4,Romania,Petrol,ROU
2018,619.49,Romania,Petrol,ROU
2018,612.6,Romania,Petrol,ROU
2018,607.37,Romania,Petrol,ROU
2018,607.7,Romania,Petrol,ROU
2018,605.59,Romania,Petrol,ROU
2018,600.48,Romania,Petrol,ROU
2018,600.6,Romania,Petrol,ROU
2018,608.36,Romania,Petrol,ROU
2018,612.58,Romania,Petrol,ROU
2018,606.68,Romania,Petrol,ROU
2018,600.73,Romania,Petrol,ROU
2018,603,Romania,Petrol,ROU
2018,623.69,Romania,Petrol,ROU
2018,627.72,Romania,Petrol,ROU
2018,618.63,Romania,Petrol,ROU
2018,613.69,Romania,Petrol,ROU
2018,586.34,Romania,Petrol,ROU
2018,569.66,Romania,Petrol,ROU
2018,562.36,Romania,Petrol,ROU
2018,555.88,Romania,Petrol,ROU
2018,551.19,Romania,Petrol,ROU
2018,540.32,Romania,Petrol,ROU
2018,531.36,Romania,Petrol,ROU
2018,514.62,Romania,Petrol,ROU
2018,510.57,Romania,Petrol,ROU
2018,515.23,Romania,Petrol,ROU
2018,510.29,Romania,Petrol,ROU
2018,509.72,Romania,Petrol,ROU
2018,526.11,Romania,Petrol,ROU
2018,544.05,Romania,Petrol,ROU
2018,544.16,Romania,Petrol,ROU
2018,538.65,Romania,Petrol,ROU
2018,540.11,Romania,Petrol,ROU
2018,529.08,Romania,Petrol,ROU
2018,514.21,Romania,Petrol,ROU
2017,511.54,Romania,Petrol,ROU
2017,504.38,Romania,Petrol,ROU
2017,510.69,Romania,Petrol,ROU
2017,515.19,Romania,Petrol,ROU
2017,514.05,Romania,Petrol,ROU
2017,509.77,Romania,Petrol,ROU
2017,501.17,Romania,Petrol,ROU
2017,485.72,Romania,Petrol,ROU
2017,484.75,Romania,Petrol,ROU
2017,478.56,Romania,Petrol,ROU
2017,472.62,Romania,Petrol,ROU
2017,428.28,Romania,Petrol,ROU
2017,494.07,Romania,Petrol,ROU
2017,489.27,Romania,Petrol,ROU
2017,496.52,Romania,Petrol,ROU
2017,490.63,Romania,Petrol,ROU
2017,488.32,Romania,Petrol,ROU
2017,479.31,Romania,Petrol,ROU
2017,487.37,Romania,Petrol,ROU
2017,488.43,Romania,Petrol,ROU
2017,480.81,Romania,Petrol,ROU
2017,482.88,Romania,Petrol,ROU
2017,474.76,Romania,Petrol,ROU
2017,476.4,Romania,Petrol,ROU
2017,471.06,Romania,Petrol,ROU
2017,465.06,Romania,Petrol,ROU
2017,469.87,Romania,Petrol,ROU
2017,489.89,Romania,Petrol,ROU
2017,505.66,Romania,Petrol,ROU
2017,527.64,Romania,Petrol,ROU
2017,501.85,Romania,Petrol,ROU
2017,499.63,Romania,Petrol,ROU
2017,510.88,Romania,Petrol,ROU
2017,532.49,Romania,Petrol,ROU
2017,545.3,Romania,Petrol,ROU
2017,528.5,Romania,Petrol,ROU
2017,515.93,Romania,Petrol,ROU
2017,492.32,Romania,Petrol,ROU
2017,491.58,Romania,Petrol,ROU
2017,502.55,Romania,Petrol,ROU
2017,522.08,Romania,Petrol,ROU
2017,539.08,Romania,Petrol,ROU
2017,534.21,Romania,Petrol,ROU
2017,529.89,Romania,Petrol,ROU
2017,532.79,Romania,Petrol,ROU
2017,531.41,Romania,Petrol,ROU
2017,531,Romania,Petrol,ROU
2017,513.7,Romania,Petrol,ROU
2017,521.08,Romania,Petrol,ROU
2017,479.65,Romania,Petrol,ROU
2025,721.7578475336322,Sweden,Petrol,SWE
2025,733.9011925042589,Sweden,Petrol,SWE
2025,737.7674750356633,Sweden,Petrol,SWE
2025,739.9104332017913,Sweden,Petrol,SWE
2025,732.7236303457886,Sweden,Petrol,SWE
2025,732.6026443980514,Sweden,Petrol,SWE
2025,738.4749227891599,Sweden,Petrol,SWE
2025,733.3188475077138,Sweden,Petrol,SWE
2025,764.1327576431593,Sweden,Petrol,SWE
2024,713.5681016845863,Sweden,Petrol,SWE
2024,708.0244505137209,Sweden,Petrol,SWE
2024,715.586558524895,Sweden,Petrol,SWE
2024,685.887656033287,Sweden,Petrol,SWE
2024,697.3887394812181,Sweden,Petrol,SWE
2024,715.3264365817612,Sweden,Petrol,SWE
2024,696.7241379310345,Sweden,Petrol,SWE
2024,697.6190476190477,Sweden,Petrol,SWE
2024,680.0463738245523,Sweden,Petrol,SWE
2024,707.9766367361171,Sweden,Petrol,SWE
2024,710.7416320280025,Sweden,Petrol,SWE
2024,719.532246010463,Sweden,Petrol,SWE
2024,687.5593876473694,Sweden,Petrol,SWE
2024,671.7522123893806,Sweden,Petrol,SWE
2024,685.0554479845098,Sweden,Petrol,SWE
2024,673.1392729360838,Sweden,Petrol,SWE
2024,665.2466171977303,Sweden,Petrol,SWE
2024,716.025019822042,Sweden,Petrol,SWE
2024,717.1095325791458,Sweden,Petrol,SWE
2024,748.5614297777507,Sweden,Petrol,SWE
2024,758.1676599817289,Sweden,Petrol,SWE
2024,772.5680596497311,Sweden,Petrol,SWE
2024,776.8728947256214,Sweden,Petrol,SWE
2024,790.6392199349946,Sweden,Petrol,SWE
2024,799.8613217768147,Sweden,Petrol,SWE
2024,818.4174684767804,Sweden,Petrol,SWE
2024,801.6890257312515,Sweden,Petrol,SWE
2024,800.2843054506686,Sweden,Petrol,SWE
2024,778.1250830138223,Sweden,Petrol,SWE
2024,774.62278302303,Sweden,Petrol,SWE
2024,798.1058446968037,Sweden,Petrol,SWE
2024,803.1542461005199,Sweden,Petrol,SWE
2024,805.7040998217469,Sweden,Petrol,SWE
2024,803.3846153846155,Sweden,Petrol,SWE
2024,819.7849462365592,Sweden,Petrol,SWE
2024,845.425759520753,Sweden,Petrol,SWE
2024,844.821790285739,Sweden,Petrol,SWE
2024,848.1870171218952,Sweden,Petrol,SWE
2024,855.6211465302374,Sweden,Petrol,SWE
2024,846.4794816414687,Sweden,Petrol,SWE
2024,820.28,Sweden,Petrol,SWE
2024,807.68,Sweden,Petrol,SWE
2024,805.58,Sweden,Petrol,SWE
2024,806.41,Sweden,Petrol,SWE
2024,802.29,Sweden,Petrol,SWE
2024,811.36,Sweden,Petrol,SWE
2024,804.31,Sweden,Petrol,SWE
2024,777.11,Sweden,Petrol,SWE
2024,777.2,Sweden,Petrol,SWE
2024,758.92,Sweden,Petrol,SWE
2024,743.64,Sweden,Petrol,SWE
2024,739.77,Sweden,Petrol,SWE
2024,731.98,Sweden,Petrol,SWE
2023,763.67,Sweden,Petrol,SWE
2023,755.75,Sweden,Petrol,SWE
2023,738.43,Sweden,Petrol,SWE
2023,775.94,Sweden,Petrol,SWE
2023,766.69,Sweden,Petrol,SWE
2023,764.4,Sweden,Petrol,SWE
2023,810.37,Sweden,Petrol,SWE
2023,843.3,Sweden,Petrol,SWE
2023,865.22,Sweden,Petrol,SWE
2023,856.06,Sweden,Petrol,SWE
2023,826.49,Sweden,Petrol,SWE
2023,839.76,Sweden,Petrol,SWE
2023,895.88,Sweden,Petrol,SWE
2023,925,Sweden,Petrol,SWE
2023,911.81,Sweden,Petrol,SWE
2023,907.82,Sweden,Petrol,SWE
2023,907.32,Sweden,Petrol,SWE
2023,925.68,Sweden,Petrol,SWE
2023,904.25,Sweden,Petrol,SWE
2023,883.24,Sweden,Petrol,SWE
2023,871.34,Sweden,Petrol,SWE
2023,888.08,Sweden,Petrol,SWE
2023,833.87,Sweden,Petrol,SWE
2023,817.91,Sweden,Petrol,SWE
2023,791.24,Sweden,Petrol,SWE
2023,785.57,Sweden,Petrol,SWE
2023,800.55,Sweden,Petrol,SWE
2023,823.41,Sweden,Petrol,SWE
2023,842.28,Sweden,Petrol,SWE
2023,820.1,Sweden,Petrol,SWE
2023,816.21,Sweden,Petrol,SWE
2023,813.92,Sweden,Petrol,SWE
2023,795.82,Sweden,Petrol,SWE
2023,787.38,Sweden,Petrol,SWE
2023,831.43,Sweden,Petrol,SWE
2023,838.66,Sweden,Petrol,SWE
2023,894.39,Sweden,Petrol,SWE
2023,886.62,Sweden,Petrol,SWE
2023,895.71,Sweden,Petrol,SWE
2023,861.18,Sweden,Petrol,SWE
2023,840.45,Sweden,Petrol,SWE
2023,859.76,Sweden,Petrol,SWE
2023,865.99,Sweden,Petrol,SWE
2023,851.21,Sweden,Petrol,SWE
2023,858.04,Sweden,Petrol,SWE
2023,859.63,Sweden,Petrol,SWE
2023,832.82,Sweden,Petrol,SWE
2023,884.78,Sweden,Petrol,SWE
2023,882.04,Sweden,Petrol,SWE
2023,844.85,Sweden,Petrol,SWE
2023,799.18,Sweden,Petrol,SWE
2023,830.39,Sweden,Petrol,SWE
2022,774.24,Sweden,Petrol,SWE
2022,755.13,Sweden,Petrol,SWE
2022,752.22,Sweden,Petrol,SWE
2022,843.32,Sweden,Petrol,SWE
2022,839.69,Sweden,Petrol,SWE
2022,850.36,Sweden,Petrol,SWE
2022,943.84,Sweden,Petrol,SWE
2022,977.33,Sweden,Petrol,SWE
2022,952.79,Sweden,Petrol,SWE
2022,970.51,Sweden,Petrol,SWE
2022,1144.09,Sweden,Petrol,SWE
2022,1134.96,Sweden,Petrol,SWE
2022,1017.52,Sweden,Petrol,SWE
2022,938.55,Sweden,Petrol,SWE
2022,950.88,Sweden,Petrol,SWE
2022,939.61,Sweden,Petrol,SWE
2022,968.29,Sweden,Petrol,SWE
2022,1020.32,Sweden,Petrol,SWE
2022,1032.41,Sweden,Petrol,SWE
2022,1026.94,Sweden,Petrol,SWE
2022,1016.73,Sweden,Petrol,SWE
2022,1133.85,Sweden,Petrol,SWE
2022,1112.83,Sweden,Petrol,SWE
2022,1226.16,Sweden,Petrol,SWE
2022,1219.34,Sweden,Petrol,SWE
2022,1223.8,Sweden,Petrol,SWE
2022,1282.47,Sweden,Petrol,SWE
2022,1264.28,Sweden,Petrol,SWE
2022,1318.16,Sweden,Petrol,SWE
2022,1369.92,Sweden,Petrol,SWE
2022,1265.41,Sweden,Petrol,SWE
2022,1200.1,Sweden,Petrol,SWE
2022,1192.4,Sweden,Petrol,SWE
2022,1104.76,Sweden,Petrol,SWE
2022,1120.16,Sweden,Petrol,SWE
2022,964.24,Sweden,Petrol,SWE
2022,939.42,Sweden,Petrol,SWE
2022,976.8,Sweden,Petrol,SWE
2022,1011.2,Sweden,Petrol,SWE
2022,986.86,Sweden,Petrol,SWE
2022,987.09,Sweden,Petrol,SWE
2022,1010.27,Sweden,Petrol,SWE
2022,869.13,Sweden,Petrol,SWE
2022,820.61,Sweden,Petrol,SWE
2022,820.81,Sweden,Petrol,SWE
2022,809.47,Sweden,Petrol,SWE
2022,855.72,Sweden,Petrol,SWE
2022,818.56,Sweden,Petrol,SWE
2022,812.85,Sweden,Petrol,SWE
2022,809.99,Sweden,Petrol,SWE
2022,809.46,Sweden,Petrol,SWE
2021,732.78,Sweden,Petrol,SWE
2021,727.32,Sweden,Petrol,SWE
2021,724.64,Sweden,Petrol,SWE
2021,776.07,Sweden,Petrol,SWE
2021,788.51,Sweden,Petrol,SWE
2021,817.87,Sweden,Petrol,SWE
2021,813.87,Sweden,Petrol,SWE
2021,815.66,Sweden,Petrol,SWE
2021,807.08,Sweden,Petrol,SWE
2021,792.83,Sweden,Petrol,SWE
2021,781.35,Sweden,Petrol,SWE
2021,755.12,Sweden,Petrol,SWE
2021,708.68,Sweden,Petrol,SWE
2021,701.52,Sweden,Petrol,SWE
2021,706.23,Sweden,Petrol,SWE
2021,707.27,Sweden,Petrol,SWE
2021,702.58,Sweden,Petrol,SWE
2021,634.73,Sweden,Petrol,SWE
2021,660.75,Sweden,Petrol,SWE
2021,668.21,Sweden,Petrol,SWE
2021,674.34,Sweden,Petrol,SWE
2021,660.01,Sweden,Petrol,SWE
2021,649.57,Sweden,Petrol,SWE
2021,652.99,Sweden,Petrol,SWE
2021,673.16,Sweden,Petrol,SWE
2021,649.15,Sweden,Petrol,SWE
2021,626.55,Sweden,Petrol,SWE
2021,623.89,Sweden,Petrol,SWE
2021,613.43,Sweden,Petrol,SWE
2021,604.7,Sweden,Petrol,SWE
2021,588.98,Sweden,Petrol,SWE
2021,604.32,Sweden,Petrol,SWE
2021,609.22,Sweden,Petrol,SWE
2021,594.97,Sweden,Petrol,SWE
2021,589.67,Sweden,Petrol,SWE
2021,602.72,Sweden,Petrol,SWE
2021,585.1,Sweden,Petrol,SWE
2021,575.88,Sweden,Petrol,SWE
2021,580.37,Sweden,Petrol,SWE
2021,600.59,Sweden,Petrol,SWE
2021,584.68,Sweden,Petrol,SWE
2021,562.74,Sweden,Petrol,SWE
2021,549.01,Sweden,Petrol,SWE
2021,542.94,Sweden,Petrol,SWE
2021,531.44,Sweden,Petrol,SWE
2021,500.52,Sweden,Petrol,SWE
2021,505.5,Sweden,Petrol,SWE
2021,505.28,Sweden,Petrol,SWE
2021,493.95,Sweden,Petrol,SWE
2020,462.19,Sweden,Petrol,SWE
2020,461.59,Sweden,Petrol,SWE
2020,464.33,Sweden,Petrol,SWE
2020,461.18,Sweden,Petrol,SWE
2020,450.44,Sweden,Petrol,SWE
2020,427.18,Sweden,Petrol,SWE
2020,414.97,Sweden,Petrol,SWE
2020,407.64,Sweden,Petrol,SWE
2020,435.76,Sweden,Petrol,SWE
2020,455.48,Sweden,Petrol,SWE
2020,464.09,Sweden,Petrol,SWE
2020,456.19,Sweden,Petrol,SWE
2020,454.64,Sweden,Petrol,SWE
2020,464.39,Sweden,Petrol,SWE
2020,443.87,Sweden,Petrol,SWE
2020,459.39,Sweden,Petrol,SWE
2020,461.1,Sweden,Petrol,SWE
2020,459.39,Sweden,Petrol,SWE
2020,460.97,Sweden,Petrol,SWE
2020,459.22,Sweden,Petrol,SWE
2020,449.45,Sweden,Petrol,SWE
2020,465.79,Sweden,Petrol,SWE
2020,463.43,Sweden,Petrol,SWE
2020,474.55,Sweden,Petrol,SWE
2020,466.45,Sweden,Petrol,SWE
2020,452.93,Sweden,Petrol,SWE
2020,457.01,Sweden,Petrol,SWE
2020,430.1,Sweden,Petrol,SWE
2020,426.42,Sweden,Petrol,SWE
2020,397.06,Sweden,Petrol,SWE
2020,378.97,Sweden,Petrol,SWE
2020,347.08,Sweden,Petrol,SWE
2020,343.8,Sweden,Petrol,SWE
2020,321.9,Sweden,Petrol,SWE
2020,320.47,Sweden,Petrol,SWE
2020,328.05,Sweden,Petrol,SWE
2020,327.12,Sweden,Petrol,SWE
2020,338.36,Sweden,Petrol,SWE
2020,341.65,Sweden,Petrol,SWE
2020,461.9,Sweden,Petrol,SWE
2020,516.8,Sweden,Petrol,SWE
2020,546.79,Sweden,Petrol,SWE
2020,572.85,Sweden,Petrol,SWE
2020,551.01,Sweden,Petrol,SWE
2020,543.83,Sweden,Petrol,SWE
2020,553.01,Sweden,Petrol,SWE
2020,572.07,Sweden,Petrol,SWE
2020,585.46,Sweden,Petrol,SWE
2020,592.45,Sweden,Petrol,SWE
2020,592.79,Sweden,Petrol,SWE
2019,561.41,Sweden,Petrol,SWE
2019,558.69,Sweden,Petrol,SWE
2019,564.05,Sweden,Petrol,SWE
2019,565.06,Sweden,Petrol,SWE
2019,559.33,Sweden,Petrol,SWE
2019,555.24,Sweden,Petrol,SWE
2019,554.16,Sweden,Petrol,SWE
2019,541.1,Sweden,Petrol,SWE
2019,541.99,Sweden,Petrol,SWE
2019,553.93,Sweden,Petrol,SWE
2019,557.32,Sweden,Petrol,SWE
2019,561.51,Sweden,Petrol,SWE
2019,560.39,Sweden,Petrol,SWE
2019,551.76,Sweden,Petrol,SWE
2019,549.22,Sweden,Petrol,SWE
2019,551.76,Sweden,Petrol,SWE
2019,551.01,Sweden,Petrol,SWE
2019,559.14,Sweden,Petrol,SWE
2019,567.84,Sweden,Petrol,SWE
2019,584.91,Sweden,Petrol,SWE
2019,595.03,Sweden,Petrol,SWE
2019,585.53,Sweden,Petrol,SWE
2019,596.21,Sweden,Petrol,SWE
2019,586.36,Sweden,Petrol,SWE
2019,585.47,Sweden,Petrol,SWE
2019,574.26,Sweden,Petrol,SWE
2019,572.91,Sweden,Petrol,SWE
2019,576.29,Sweden,Petrol,SWE
2019,631.2,Sweden,Petrol,SWE
2019,625.87,Sweden,Petrol,SWE
2019,636.52,Sweden,Petrol,SWE
2019,604.01,Sweden,Petrol,SWE
2019,622.91,Sweden,Petrol,SWE
2019,626.39,Sweden,Petrol,SWE
2019,614.83,Sweden,Petrol,SWE
2019,598.86,Sweden,Petrol,SWE
2019,574.86,Sweden,Petrol,SWE
2019,566.13,Sweden,Petrol,SWE
2019,528.24,Sweden,Petrol,SWE
2019,522.15,Sweden,Petrol,SWE
2019,511,Sweden,Petrol,SWE
2019,517.13,Sweden,Petrol,SWE
2019,514.27,Sweden,Petrol,SWE
2019,485.27,Sweden,Petrol,SWE
2019,487.82,Sweden,Petrol,SWE
2019,484.2,Sweden,Petrol,SWE
2019,493.86,Sweden,Petrol,SWE
2019,479.69,Sweden,Petrol,SWE
2019,477.69,Sweden,Petrol,SWE
2018,504.9,Sweden,Petrol,SWE
2018,491.34,Sweden,Petrol,SWE
2018,492.89,Sweden,Petrol,SWE
2018,521.93,Sweden,Petrol,SWE
2018,536.44,Sweden,Petrol,SWE
2018,546.44,Sweden,Petrol,SWE
2018,573.9,Sweden,Petrol,SWE
2018,581.29,Sweden,Petrol,SWE
2018,594.19,Sweden,Petrol,SWE
2018,606.95,Sweden,Petrol,SWE
2018,625.85,Sweden,Petrol,SWE
2018,605.17,Sweden,Petrol,SWE
2018,609.19,Sweden,Petrol,SWE
2018,614.29,Sweden,Petrol,SWE
2018,631.11,Sweden,Petrol,SWE
2018,635.98,Sweden,Petrol,SWE
2018,626.17,Sweden,Petrol,SWE
2018,613.83,Sweden,Petrol,SWE
2018,621.31,Sweden,Petrol,SWE
2018,628.82,Sweden,Petrol,SWE
2018,632.12,Sweden,Petrol,SWE
2018,604.38,Sweden,Petrol,SWE
2018,605.13,Sweden,Petrol,SWE
2018,611.79,Sweden,Petrol,SWE
2018,604.25,Sweden,Petrol,SWE
2018,594.33,Sweden,Petrol,SWE
2018,590.42,Sweden,Petrol,SWE
2018,605.11,Sweden,Petrol,SWE
2018,618.91,Sweden,Petrol,SWE
2018,616.35,Sweden,Petrol,SWE
2018,623.06,Sweden,Petrol,SWE
2018,604.23,Sweden,Petrol,SWE
2018,586.98,Sweden,Petrol,SWE
2018,571.64,Sweden,Petrol,SWE
2018,568.39,Sweden,Petrol,SWE
2018,554.32,Sweden,Petrol,SWE
2018,551.15,Sweden,Petrol,SWE
2018,511.74,Sweden,Petrol,SWE
2018,516.97,Sweden,Petrol,SWE
2018,510.84,Sweden,Petrol,SWE
2018,508.19,Sweden,Petrol,SWE
2018,514.34,Sweden,Petrol,SWE
2018,504.44,Sweden,Petrol,SWE
2018,527.63,Sweden,Petrol,SWE
2018,559.32,Sweden,Petrol,SWE
2018,562.26,Sweden,Petrol,SWE
2018,551.74,Sweden,Petrol,SWE
2018,551.52,Sweden,Petrol,SWE
2018,548.16,Sweden,Petrol,SWE
2018,545.34,Sweden,Petrol,SWE
2017,530.03,Sweden,Petrol,SWE
2017,524.85,Sweden,Petrol,SWE
2017,527.46,Sweden,Petrol,SWE
2017,534.61,Sweden,Petrol,SWE
2017,524.75,Sweden,Petrol,SWE
2017,565.3,Sweden,Petrol,SWE
2017,550.94,Sweden,Petrol,SWE
2017,514.5,Sweden,Petrol,SWE
2017,502.79,Sweden,Petrol,SWE
2017,508.45,Sweden,Petrol,SWE
2017,513.58,Sweden,Petrol,SWE
2017,504.3,Sweden,Petrol,SWE
2017,508.17,Sweden,Petrol,SWE
2017,526.11,Sweden,Petrol,SWE
2017,529.72,Sweden,Petrol,SWE
2017,529.33,Sweden,Petrol,SWE
2017,512.35,Sweden,Petrol,SWE
2017,504.86,Sweden,Petrol,SWE
2017,502.59,Sweden,Petrol,SWE
2017,474.39,Sweden,Petrol,SWE
2017,478.12,Sweden,Petrol,SWE
2017,475.83,Sweden,Petrol,SWE
2017,478.24,Sweden,Petrol,SWE
2017,474.39,Sweden,Petrol,SWE
2017,473.48,Sweden,Petrol,SWE
2017,467.37,Sweden,Petrol,SWE
2017,470.18,Sweden,Petrol,SWE
2017,484.97,Sweden,Petrol,SWE
2017,507.18,Sweden,Petrol,SWE
2017,511.19,Sweden,Petrol,SWE
2017,511,Sweden,Petrol,SWE
2017,508.12,Sweden,Petrol,SWE
2017,491.89,Sweden,Petrol,SWE
2017,504.25,Sweden,Petrol,SWE
2017,532.39,Sweden,Petrol,SWE
2017,536.79,Sweden,Petrol,SWE
2017,525.01,Sweden,Petrol,SWE
2017,504.7,Sweden,Petrol,SWE
2017,489.45,Sweden,Petrol,SWE
2017,504.2,Sweden,Petrol,SWE
2017,527.24,Sweden,Petrol,SWE
2017,540.21,Sweden,Petrol,SWE
2017,537.72,Sweden,Petrol,SWE
2017,544.84,Sweden,Petrol,SWE
2017,532.91,Sweden,Petrol,SWE
2017,527.68,Sweden,Petrol,SWE
2017,524.43,Sweden,Petrol,SWE
2017,540.25,Sweden,Petrol,SWE
2017,536.28,Sweden,Petrol,SWE
2017,531.44,Sweden,Petrol,SWE
2025,669.15,Slovenia,Petrol,SVN
2025,667.17,Slovenia,Petrol,SVN
2025,673.04,Slovenia,Petrol,SVN
2025,678.23,Slovenia,Petrol,SVN
2025,664.25,Slovenia,Petrol,SVN
2025,657.46,Slovenia,Petrol,SVN
2025,644.59,Slovenia,Petrol,SVN
2025,644.94,Slovenia,Petrol,SVN
2025,638.97,Slovenia,Petrol,SVN
2024,633.24,Slovenia,Petrol,SVN
2024,633.24,Slovenia,Petrol,SVN
2024,632.78,Slovenia,Petrol,SVN
2024,626.63,Slovenia,Petrol,SVN
2024,623.63,Slovenia,Petrol,SVN
2024,625.17,Slovenia,Petrol,SVN
2024,627.09,Slovenia,Petrol,SVN
2024,639.67,Slovenia,Petrol,SVN
2024,649.69,Slovenia,Petrol,SVN
2024,626.76,Slovenia,Petrol,SVN
2024,614.73,Slovenia,Petrol,SVN
2024,609.03,Slovenia,Petrol,SVN
2024,597.02,Slovenia,Petrol,SVN
2024,615.53,Slovenia,Petrol,SVN
2024,623.9,Slovenia,Petrol,SVN
2024,632.45,Slovenia,Petrol,SVN
2024,670.17,Slovenia,Petrol,SVN
2024,685.85,Slovenia,Petrol,SVN
2024,699.16,Slovenia,Petrol,SVN
2024,700.68,Slovenia,Petrol,SVN
2024,717.03,Slovenia,Petrol,SVN
2024,716.38,Slovenia,Petrol,SVN
2024,732.05,Slovenia,Petrol,SVN
2024,712.51,Slovenia,Petrol,SVN
2024,700.07,Slovenia,Petrol,SVN
2024,679.55,Slovenia,Petrol,SVN
2024,669.84,Slovenia,Petrol,SVN
2024,680.2,Slovenia,Petrol,SVN
2024,689.87,Slovenia,Petrol,SVN
2024,700.58,Slovenia,Petrol,SVN
2024,708.76,Slovenia,Petrol,SVN
2024,731.95,Slovenia,Petrol,SVN
2024,747.22,Slovenia,Petrol,SVN
2024,757.99,Slovenia,Petrol,SVN
2024,767.35,Slovenia,Petrol,SVN
2024,752.33,Slovenia,Petrol,SVN
2024,746.15,Slovenia,Petrol,SVN
2024,735.15,Slovenia,Petrol,SVN
2024,730.86,Slovenia,Petrol,SVN
2024,715.39,Slovenia,Petrol,SVN
2024,702.92,Slovenia,Petrol,SVN
2024,702.78,Slovenia,Petrol,SVN
2024,701.17,Slovenia,Petrol,SVN
2024,677.25,Slovenia,Petrol,SVN
2024,664.23,Slovenia,Petrol,SVN
2024,646.35,Slovenia,Petrol,SVN
2024,635.85,Slovenia,Petrol,SVN
2024,619.33,Slovenia,Petrol,SVN
2024,610.67,Slovenia,Petrol,SVN
2024,616.58,Slovenia,Petrol,SVN
2024,628.59,Slovenia,Petrol,SVN
2024,618.76,Slovenia,Petrol,SVN
2024,631.2,Slovenia,Petrol,SVN
2023,631.2,Slovenia,Petrol,SVN
2023,643.58,Slovenia,Petrol,SVN
2023,677.12,Slovenia,Petrol,SVN
2023,682.94,Slovenia,Petrol,SVN
2023,696.12,Slovenia,Petrol,SVN
2023,706.11,Slovenia,Petrol,SVN
2023,708.91,Slovenia,Petrol,SVN
2023,713.02,Slovenia,Petrol,SVN
2023,710.03,Slovenia,Petrol,SVN
2023,745.01,Slovenia,Petrol,SVN
2023,768.49,Slovenia,Petrol,SVN
2023,832.27,Slovenia,Petrol,SVN
2023,813.46,Slovenia,Petrol,SVN
2023,804.19,Slovenia,Petrol,SVN
2023,802.72,Slovenia,Petrol,SVN
2023,804.23,Slovenia,Petrol,SVN
2023,792.3,Slovenia,Petrol,SVN
2023,783.4,Slovenia,Petrol,SVN
2023,769.32,Slovenia,Petrol,SVN
2023,771.25,Slovenia,Petrol,SVN
2023,739.58,Slovenia,Petrol,SVN
2023,724.01,Slovenia,Petrol,SVN
2023,713.5,Slovenia,Petrol,SVN
2023,707.25,Slovenia,Petrol,SVN
2023,695.94,Slovenia,Petrol,SVN
2023,715.66,Slovenia,Petrol,SVN
2023,706.09,Slovenia,Petrol,SVN
2023,701.79,Slovenia,Petrol,SVN
2023,687.46,Slovenia,Petrol,SVN
2023,679.29,Slovenia,Petrol,SVN
2023,677.17,Slovenia,Petrol,SVN
2023,680.39,Slovenia,Petrol,SVN
2023,691.79,Slovenia,Petrol,SVN
2023,745.7,Slovenia,Petrol,SVN
2023,750.77,Slovenia,Petrol,SVN
2023,766.94,Slovenia,Petrol,SVN
2023,745.43,Slovenia,Petrol,SVN
2023,732.15,Slovenia,Petrol,SVN
2023,728.27,Slovenia,Petrol,SVN
2023,736.7,Slovenia,Petrol,SVN
2023,728.89,Slovenia,Petrol,SVN
2023,724.26,Slovenia,Petrol,SVN
2023,722.9,Slovenia,Petrol,SVN
2023,722.1,Slovenia,Petrol,SVN
2023,720.96,Slovenia,Petrol,SVN
2023,742.14,Slovenia,Petrol,SVN
2023,706.53,Slovenia,Petrol,SVN
2023,686.52,Slovenia,Petrol,SVN
2023,680.89,Slovenia,Petrol,SVN
2023,686.87,Slovenia,Petrol,SVN
2023,663.67,Slovenia,Petrol,SVN
2023,658.84,Slovenia,Petrol,SVN
2022,701.12,Slovenia,Petrol,SVN
2022,748.44,Slovenia,Petrol,SVN
2022,786.97,Slovenia,Petrol,SVN
2022,828.57,Slovenia,Petrol,SVN
2022,836.85,Slovenia,Petrol,SVN
2022,844.01,Slovenia,Petrol,SVN
2022,819.53,Slovenia,Petrol,SVN
2022,807.98,Slovenia,Petrol,SVN
2022,794.85,Slovenia,Petrol,SVN
2022,789.94,Slovenia,Petrol,SVN
2022,758.78,Slovenia,Petrol,SVN
2022,742.67,Slovenia,Petrol,SVN
2022,744.45,Slovenia,Petrol,SVN
2022,745.85,Slovenia,Petrol,SVN
2022,808.98,Slovenia,Petrol,SVN
2022,823.88,Slovenia,Petrol,SVN
2022,826.63,Slovenia,Petrol,SVN
2022,828.52,Slovenia,Petrol,SVN
2022,861.66,Slovenia,Petrol,SVN
2022,873.38,Slovenia,Petrol,SVN
2022,921.15,Slovenia,Petrol,SVN
2022,979.99,Slovenia,Petrol,SVN
2022,1024.21,Slovenia,Petrol,SVN
2022,1058.69,Slovenia,Petrol,SVN
2022,1069.31,Slovenia,Petrol,SVN
2022,1079.69,Slovenia,Petrol,SVN
2022,934.91,Slovenia,Petrol,SVN
2022,851.21,Slovenia,Petrol,SVN
2022,851.21,Slovenia,Petrol,SVN
2022,851.21,Slovenia,Petrol,SVN
2022,851.21,Slovenia,Petrol,SVN
2022,851.21,Slovenia,Petrol,SVN
2022,910.58,Slovenia,Petrol,SVN
2022,851.53,Slovenia,Petrol,SVN
2022,804.49,Slovenia,Petrol,SVN
2022,804.49,Slovenia,Petrol,SVN
2022,804.49,Slovenia,Petrol,SVN
2022,804.49,Slovenia,Petrol,SVN
2022,804.39,Slovenia,Petrol,SVN
2022,845.16,Slovenia,Petrol,SVN
2022,804.78,Slovenia,Petrol,SVN
2022,758.16,Slovenia,Petrol,SVN
2022,742.21,Slovenia,Petrol,SVN
2022,725.78,Slovenia,Petrol,SVN
2022,705.96,Slovenia,Petrol,SVN
2022,703.33,Slovenia,Petrol,SVN
2022,678.25,Slovenia,Petrol,SVN
2022,661.65,Slovenia,Petrol,SVN
2022,654.81,Slovenia,Petrol,SVN
2022,644.47,Slovenia,Petrol,SVN
2022,634.86,Slovenia,Petrol,SVN
2021,608.71,Slovenia,Petrol,SVN
2021,621.95,Slovenia,Petrol,SVN
2021,655.34,Slovenia,Petrol,SVN
2021,667.21,Slovenia,Petrol,SVN
2021,672.37,Slovenia,Petrol,SVN
2021,678.7,Slovenia,Petrol,SVN
2021,673.91,Slovenia,Petrol,SVN
2021,666.17,Slovenia,Petrol,SVN
2021,654.61,Slovenia,Petrol,SVN
2021,635.76,Slovenia,Petrol,SVN
2021,610.41,Slovenia,Petrol,SVN
2021,607.67,Slovenia,Petrol,SVN
2021,614.82,Slovenia,Petrol,SVN
2021,606.03,Slovenia,Petrol,SVN
2021,589.63,Slovenia,Petrol,SVN
2021,578.21,Slovenia,Petrol,SVN
2021,583.88,Slovenia,Petrol,SVN
2021,592.77,Slovenia,Petrol,SVN
2021,601.6,Slovenia,Petrol,SVN
2021,594.36,Slovenia,Petrol,SVN
2021,593.55,Slovenia,Petrol,SVN
2021,594.47,Slovenia,Petrol,SVN
2021,586.49,Slovenia,Petrol,SVN
2021,579.17,Slovenia,Petrol,SVN
2021,566.22,Slovenia,Petrol,SVN
2021,552.2,Slovenia,Petrol,SVN
2021,543.98,Slovenia,Petrol,SVN
2021,535.76,Slovenia,Petrol,SVN
2021,528.48,Slovenia,Petrol,SVN
2021,532.71,Slovenia,Petrol,SVN
2021,539.38,Slovenia,Petrol,SVN
2021,530.43,Slovenia,Petrol,SVN
2021,518.9,Slovenia,Petrol,SVN
2021,520.19,Slovenia,Petrol,SVN
2021,515.35,Slovenia,Petrol,SVN
2021,515.94,Slovenia,Petrol,SVN
2021,514.3,Slovenia,Petrol,SVN
2021,524.98,Slovenia,Petrol,SVN
2021,517.08,Slovenia,Petrol,SVN
2021,503.16,Slovenia,Petrol,SVN
2021,490.71,Slovenia,Petrol,SVN
2021,472.37,Slovenia,Petrol,SVN
2021,458.25,Slovenia,Petrol,SVN
2021,444.76,Slovenia,Petrol,SVN
2021,436.03,Slovenia,Petrol,SVN
2021,434.89,Slovenia,Petrol,SVN
2021,421.31,Slovenia,Petrol,SVN
2021,400.69,Slovenia,Petrol,SVN
2021,391.94,Slovenia,Petrol,SVN
2020,376.38,Slovenia,Petrol,SVN
2020,372.21,Slovenia,Petrol,SVN
2020,359.76,Slovenia,Petrol,SVN
2020,353.18,Slovenia,Petrol,SVN
2020,345.96,Slovenia,Petrol,SVN
2020,337,Slovenia,Petrol,SVN
2020,349.57,Slovenia,Petrol,SVN
2020,365.88,Slovenia,Petrol,SVN
2020,373.11,Slovenia,Petrol,SVN
2020,375.08,Slovenia,Petrol,SVN
2020,375.76,Slovenia,Petrol,SVN
2020,375.67,Slovenia,Petrol,SVN
2020,376.94,Slovenia,Petrol,SVN
2020,385.07,Slovenia,Petrol,SVN
2020,385.38,Slovenia,Petrol,SVN
2020,382.25,Slovenia,Petrol,SVN
2020,383.95,Slovenia,Petrol,SVN
2020,368.4,Slovenia,Petrol,SVN
2020,369.14,Slovenia,Petrol,SVN
2020,375.84,Slovenia,Petrol,SVN
2020,374.67,Slovenia,Petrol,SVN
2020,375.29,Slovenia,Petrol,SVN
2020,373.56,Slovenia,Petrol,SVN
2020,369.23,Slovenia,Petrol,SVN
2020,369.16,Slovenia,Petrol,SVN
2020,341.02,Slovenia,Petrol,SVN
2020,340.54,Slovenia,Petrol,SVN
2020,318.02,Slovenia,Petrol,SVN
2020,316.8,Slovenia,Petrol,SVN
2020,279.59,Slovenia,Petrol,SVN
2020,279.13,Slovenia,Petrol,SVN
2020,237.83,Slovenia,Petrol,SVN
2020,238.27,Slovenia,Petrol,SVN
2020,250.04,Slovenia,Petrol,SVN
2020,249.29,Slovenia,Petrol,SVN
2020,240.59,Slovenia,Petrol,SVN
2020,297.1,Slovenia,Petrol,SVN
2020,369.62,Slovenia,Petrol,SVN
2020,441.79,Slovenia,Petrol,SVN
2020,473.73,Slovenia,Petrol,SVN
2020,491.62,Slovenia,Petrol,SVN
2020,487.18,Slovenia,Petrol,SVN
2020,483.96,Slovenia,Petrol,SVN
2020,497.83,Slovenia,Petrol,SVN
2020,509.87,Slovenia,Petrol,SVN
2020,514.96,Slovenia,Petrol,SVN
2020,518.89,Slovenia,Petrol,SVN
2020,519.51,Slovenia,Petrol,SVN
2020,522.55,Slovenia,Petrol,SVN
2020,517.39,Slovenia,Petrol,SVN
2019,520.55,Slovenia,Petrol,SVN
2019,519.25,Slovenia,Petrol,SVN
2019,515.01,Slovenia,Petrol,SVN
2019,506.66,Slovenia,Petrol,SVN
2019,501.64,Slovenia,Petrol,SVN
2019,500.66,Slovenia,Petrol,SVN
2019,499.28,Slovenia,Petrol,SVN
2019,508.75,Slovenia,Petrol,SVN
2019,516.07,Slovenia,Petrol,SVN
2019,518.36,Slovenia,Petrol,SVN
2019,520.2,Slovenia,Petrol,SVN
2019,505.1,Slovenia,Petrol,SVN
2019,497.26,Slovenia,Petrol,SVN
2019,494.66,Slovenia,Petrol,SVN
2019,493.63,Slovenia,Petrol,SVN
2019,508.28,Slovenia,Petrol,SVN
2019,518.57,Slovenia,Petrol,SVN
2019,533.05,Slovenia,Petrol,SVN
2019,543.05,Slovenia,Petrol,SVN
2019,543.87,Slovenia,Petrol,SVN
2019,544.39,Slovenia,Petrol,SVN
2019,526.98,Slovenia,Petrol,SVN
2019,515.21,Slovenia,Petrol,SVN
2019,507.69,Slovenia,Petrol,SVN
2019,504.56,Slovenia,Petrol,SVN
2019,529.03,Slovenia,Petrol,SVN
2019,548.75,Slovenia,Petrol,SVN
2019,549.16,Slovenia,Petrol,SVN
2019,551.16,Slovenia,Petrol,SVN
2019,558.43,Slovenia,Petrol,SVN
2019,567.16,Slovenia,Petrol,SVN
2019,564.12,Slovenia,Petrol,SVN
2019,564.36,Slovenia,Petrol,SVN
2019,548.3,Slovenia,Petrol,SVN
2019,525.96,Slovenia,Petrol,SVN
2019,516.2,Slovenia,Petrol,SVN
2019,502.67,Slovenia,Petrol,SVN
2019,493.84,Slovenia,Petrol,SVN
2019,483.51,Slovenia,Petrol,SVN
2019,477.17,Slovenia,Petrol,SVN
2019,457.94,Slovenia,Petrol,SVN
2019,444.36,Slovenia,Petrol,SVN
2019,444.71,Slovenia,Petrol,SVN
2019,447.75,Slovenia,Petrol,SVN
2019,438.78,Slovenia,Petrol,SVN
2019,434.23,Slovenia,Petrol,SVN
2019,428.7,Slovenia,Petrol,SVN
2019,426.95,Slovenia,Petrol,SVN
2019,446.84,Slovenia,Petrol,SVN
2018,460.19,Slovenia,Petrol,SVN
2018,478.65,Slovenia,Petrol,SVN
2018,495.48,Slovenia,Petrol,SVN
2018,519.57,Slovenia,Petrol,SVN
2018,536.07,Slovenia,Petrol,SVN
2018,549.81,Slovenia,Petrol,SVN
2018,559.55,Slovenia,Petrol,SVN
2018,571.17,Slovenia,Petrol,SVN
2018,581.62,Slovenia,Petrol,SVN
2018,565.78,Slovenia,Petrol,SVN
2018,556.19,Slovenia,Petrol,SVN
2018,562.66,Slovenia,Petrol,SVN
2018,566.91,Slovenia,Petrol,SVN
2018,562.93,Slovenia,Petrol,SVN
2018,561.29,Slovenia,Petrol,SVN
2018,561.53,Slovenia,Petrol,SVN
2018,561.58,Slovenia,Petrol,SVN
2018,556.77,Slovenia,Petrol,SVN
2018,554.26,Slovenia,Petrol,SVN
2018,560.48,Slovenia,Petrol,SVN
2018,562.83,Slovenia,Petrol,SVN
2018,557.68,Slovenia,Petrol,SVN
2018,555.66,Slovenia,Petrol,SVN
2018,555.1,Slovenia,Petrol,SVN
2018,555.15,Slovenia,Petrol,SVN
2018,563.98,Slovenia,Petrol,SVN
2018,571.56,Slovenia,Petrol,SVN
2018,566.63,Slovenia,Petrol,SVN
2018,561.62,Slovenia,Petrol,SVN
2018,561.57,Slovenia,Petrol,SVN
2018,531.34,Slovenia,Petrol,SVN
2018,520.08,Slovenia,Petrol,SVN
2018,513.83,Slovenia,Petrol,SVN
2018,502.99,Slovenia,Petrol,SVN
2018,498.97,Slovenia,Petrol,SVN
2018,493.89,Slovenia,Petrol,SVN
2018,489.54,Slovenia,Petrol,SVN
2018,474.11,Slovenia,Petrol,SVN
2018,469.9,Slovenia,Petrol,SVN
2018,467.31,Slovenia,Petrol,SVN
2018,480.01,Slovenia,Petrol,SVN
2018,490.14,Slovenia,Petrol,SVN
2018,496.38,Slovenia,Petrol,SVN
2018,504.73,Slovenia,Petrol,SVN
2018,498.24,Slovenia,Petrol,SVN
2018,495.52,Slovenia,Petrol,SVN
2018,492.49,Slovenia,Petrol,SVN
2018,490.49,Slovenia,Petrol,SVN
2018,481.64,Slovenia,Petrol,SVN
2018,480.19,Slovenia,Petrol,SVN
2017,480.19,Slovenia,Petrol,SVN
2017,485.3,Slovenia,Petrol,SVN
2017,489.33,Slovenia,Petrol,SVN
2017,479.62,Slovenia,Petrol,SVN
2017,472.84,Slovenia,Petrol,SVN
2017,464.44,Slovenia,Petrol,SVN
2017,456.92,Slovenia,Petrol,SVN
2017,458.42,Slovenia,Petrol,SVN
2017,460.44,Slovenia,Petrol,SVN
2017,463.44,Slovenia,Petrol,SVN
2017,465.56,Slovenia,Petrol,SVN
2017,469.74,Slovenia,Petrol,SVN
2017,470.25,Slovenia,Petrol,SVN
2017,463.71,Slovenia,Petrol,SVN
2017,451.28,Slovenia,Petrol,SVN
2017,452.64,Slovenia,Petrol,SVN
2017,453.83,Slovenia,Petrol,SVN
2017,448.11,Slovenia,Petrol,SVN
2017,443.74,Slovenia,Petrol,SVN
2017,438.02,Slovenia,Petrol,SVN
2017,434.95,Slovenia,Petrol,SVN
2017,430.87,Slovenia,Petrol,SVN
2017,428.88,Slovenia,Petrol,SVN
2017,422.65,Slovenia,Petrol,SVN
2017,419.93,Slovenia,Petrol,SVN
2017,436.82,Slovenia,Petrol,SVN
2017,449.24,Slovenia,Petrol,SVN
2017,448.2,Slovenia,Petrol,SVN
2017,449.46,Slovenia,Petrol,SVN
2017,449.63,Slovenia,Petrol,SVN
2017,451.52,Slovenia,Petrol,SVN
2017,474.79,Slovenia,Petrol,SVN
2017,495.87,Slovenia,Petrol,SVN
2017,483.48,Slovenia,Petrol,SVN
2017,474.99,Slovenia,Petrol,SVN
2017,452.56,Slovenia,Petrol,SVN
2017,460.67,Slovenia,Petrol,SVN
2017,469.32,Slovenia,Petrol,SVN
2017,481.2,Slovenia,Petrol,SVN
2017,491.42,Slovenia,Petrol,SVN
2017,489.19,Slovenia,Petrol,SVN
2017,487.28,Slovenia,Petrol,SVN
2017,487.6,Slovenia,Petrol,SVN
2017,486.32,Slovenia,Petrol,SVN
2017,485.97,Slovenia,Petrol,SVN
2017,487.36,Slovenia,Petrol,SVN
2017,489.65,Slovenia,Petrol,SVN
2017,490.87,Slovenia,Petrol,SVN
2017,472.66,Slovenia,Petrol,SVN
2017,477.64,Slovenia,Petrol,SVN
2025,725.21,Slovakia,Petrol,SVK
2025,736.59,Slovakia,Petrol,SVK
2025,735.78,Slovakia,Petrol,SVK
2025,736.59,Slovakia,Petrol,SVK
2025,738.22,Slovakia,Petrol,SVK
2025,756.92,Slovakia,Petrol,SVK
2025,742.28,Slovakia,Petrol,SVK
2025,717.08,Slovakia,Petrol,SVK
2025,715.46,Slovakia,Petrol,SVK
2024,716.35,Slovakia,Petrol,SVK
2024,716.35,Slovakia,Petrol,SVK
2024,700.52,Slovakia,Petrol,SVK
2024,702.18,Slovakia,Petrol,SVK
2024,713.85,Slovakia,Petrol,SVK
2024,699.68,Slovakia,Petrol,SVK
2024,699.68,Slovakia,Petrol,SVK
2024,693.02,Slovakia,Petrol,SVK
2024,695.52,Slovakia,Petrol,SVK
2024,709.68,Slovakia,Petrol,SVK
2024,711.35,Slovakia,Petrol,SVK
2024,692.18,Slovakia,Petrol,SVK
2024,677.18,Slovakia,Petrol,SVK
2024,675.52,Slovakia,Petrol,SVK
2024,677.18,Slovakia,Petrol,SVK
2024,677.18,Slovakia,Petrol,SVK
2024,709.68,Slovakia,Petrol,SVK
2024,720.52,Slovakia,Petrol,SVK
2024,737.18,Slovakia,Petrol,SVK
2024,753.02,Slovakia,Petrol,SVK
2024,756.35,Slovakia,Petrol,SVK
2024,762.18,Slovakia,Petrol,SVK
2024,773.02,Slovakia,Petrol,SVK
2024,777.18,Slovakia,Petrol,SVK
2024,790.52,Slovakia,Petrol,SVK
2024,799.68,Slovakia,Petrol,SVK
2024,798.02,Slovakia,Petrol,SVK
2024,778.85,Slovakia,Petrol,SVK
2024,763.02,Slovakia,Petrol,SVK
2024,760.52,Slovakia,Petrol,SVK
2024,788.02,Slovakia,Petrol,SVK
2024,796.35,Slovakia,Petrol,SVK
2024,798.02,Slovakia,Petrol,SVK
2024,805.52,Slovakia,Petrol,SVK
2024,829.68,Slovakia,Petrol,SVK
2024,828.85,Slovakia,Petrol,SVK
2024,858.02,Slovakia,Petrol,SVK
2024,859.68,Slovakia,Petrol,SVK
2024,846.35,Slovakia,Petrol,SVK
2024,825.52,Slovakia,Petrol,SVK
2024,808.85,Slovakia,Petrol,SVK
2024,785.52,Slovakia,Petrol,SVK
2024,799.68,Slovakia,Petrol,SVK
2024,798.85,Slovakia,Petrol,SVK
2024,799.68,Slovakia,Petrol,SVK
2024,798.02,Slovakia,Petrol,SVK
2024,781.35,Slovakia,Petrol,SVK
2024,781.35,Slovakia,Petrol,SVK
2024,768.85,Slovakia,Petrol,SVK
2024,748.85,Slovakia,Petrol,SVK
2024,728.85,Slovakia,Petrol,SVK
2024,750.52,Slovakia,Petrol,SVK
2024,748.85,Slovakia,Petrol,SVK
2023,730.52,Slovakia,Petrol,SVK
2023,716.35,Slovakia,Petrol,SVK
2023,734.68,Slovakia,Petrol,SVK
2023,760.52,Slovakia,Petrol,SVK
2023,763.02,Slovakia,Petrol,SVK
2023,776.35,Slovakia,Petrol,SVK
2023,778.85,Slovakia,Petrol,SVK
2023,829.68,Slovakia,Petrol,SVK
2023,830.52,Slovakia,Petrol,SVK
2023,794.68,Slovakia,Petrol,SVK
2023,801.35,Slovakia,Petrol,SVK
2023,823.85,Slovakia,Petrol,SVK
2023,876.35,Slovakia,Petrol,SVK
2023,889.68,Slovakia,Petrol,SVK
2023,882.18,Slovakia,Petrol,SVK
2023,864.68,Slovakia,Petrol,SVK
2023,888.85,Slovakia,Petrol,SVK
2023,886.35,Slovakia,Petrol,SVK
2023,873.85,Slovakia,Petrol,SVK
2023,863.85,Slovakia,Petrol,SVK
2023,875.52,Slovakia,Petrol,SVK
2023,828.85,Slovakia,Petrol,SVK
2023,780.52,Slovakia,Petrol,SVK
2023,778.85,Slovakia,Petrol,SVK
2023,761.35,Slovakia,Petrol,SVK
2023,768.02,Slovakia,Petrol,SVK
2023,780.52,Slovakia,Petrol,SVK
2023,773.02,Slovakia,Petrol,SVK
2023,776.35,Slovakia,Petrol,SVK
2023,777.18,Slovakia,Petrol,SVK
2023,780.52,Slovakia,Petrol,SVK
2023,760.52,Slovakia,Petrol,SVK
2023,727.18,Slovakia,Petrol,SVK
2023,733.02,Slovakia,Petrol,SVK
2023,758.02,Slovakia,Petrol,SVK
2023,773.85,Slovakia,Petrol,SVK
2023,793.85,Slovakia,Petrol,SVK
2023,790.52,Slovakia,Petrol,SVK
2023,733.02,Slovakia,Petrol,SVK
2023,713.02,Slovakia,Petrol,SVK
2023,715.52,Slovakia,Petrol,SVK
2023,758.02,Slovakia,Petrol,SVK
2023,759.68,Slovakia,Petrol,SVK
2023,759.68,Slovakia,Petrol,SVK
2023,763.85,Slovakia,Petrol,SVK
2023,764.68,Slovakia,Petrol,SVK
2023,788.02,Slovakia,Petrol,SVK
2023,771.35,Slovakia,Petrol,SVK
2023,722.18,Slovakia,Petrol,SVK
2023,697.18,Slovakia,Petrol,SVK
2023,698.85,Slovakia,Petrol,SVK
2023,693.85,Slovakia,Petrol,SVK
2022,695.52,Slovakia,Petrol,SVK
2022,698.02,Slovakia,Petrol,SVK
2022,723.85,Slovakia,Petrol,SVK
2022,770.52,Slovakia,Petrol,SVK
2022,801.35,Slovakia,Petrol,SVK
2022,848.02,Slovakia,Petrol,SVK
2022,893.85,Slovakia,Petrol,SVK
2022,893.02,Slovakia,Petrol,SVK
2022,894.68,Slovakia,Petrol,SVK
2022,902.18,Slovakia,Petrol,SVK
2022,880.52,Slovakia,Petrol,SVK
2022,841.35,Slovakia,Petrol,SVK
2022,822.18,Slovakia,Petrol,SVK
2022,821.35,Slovakia,Petrol,SVK
2022,824.68,Slovakia,Petrol,SVK
2022,853.02,Slovakia,Petrol,SVK
2022,897.18,Slovakia,Petrol,SVK
2022,897.18,Slovakia,Petrol,SVK
2022,898.02,Slovakia,Petrol,SVK
2022,901.35,Slovakia,Petrol,SVK
2022,943.02,Slovakia,Petrol,SVK
2022,980.52,Slovakia,Petrol,SVK
2022,983.85,Slovakia,Petrol,SVK
2022,1024.68,Slovakia,Petrol,SVK
2022,1048.85,Slovakia,Petrol,SVK
2022,1078.02,Slovakia,Petrol,SVK
2022,1051.35,Slovakia,Petrol,SVK
2022,1050.52,Slovakia,Petrol,SVK
2022,1049.68,Slovakia,Petrol,SVK
2022,999.68,Slovakia,Petrol,SVK
2022,978.85,Slovakia,Petrol,SVK
2022,956.35,Slovakia,Petrol,SVK
2022,937.18,Slovakia,Petrol,SVK
2022,936.35,Slovakia,Petrol,SVK
2022,890.52,Slovakia,Petrol,SVK
2022,871.35,Slovakia,Petrol,SVK
2022,901.35,Slovakia,Petrol,SVK
2022,921.35,Slovakia,Petrol,SVK
2022,873.85,Slovakia,Petrol,SVK
2022,873.02,Slovakia,Petrol,SVK
2022,822.18,Slovakia,Petrol,SVK
2022,768.02,Slovakia,Petrol,SVK
2022,760.52,Slovakia,Petrol,SVK
2022,754.68,Slovakia,Petrol,SVK
2022,738.02,Slovakia,Petrol,SVK
2022,720.52,Slovakia,Petrol,SVK
2022,720.52,Slovakia,Petrol,SVK
2022,705.52,Slovakia,Petrol,SVK
2022,688.85,Slovakia,Petrol,SVK
2022,674.68,Slovakia,Petrol,SVK
2022,670.52,Slovakia,Petrol,SVK
2021,677.18,Slovakia,Petrol,SVK
2021,683.85,Slovakia,Petrol,SVK
2021,694.68,Slovakia,Petrol,SVK
2021,706.35,Slovakia,Petrol,SVK
2021,705.52,Slovakia,Petrol,SVK
2021,706.35,Slovakia,Petrol,SVK
2021,704.68,Slovakia,Petrol,SVK
2021,705.52,Slovakia,Petrol,SVK
2021,704.68,Slovakia,Petrol,SVK
2021,685.52,Slovakia,Petrol,SVK
2021,663.85,Slovakia,Petrol,SVK
2021,647.18,Slovakia,Petrol,SVK
2021,647.18,Slovakia,Petrol,SVK
2021,639.68,Slovakia,Petrol,SVK
2021,638.85,Slovakia,Petrol,SVK
2021,637.18,Slovakia,Petrol,SVK
2021,628.02,Slovakia,Petrol,SVK
2021,630.52,Slovakia,Petrol,SVK
2021,643.02,Slovakia,Petrol,SVK
2021,651.35,Slovakia,Petrol,SVK
2021,634.68,Slovakia,Petrol,SVK
2021,634.68,Slovakia,Petrol,SVK
2021,634.68,Slovakia,Petrol,SVK
2021,634.68,Slovakia,Petrol,SVK
2021,618.85,Slovakia,Petrol,SVK
2021,601.35,Slovakia,Petrol,SVK
2021,593.02,Slovakia,Petrol,SVK
2021,586.35,Slovakia,Petrol,SVK
2021,585.52,Slovakia,Petrol,SVK
2021,586.35,Slovakia,Petrol,SVK
2021,585.52,Slovakia,Petrol,SVK
2021,586.35,Slovakia,Petrol,SVK
2021,584.68,Slovakia,Petrol,SVK
2021,585.52,Slovakia,Petrol,SVK
2021,583.85,Slovakia,Petrol,SVK
2021,583.85,Slovakia,Petrol,SVK
2021,583.85,Slovakia,Petrol,SVK
2021,568.85,Slovakia,Petrol,SVK
2021,568.02,Slovakia,Petrol,SVK
2021,568.02,Slovakia,Petrol,SVK
2021,567.18,Slovakia,Petrol,SVK
2021,549.68,Slovakia,Petrol,SVK
2021,533.02,Slovakia,Petrol,SVK
2021,517.18,Slovakia,Petrol,SVK
2021,519.68,Slovakia,Petrol,SVK
2021,500.52,Slovakia,Petrol,SVK
2021,488.02,Slovakia,Petrol,SVK
2021,471.35,Slovakia,Petrol,SVK
2021,455.52,Slovakia,Petrol,SVK
2020,451.35,Slovakia,Petrol,SVK
2020,438.85,Slovakia,Petrol,SVK
2020,438.02,Slovakia,Petrol,SVK
2020,426.35,Slovakia,Petrol,SVK
2020,426.35,Slovakia,Petrol,SVK
2020,425.52,Slovakia,Petrol,SVK
2020,426.35,Slovakia,Petrol,SVK
2020,428.85,Slovakia,Petrol,SVK
2020,438.02,Slovakia,Petrol,SVK
2020,438.02,Slovakia,Petrol,SVK
2020,435.52,Slovakia,Petrol,SVK
2020,426.35,Slovakia,Petrol,SVK
2020,410.52,Slovakia,Petrol,SVK
2020,410.52,Slovakia,Petrol,SVK
2020,412.18,Slovakia,Petrol,SVK
2020,419.68,Slovakia,Petrol,SVK
2020,419.68,Slovakia,Petrol,SVK
2020,420.52,Slovakia,Petrol,SVK
2020,420.52,Slovakia,Petrol,SVK
2020,419.68,Slovakia,Petrol,SVK
2020,423.02,Slovakia,Petrol,SVK
2020,434.68,Slovakia,Petrol,SVK
2020,435.52,Slovakia,Petrol,SVK
2020,434.68,Slovakia,Petrol,SVK
2020,427.18,Slovakia,Petrol,SVK
2020,364.68,Slovakia,Petrol,SVK
2020,398.02,Slovakia,Petrol,SVK
2020,384.68,Slovakia,Petrol,SVK
2020,368.85,Slovakia,Petrol,SVK
2020,368.02,Slovakia,Petrol,SVK
2020,353.02,Slovakia,Petrol,SVK
2020,351.35,Slovakia,Petrol,SVK
2020,353.02,Slovakia,Petrol,SVK
2020,356.35,Slovakia,Petrol,SVK
2020,373.85,Slovakia,Petrol,SVK
2020,377.18,Slovakia,Petrol,SVK
2020,403.02,Slovakia,Petrol,SVK
2020,419.68,Slovakia,Petrol,SVK
2020,458.85,Slovakia,Petrol,SVK
2020,489.68,Slovakia,Petrol,SVK
2020,515.52,Slovakia,Petrol,SVK
2020,534.68,Slovakia,Petrol,SVK
2020,528.02,Slovakia,Petrol,SVK
2020,529.68,Slovakia,Petrol,SVK
2020,532.18,Slovakia,Petrol,SVK
2020,550.52,Slovakia,Petrol,SVK
2020,561.35,Slovakia,Petrol,SVK
2020,563.85,Slovakia,Petrol,SVK
2020,573.02,Slovakia,Petrol,SVK
2020,573.85,Slovakia,Petrol,SVK
2019,559.68,Slovakia,Petrol,SVK
2019,559.68,Slovakia,Petrol,SVK
2019,561.35,Slovakia,Petrol,SVK
2019,561.35,Slovakia,Petrol,SVK
2019,559.68,Slovakia,Petrol,SVK
2019,553.85,Slovakia,Petrol,SVK
2019,552.18,Slovakia,Petrol,SVK
2019,553.02,Slovakia,Petrol,SVK
2019,552.18,Slovakia,Petrol,SVK
2019,557.18,Slovakia,Petrol,SVK
2019,563.02,Slovakia,Petrol,SVK
2019,568.02,Slovakia,Petrol,SVK
2019,557.18,Slovakia,Petrol,SVK
2019,558.02,Slovakia,Petrol,SVK
2019,568.02,Slovakia,Petrol,SVK
2019,557.18,Slovakia,Petrol,SVK
2019,557.18,Slovakia,Petrol,SVK
2019,561.35,Slovakia,Petrol,SVK
2019,573.85,Slovakia,Petrol,SVK
2019,595.52,Slovakia,Petrol,SVK
2019,593.85,Slovakia,Petrol,SVK
2019,594.68,Slovakia,Petrol,SVK
2019,581.35,Slovakia,Petrol,SVK
2019,582.18,Slovakia,Petrol,SVK
2019,563.85,Slovakia,Petrol,SVK
2019,559.68,Slovakia,Petrol,SVK
2019,576.35,Slovakia,Petrol,SVK
2019,596.35,Slovakia,Petrol,SVK
2019,635.52,Slovakia,Petrol,SVK
2019,646.35,Slovakia,Petrol,SVK
2019,627.18,Slovakia,Petrol,SVK
2019,626.35,Slovakia,Petrol,SVK
2019,632.18,Slovakia,Petrol,SVK
2019,613.85,Slovakia,Petrol,SVK
2019,597.18,Slovakia,Petrol,SVK
2019,576.35,Slovakia,Petrol,SVK
2019,558.02,Slovakia,Petrol,SVK
2019,540.52,Slovakia,Petrol,SVK
2019,536.35,Slovakia,Petrol,SVK
2019,534.68,Slovakia,Petrol,SVK
2019,533.02,Slovakia,Petrol,SVK
2019,513.85,Slovakia,Petrol,SVK
2019,497.18,Slovakia,Petrol,SVK
2019,487.18,Slovakia,Petrol,SVK
2019,486.35,Slovakia,Petrol,SVK
2019,497.18,Slovakia,Petrol,SVK
2019,498.02,Slovakia,Petrol,SVK
2019,479.68,Slovakia,Petrol,SVK
2019,483.85,Slovakia,Petrol,SVK
2018,503.85,Slovakia,Petrol,SVK
2018,506.35,Slovakia,Petrol,SVK
2018,512.18,Slovakia,Petrol,SVK
2018,546.35,Slovakia,Petrol,SVK
2018,568.02,Slovakia,Petrol,SVK
2018,585.52,Slovakia,Petrol,SVK
2018,615.52,Slovakia,Petrol,SVK
2018,615.52,Slovakia,Petrol,SVK
2018,618.02,Slovakia,Petrol,SVK
2018,643.02,Slovakia,Petrol,SVK
2018,629.68,Slovakia,Petrol,SVK
2018,629.68,Slovakia,Petrol,SVK
2018,630.52,Slovakia,Petrol,SVK
2018,640.52,Slovakia,Petrol,SVK
2018,658.85,Slovakia,Petrol,SVK
2018,651.35,Slovakia,Petrol,SVK
2018,635.52,Slovakia,Petrol,SVK
2018,633.85,Slovakia,Petrol,SVK
2018,635.52,Slovakia,Petrol,SVK
2018,623.02,Slovakia,Petrol,SVK
2018,602.18,Slovakia,Petrol,SVK
2018,609.68,Slovakia,Petrol,SVK
2018,620.52,Slovakia,Petrol,SVK
2018,634.68,Slovakia,Petrol,SVK
2018,619.68,Slovakia,Petrol,SVK
2018,620.52,Slovakia,Petrol,SVK
2018,619.68,Slovakia,Petrol,SVK
2018,637.18,Slovakia,Petrol,SVK
2018,654.68,Slovakia,Petrol,SVK
2018,637.18,Slovakia,Petrol,SVK
2018,617.18,Slovakia,Petrol,SVK
2018,597.18,Slovakia,Petrol,SVK
2018,595.52,Slovakia,Petrol,SVK
2018,584.68,Slovakia,Petrol,SVK
2018,557.18,Slovakia,Petrol,SVK
2018,571.35,Slovakia,Petrol,SVK
2018,585.52,Slovakia,Petrol,SVK
2018,549.68,Slovakia,Petrol,SVK
2018,533.85,Slovakia,Petrol,SVK
2018,537.18,Slovakia,Petrol,SVK
2018,547.18,Slovakia,Petrol,SVK
2018,533.02,Slovakia,Petrol,SVK
2018,534.68,Slovakia,Petrol,SVK
2018,559.68,Slovakia,Petrol,SVK
2018,573.85,Slovakia,Petrol,SVK
2018,527.33,Slovakia,Petrol,SVK
2018,528.16,Slovakia,Petrol,SVK
2018,518.16,Slovakia,Petrol,SVK
2018,506.5,Slovakia,Petrol,SVK
2018,507.33,Slovakia,Petrol,SVK
2017,505.66,Slovakia,Petrol,SVK
2017,506.5,Slovakia,Petrol,SVK
2017,502.33,Slovakia,Petrol,SVK
2017,504.83,Slovakia,Petrol,SVK
2017,528.16,Slovakia,Petrol,SVK
2017,525.66,Slovakia,Petrol,SVK
2017,500.66,Slovakia,Petrol,SVK
2017,475.66,Slovakia,Petrol,SVK
2017,479,Slovakia,Petrol,SVK
2017,471.5,Slovakia,Petrol,SVK
2017,474,Slovakia,Petrol,SVK
2017,482.33,Slovakia,Petrol,SVK
2017,496.5,Slovakia,Petrol,SVK
2017,511.5,Slovakia,Petrol,SVK
2017,490.66,Slovakia,Petrol,SVK
2017,475.66,Slovakia,Petrol,SVK
2017,454.83,Slovakia,Petrol,SVK
2017,460.66,Slovakia,Petrol,SVK
2017,479,Slovakia,Petrol,SVK
2017,469.83,Slovakia,Petrol,SVK
2017,468.16,Slovakia,Petrol,SVK
2017,454,Slovakia,Petrol,SVK
2017,454.83,Slovakia,Petrol,SVK
2017,453.16,Slovakia,Petrol,SVK
2017,449.83,Slovakia,Petrol,SVK
2017,449,Slovakia,Petrol,SVK
2017,452.33,Slovakia,Petrol,SVK
2017,463.16,Slovakia,Petrol,SVK
2017,475.66,Slovakia,Petrol,SVK
2017,482.33,Slovakia,Petrol,SVK
2017,484,Slovakia,Petrol,SVK
2017,485.66,Slovakia,Petrol,SVK
2017,504.83,Slovakia,Petrol,SVK
2017,514,Slovakia,Petrol,SVK
2017,529,Slovakia,Petrol,SVK
2017,487.33,Slovakia,Petrol,SVK
2017,476.5,Slovakia,Petrol,SVK
2017,480.66,Slovakia,Petrol,SVK
2017,494,Slovakia,Petrol,SVK
2017,509,Slovakia,Petrol,SVK
2017,519,Slovakia,Petrol,SVK
2017,529,Slovakia,Petrol,SVK
2017,529,Slovakia,Petrol,SVK
2017,516.5,Slovakia,Petrol,SVK
2017,516.5,Slovakia,Petrol,SVK
2017,515.66,Slovakia,Petrol,SVK
2017,514,Slovakia,Petrol,SVK
2017,513.16,Slovakia,Petrol,SVK
2017,513.16,Slovakia,Petrol,SVK
2017,513.16,Slovakia,Petrol,SVK
2020,408.36,United Kingdom,Petrol,GBR
2020,406.8,United Kingdom,Petrol,GBR
2020,398.56,United Kingdom,Petrol,GBR
2020,399.43,United Kingdom,Petrol,GBR
2020,402.01,United Kingdom,Petrol,GBR
2020,397.15,United Kingdom,Petrol,GBR
2020,396.76,United Kingdom,Petrol,GBR
2020,403.15,United Kingdom,Petrol,GBR
2020,400.39,United Kingdom,Petrol,GBR
2020,401.45,United Kingdom,Petrol,GBR
2020,401.47,United Kingdom,Petrol,GBR
2020,401.22,United Kingdom,Petrol,GBR
2020,402.97,United Kingdom,Petrol,GBR
2020,398.13,United Kingdom,Petrol,GBR
2020,395.78,United Kingdom,Petrol,GBR
2020,406.57,United Kingdom,Petrol,GBR
2020,406.9,United Kingdom,Petrol,GBR
2020,403.66,United Kingdom,Petrol,GBR
2020,399.98,United Kingdom,Petrol,GBR
2020,401.87,United Kingdom,Petrol,GBR
2020,401.55,United Kingdom,Petrol,GBR
2020,393.44,United Kingdom,Petrol,GBR
2020,392.77,United Kingdom,Petrol,GBR
2020,386.34,United Kingdom,Petrol,GBR
2020,367.27,United Kingdom,Petrol,GBR
2020,352.92,United Kingdom,Petrol,GBR
2020,346.76,United Kingdom,Petrol,GBR
2020,342.41,United Kingdom,Petrol,GBR
2020,338.25,United Kingdom,Petrol,GBR
2020,331.14,United Kingdom,Petrol,GBR
2020,328.89,United Kingdom,Petrol,GBR
2020,332.33,United Kingdom,Petrol,GBR
2020,359.54,United Kingdom,Petrol,GBR
2020,360.41,United Kingdom,Petrol,GBR
2020,366.09,United Kingdom,Petrol,GBR
2020,372.98,United Kingdom,Petrol,GBR
2020,386.24,United Kingdom,Petrol,GBR
2020,402.26,United Kingdom,Petrol,GBR
2020,449.11,United Kingdom,Petrol,GBR
2020,465.51,United Kingdom,Petrol,GBR
2020,502.61,United Kingdom,Petrol,GBR
2020,505.96,United Kingdom,Petrol,GBR
2020,535.85,United Kingdom,Petrol,GBR
2020,543.18,United Kingdom,Petrol,GBR
2020,543.45,United Kingdom,Petrol,GBR
2020,553.5,United Kingdom,Petrol,GBR
2020,570.92,United Kingdom,Petrol,GBR
2020,563.25,United Kingdom,Petrol,GBR
2020,559.96,United Kingdom,Petrol,GBR
2020,552.98,United Kingdom,Petrol,GBR
2019,547.36,United Kingdom,Petrol,GBR
2019,546.43,United Kingdom,Petrol,GBR
2019,540.46,United Kingdom,Petrol,GBR
2019,543.57,United Kingdom,Petrol,GBR
2019,547.31,United Kingdom,Petrol,GBR
2019,544.79,United Kingdom,Petrol,GBR
2019,540.5,United Kingdom,Petrol,GBR
2019,542.76,United Kingdom,Petrol,GBR
2019,551.44,United Kingdom,Petrol,GBR
2019,543.34,United Kingdom,Petrol,GBR
2019,535.85,United Kingdom,Petrol,GBR
2019,539.89,United Kingdom,Petrol,GBR
2019,539.93,United Kingdom,Petrol,GBR
2019,540.22,United Kingdom,Petrol,GBR
2019,543.72,United Kingdom,Petrol,GBR
2019,535.16,United Kingdom,Petrol,GBR
2019,538.51,United Kingdom,Petrol,GBR
2019,533.45,United Kingdom,Petrol,GBR
2019,529.26,United Kingdom,Petrol,GBR
2019,533.58,United Kingdom,Petrol,GBR
2019,538.96,United Kingdom,Petrol,GBR
2019,539.71,United Kingdom,Petrol,GBR
2019,533.98,United Kingdom,Petrol,GBR
2019,532.99,United Kingdom,Petrol,GBR
2019,528.95,United Kingdom,Petrol,GBR
2019,532.67,United Kingdom,Petrol,GBR
2019,542.93,United Kingdom,Petrol,GBR
2019,554.13,United Kingdom,Petrol,GBR
2019,562.97,United Kingdom,Petrol,GBR
2019,562.98,United Kingdom,Petrol,GBR
2019,560.84,United Kingdom,Petrol,GBR
2019,563.89,United Kingdom,Petrol,GBR
2019,565.08,United Kingdom,Petrol,GBR
2019,548.42,United Kingdom,Petrol,GBR
2019,526.39,United Kingdom,Petrol,GBR
2019,514.46,United Kingdom,Petrol,GBR
2019,507.48,United Kingdom,Petrol,GBR
2019,499.14,United Kingdom,Petrol,GBR
2019,495.52,United Kingdom,Petrol,GBR
2019,488.6,United Kingdom,Petrol,GBR
2019,487.52,United Kingdom,Petrol,GBR
2019,476.83,United Kingdom,Petrol,GBR
2019,470.86,United Kingdom,Petrol,GBR
2019,470.12,United Kingdom,Petrol,GBR
2019,471.29,United Kingdom,Petrol,GBR
2019,477.13,United Kingdom,Petrol,GBR
2019,467.9,United Kingdom,Petrol,GBR
2019,466.65,United Kingdom,Petrol,GBR
2019,471.23,United Kingdom,Petrol,GBR
2018,477.28,United Kingdom,Petrol,GBR
2018,487.82,United Kingdom,Petrol,GBR
2018,511.88,United Kingdom,Petrol,GBR
2018,529.84,United Kingdom,Petrol,GBR
2018,543.83,United Kingdom,Petrol,GBR
2018,565.27,United Kingdom,Petrol,GBR
2018,576.59,United Kingdom,Petrol,GBR
2018,573.49,United Kingdom,Petrol,GBR
2018,579.03,United Kingdom,Petrol,GBR
2018,579.92,United Kingdom,Petrol,GBR
2018,573.87,United Kingdom,Petrol,GBR
2018,565.39,United Kingdom,Petrol,GBR
2018,568.69,United Kingdom,Petrol,GBR
2018,572.44,United Kingdom,Petrol,GBR
2018,566.2,United Kingdom,Petrol,GBR
2018,556.6,United Kingdom,Petrol,GBR
2018,550,United Kingdom,Petrol,GBR
2018,551.8,United Kingdom,Petrol,GBR
2018,549.02,United Kingdom,Petrol,GBR
2018,545.89,United Kingdom,Petrol,GBR
2018,542.63,United Kingdom,Petrol,GBR
2018,541.7,United Kingdom,Petrol,GBR
2018,546.92,United Kingdom,Petrol,GBR
2018,541.75,United Kingdom,Petrol,GBR
2018,535.83,United Kingdom,Petrol,GBR
2018,545.56,United Kingdom,Petrol,GBR
2018,555.06,United Kingdom,Petrol,GBR
2018,558.2,United Kingdom,Petrol,GBR
2018,559.75,United Kingdom,Petrol,GBR
2018,552.93,United Kingdom,Petrol,GBR
2018,536.15,United Kingdom,Petrol,GBR
2018,517.35,United Kingdom,Petrol,GBR
2018,508.71,United Kingdom,Petrol,GBR
2018,499.08,United Kingdom,Petrol,GBR
2018,493.53,United Kingdom,Petrol,GBR
2018,491.75,United Kingdom,Petrol,GBR
2018,482.48,United Kingdom,Petrol,GBR
2018,474.56,United Kingdom,Petrol,GBR
2018,472.13,United Kingdom,Petrol,GBR
2018,466.29,United Kingdom,Petrol,GBR
2018,465.41,United Kingdom,Petrol,GBR
2018,474.56,United Kingdom,Petrol,GBR
2018,479.52,United Kingdom,Petrol,GBR
2018,489.5,United Kingdom,Petrol,GBR
2018,491.02,United Kingdom,Petrol,GBR
2018,494.22,United Kingdom,Petrol,GBR
2018,491.55,United Kingdom,Petrol,GBR
2018,481.25,United Kingdom,Petrol,GBR
2018,480.53,United Kingdom,Petrol,GBR
2018,475.68,United Kingdom,Petrol,GBR
2017,476.51,United Kingdom,Petrol,GBR
2017,475.6,United Kingdom,Petrol,GBR
2017,477.01,United Kingdom,Petrol,GBR
2017,471.69,United Kingdom,Petrol,GBR
2017,469.71,United Kingdom,Petrol,GBR
2017,462.18,United Kingdom,Petrol,GBR
2017,452.87,United Kingdom,Petrol,GBR
2017,450.1,United Kingdom,Petrol,GBR
2017,444.35,United Kingdom,Petrol,GBR
2017,445.7,United Kingdom,Petrol,GBR
2017,444.92,United Kingdom,Petrol,GBR
2017,457.98,United Kingdom,Petrol,GBR
2017,467.45,United Kingdom,Petrol,GBR
2017,465.63,United Kingdom,Petrol,GBR
2017,446.18,United Kingdom,Petrol,GBR
2017,430.12,United Kingdom,Petrol,GBR
2017,422.97,United Kingdom,Petrol,GBR
2017,424.36,United Kingdom,Petrol,GBR
2017,421.42,United Kingdom,Petrol,GBR
2017,416.9,United Kingdom,Petrol,GBR
2017,415.84,United Kingdom,Petrol,GBR
2017,414.59,United Kingdom,Petrol,GBR
2017,421.14,United Kingdom,Petrol,GBR
2017,414.92,United Kingdom,Petrol,GBR
2017,419.98,United Kingdom,Petrol,GBR
2017,425.88,United Kingdom,Petrol,GBR
2017,433.99,United Kingdom,Petrol,GBR
2017,434.37,United Kingdom,Petrol,GBR
2017,442.64,United Kingdom,Petrol,GBR
2017,442.58,United Kingdom,Petrol,GBR
2017,445.18,United Kingdom,Petrol,GBR
2017,451.96,United Kingdom,Petrol,GBR
2017,468.81,United Kingdom,Petrol,GBR
2017,478.87,United Kingdom,Petrol,GBR
2017,477.51,United Kingdom,Petrol,GBR
2017,463.68,United Kingdom,Petrol,GBR
2017,463.16,United Kingdom,Petrol,GBR
2017,467.66,United Kingdom,Petrol,GBR
2017,474.37,United Kingdom,Petrol,GBR
2017,480.02,United Kingdom,Petrol,GBR
2017,487.45,United Kingdom,Petrol,GBR
2017,494.28,United Kingdom,Petrol,GBR
2017,495.81,United Kingdom,Petrol,GBR
2017,496.84,United Kingdom,Petrol,GBR
2017,490.95,United Kingdom,Petrol,GBR
2017,495.19,United Kingdom,Petrol,GBR
2017,482.59,United Kingdom,Petrol,GBR
2017,465.93,United Kingdom,Petrol,GBR
2017,465.79,United Kingdom,Petrol,GBR
2017,464.53,United Kingdom,Petrol,GBR
2025,777.54,Austria,Diesel,AUT
2025,795.04,Austria,Diesel,AUT
2025,789.2,Austria,Diesel,AUT
2025,788.37,Austria,Diesel,AUT
2025,785.87,Austria,Diesel,AUT
2025,809.2,Austria,Diesel,AUT
2025,814.2,Austria,Diesel,AUT
2025,784.2,Austria,Diesel,AUT
2025,784.2,Austria,Diesel,AUT
2024,775.04,Austria,Diesel,AUT
2024,783.37,Austria,Diesel,AUT
2024,765.04,Austria,Diesel,AUT
2024,768.37,Austria,Diesel,AUT
2024,768.37,Austria,Diesel,AUT
2024,775.04,Austria,Diesel,AUT
2024,765.87,Austria,Diesel,AUT
2024,749.2,Austria,Diesel,AUT
2024,730.04,Austria,Diesel,AUT
2024,737.54,Austria,Diesel,AUT
2024,739.2,Austria,Diesel,AUT
2024,753.37,Austria,Diesel,AUT
2024,741.7,Austria,Diesel,AUT
2024,713.37,Austria,Diesel,AUT
2024,720.87,Austria,Diesel,AUT
2024,739.2,Austria,Diesel,AUT
2024,741.7,Austria,Diesel,AUT
2024,759.2,Austria,Diesel,AUT
2024,758.37,Austria,Diesel,AUT
2024,779.2,Austria,Diesel,AUT
2024,782.54,Austria,Diesel,AUT
2024,805.87,Austria,Diesel,AUT
2024,813.37,Austria,Diesel,AUT
2024,814.2,Austria,Diesel,AUT
2024,835.87,Austria,Diesel,AUT
2024,838.37,Austria,Diesel,AUT
2024,830.87,Austria,Diesel,AUT
2024,820.87,Austria,Diesel,AUT
2024,806.7,Austria,Diesel,AUT
2024,785.03,Austria,Diesel,AUT
2024,805.87,Austria,Diesel,AUT
2024,814.2,Austria,Diesel,AUT
2024,812.53,Austria,Diesel,AUT
2024,823.37,Austria,Diesel,AUT
2024,833.37,Austria,Diesel,AUT
2024,849.2,Austria,Diesel,AUT
2024,885.87,Austria,Diesel,AUT
2024,890.03,Austria,Diesel,AUT
2024,895.03,Austria,Diesel,AUT
2024,880.87,Austria,Diesel,AUT
2024,882.53,Austria,Diesel,AUT
2024,875.03,Austria,Diesel,AUT
2024,880.87,Austria,Diesel,AUT
2024,890.03,Austria,Diesel,AUT
2024,906.7,Austria,Diesel,AUT
2024,919.2,Austria,Diesel,AUT
2024,901.7,Austria,Diesel,AUT
2024,886.7,Austria,Diesel,AUT
2024,870.87,Austria,Diesel,AUT
2024,852.53,Austria,Diesel,AUT
2024,843.37,Austria,Diesel,AUT
2024,845.03,Austria,Diesel,AUT
2024,841.28,Austria,Diesel,AUT
2023,841.28,Austria,Diesel,AUT
2023,837.12,Austria,Diesel,AUT
2023,860.45,Austria,Diesel,AUT
2023,890.45,Austria,Diesel,AUT
2023,898.78,Austria,Diesel,AUT
2023,928.78,Austria,Diesel,AUT
2023,958.78,Austria,Diesel,AUT
2023,957.12,Austria,Diesel,AUT
2023,967.12,Austria,Diesel,AUT
2023,971.28,Austria,Diesel,AUT
2023,990.45,Austria,Diesel,AUT
2023,1006.28,Austria,Diesel,AUT
2023,1007.95,Austria,Diesel,AUT
2023,1009.62,Austria,Diesel,AUT
2023,967.12,Austria,Diesel,AUT
2023,941.28,Austria,Diesel,AUT
2023,935.45,Austria,Diesel,AUT
2023,922.95,Austria,Diesel,AUT
2023,922.12,Austria,Diesel,AUT
2023,897.12,Austria,Diesel,AUT
2023,853.78,Austria,Diesel,AUT
2023,811.28,Austria,Diesel,AUT
2023,812.12,Austria,Diesel,AUT
2023,788.78,Austria,Diesel,AUT
2023,780.45,Austria,Diesel,AUT
2023,788.57,Austria,Diesel,AUT
2023,770.24,Austria,Diesel,AUT
2023,768.57,Austria,Diesel,AUT
2023,752.74,Austria,Diesel,AUT
2023,762.74,Austria,Diesel,AUT
2023,753.57,Austria,Diesel,AUT
2023,756.9,Austria,Diesel,AUT
2023,760.24,Austria,Diesel,AUT
2023,791.9,Austria,Diesel,AUT
2023,820.24,Austria,Diesel,AUT
2023,830.24,Austria,Diesel,AUT
2023,851.07,Austria,Diesel,AUT
2023,834.4,Austria,Diesel,AUT
2023,846.9,Austria,Diesel,AUT
2023,858.57,Austria,Diesel,AUT
2023,885.24,Austria,Diesel,AUT
2023,900.24,Austria,Diesel,AUT
2023,884.4,Austria,Diesel,AUT
2023,904.4,Austria,Diesel,AUT
2023,915.24,Austria,Diesel,AUT
2023,948.57,Austria,Diesel,AUT
2023,996.07,Austria,Diesel,AUT
2023,981.9,Austria,Diesel,AUT
2023,963.57,Austria,Diesel,AUT
2023,966.07,Austria,Diesel,AUT
2023,917.74,Austria,Diesel,AUT
2022,898.15,Austria,Diesel,AUT
2022,908.15,Austria,Diesel,AUT
2022,928.15,Austria,Diesel,AUT
2022,965.65,Austria,Diesel,AUT
2022,1008.99,Austria,Diesel,AUT
2022,1063.15,Austria,Diesel,AUT
2022,1133.99,Austria,Diesel,AUT
2022,1204.82,Austria,Diesel,AUT
2022,1221.49,Austria,Diesel,AUT
2022,1223.99,Austria,Diesel,AUT
2022,1226.49,Austria,Diesel,AUT
2022,1192.32,Austria,Diesel,AUT
2022,1148.99,Austria,Diesel,AUT
2022,1192.32,Austria,Diesel,AUT
2022,1205.65,Austria,Diesel,AUT
2022,1226.49,Austria,Diesel,AUT
2022,1178.15,Austria,Diesel,AUT
2022,1148.99,Austria,Diesel,AUT
2022,1093.99,Austria,Diesel,AUT
2022,1069.82,Austria,Diesel,AUT
2022,1149.82,Austria,Diesel,AUT
2022,1241.49,Austria,Diesel,AUT
2022,1269.82,Austria,Diesel,AUT
2022,1291.49,Austria,Diesel,AUT
2022,1338.15,Austria,Diesel,AUT
2022,1321.49,Austria,Diesel,AUT
2022,1327.37,Austria,Diesel,AUT
2022,1319.04,Austria,Diesel,AUT
2022,1280.7,Austria,Diesel,AUT
2022,1197.37,Austria,Diesel,AUT
2022,1116.54,Austria,Diesel,AUT
2022,1127.37,Austria,Diesel,AUT
2022,1143.2,Austria,Diesel,AUT
2022,1157.37,Austria,Diesel,AUT
2022,1144.04,Austria,Diesel,AUT
2022,1121.54,Austria,Diesel,AUT
2022,1092.37,Austria,Diesel,AUT
2022,1130.7,Austria,Diesel,AUT
2022,1176.54,Austria,Diesel,AUT
2022,1118.2,Austria,Diesel,AUT
2022,1280.7,Austria,Diesel,AUT
2022,1027.37,Austria,Diesel,AUT
2022,861.54,Austria,Diesel,AUT
2022,814.87,Austria,Diesel,AUT
2022,809.04,Austria,Diesel,AUT
2022,795.7,Austria,Diesel,AUT
2022,786.54,Austria,Diesel,AUT
2022,776.54,Austria,Diesel,AUT
2022,768.2,Austria,Diesel,AUT
2022,757.37,Austria,Diesel,AUT
2022,744.87,Austria,Diesel,AUT
2021,752.37,Austria,Diesel,AUT
2021,751.54,Austria,Diesel,AUT
2021,754.87,Austria,Diesel,AUT
2021,767.37,Austria,Diesel,AUT
2021,766.54,Austria,Diesel,AUT
2021,776.54,Austria,Diesel,AUT
2021,770.7,Austria,Diesel,AUT
2021,763.2,Austria,Diesel,AUT
2021,759.87,Austria,Diesel,AUT
2021,744.87,Austria,Diesel,AUT
2021,722.37,Austria,Diesel,AUT
2021,684.04,Austria,Diesel,AUT
2021,659.04,Austria,Diesel,AUT
2021,644.04,Austria,Diesel,AUT
2021,638.2,Austria,Diesel,AUT
2021,636.54,Austria,Diesel,AUT
2021,638.2,Austria,Diesel,AUT
2021,628.2,Austria,Diesel,AUT
2021,634.87,Austria,Diesel,AUT
2021,634.87,Austria,Diesel,AUT
2021,635.7,Austria,Diesel,AUT
2021,630.7,Austria,Diesel,AUT
2021,627.37,Austria,Diesel,AUT
2021,632.37,Austria,Diesel,AUT
2021,617.37,Austria,Diesel,AUT
2021,614.87,Austria,Diesel,AUT
2021,605.7,Austria,Diesel,AUT
2021,597.37,Austria,Diesel,AUT
2021,589.87,Austria,Diesel,AUT
2021,584.87,Austria,Diesel,AUT
2021,583.2,Austria,Diesel,AUT
2021,584.04,Austria,Diesel,AUT
2021,586.54,Austria,Diesel,AUT
2021,572.37,Austria,Diesel,AUT
2021,569.87,Austria,Diesel,AUT
2021,568.2,Austria,Diesel,AUT
2021,564.04,Austria,Diesel,AUT
2021,567.37,Austria,Diesel,AUT
2021,564.04,Austria,Diesel,AUT
2021,568.2,Austria,Diesel,AUT
2021,558.2,Austria,Diesel,AUT
2021,550.7,Austria,Diesel,AUT
2021,540.7,Austria,Diesel,AUT
2021,530.7,Austria,Diesel,AUT
2021,512.37,Austria,Diesel,AUT
2021,499.04,Austria,Diesel,AUT
2021,501.54,Austria,Diesel,AUT
2021,497.37,Austria,Diesel,AUT
2021,485.7,Austria,Diesel,AUT
2020,464.04,Austria,Diesel,AUT
2020,462.37,Austria,Diesel,AUT
2020,463.2,Austria,Diesel,AUT
2020,450.7,Austria,Diesel,AUT
2020,445.7,Austria,Diesel,AUT
2020,429.04,Austria,Diesel,AUT
2020,423.2,Austria,Diesel,AUT
2020,419.87,Austria,Diesel,AUT
2020,416.54,Austria,Diesel,AUT
2020,428.2,Austria,Diesel,AUT
2020,433.2,Austria,Diesel,AUT
2020,434.87,Austria,Diesel,AUT
2020,435.7,Austria,Diesel,AUT
2020,440.7,Austria,Diesel,AUT
2020,444.04,Austria,Diesel,AUT
2020,449.87,Austria,Diesel,AUT
2020,454.04,Austria,Diesel,AUT
2020,448.2,Austria,Diesel,AUT
2020,451.54,Austria,Diesel,AUT
2020,449.87,Austria,Diesel,AUT
2020,453.2,Austria,Diesel,AUT
2020,451.54,Austria,Diesel,AUT
2020,454.04,Austria,Diesel,AUT
2020,450.7,Austria,Diesel,AUT
2020,442.37,Austria,Diesel,AUT
2020,439.53,Austria,Diesel,AUT
2020,432.03,Austria,Diesel,AUT
2020,422.86,Austria,Diesel,AUT
2020,416.19,Austria,Diesel,AUT
2020,410.36,Austria,Diesel,AUT
2020,409.53,Austria,Diesel,AUT
2020,405.36,Austria,Diesel,AUT
2020,420.36,Austria,Diesel,AUT
2020,422.03,Austria,Diesel,AUT
2020,433.69,Austria,Diesel,AUT
2020,445.36,Austria,Diesel,AUT
2020,473.69,Austria,Diesel,AUT
2020,476.19,Austria,Diesel,AUT
2020,473.69,Austria,Diesel,AUT
2020,467.86,Austria,Diesel,AUT
2020,521.19,Austria,Diesel,AUT
2020,538.69,Austria,Diesel,AUT
2020,566.19,Austria,Diesel,AUT
2020,557.03,Austria,Diesel,AUT
2020,570.36,Austria,Diesel,AUT
2020,578.69,Austria,Diesel,AUT
2020,592.03,Austria,Diesel,AUT
2020,597.86,Austria,Diesel,AUT
2020,607.86,Austria,Diesel,AUT
2020,607.86,Austria,Diesel,AUT
2019,589.53,Austria,Diesel,AUT
2019,598.69,Austria,Diesel,AUT
2019,594.53,Austria,Diesel,AUT
2019,593.69,Austria,Diesel,AUT
2019,596.19,Austria,Diesel,AUT
2019,594.53,Austria,Diesel,AUT
2019,592.03,Austria,Diesel,AUT
2019,594.53,Austria,Diesel,AUT
2019,592.03,Austria,Diesel,AUT
2019,595.36,Austria,Diesel,AUT
2019,598.69,Austria,Diesel,AUT
2019,603.69,Austria,Diesel,AUT
2019,616.19,Austria,Diesel,AUT
2019,590.36,Austria,Diesel,AUT
2019,587.86,Austria,Diesel,AUT
2019,574.53,Austria,Diesel,AUT
2019,573.69,Austria,Diesel,AUT
2019,570.36,Austria,Diesel,AUT
2019,573.69,Austria,Diesel,AUT
2019,588.69,Austria,Diesel,AUT
2019,585.36,Austria,Diesel,AUT
2019,583.69,Austria,Diesel,AUT
2019,597.03,Austria,Diesel,AUT
2019,596.19,Austria,Diesel,AUT
2019,586.19,Austria,Diesel,AUT
2019,579.53,Austria,Diesel,AUT
2019,587.86,Austria,Diesel,AUT
2019,587.86,Austria,Diesel,AUT
2019,621.19,Austria,Diesel,AUT
2019,631.19,Austria,Diesel,AUT
2019,631.19,Austria,Diesel,AUT
2019,627.03,Austria,Diesel,AUT
2019,622.03,Austria,Diesel,AUT
2019,628.69,Austria,Diesel,AUT
2019,617.03,Austria,Diesel,AUT
2019,608.69,Austria,Diesel,AUT
2019,602.03,Austria,Diesel,AUT
2019,594.53,Austria,Diesel,AUT
2019,597.03,Austria,Diesel,AUT
2019,598.69,Austria,Diesel,AUT
2019,602.86,Austria,Diesel,AUT
2019,600.36,Austria,Diesel,AUT
2019,589.53,Austria,Diesel,AUT
2019,582.03,Austria,Diesel,AUT
2019,572.03,Austria,Diesel,AUT
2019,573.69,Austria,Diesel,AUT
2019,600.36,Austria,Diesel,AUT
2019,571.19,Austria,Diesel,AUT
2019,569.53,Austria,Diesel,AUT
2018,606.19,Austria,Diesel,AUT
2018,627.86,Austria,Diesel,AUT
2018,660.36,Austria,Diesel,AUT
2018,683.69,Austria,Diesel,AUT
2018,686.19,Austria,Diesel,AUT
2018,689.53,Austria,Diesel,AUT
2018,692.86,Austria,Diesel,AUT
2018,691.19,Austria,Diesel,AUT
2018,693.69,Austria,Diesel,AUT
2018,689.53,Austria,Diesel,AUT
2018,680.36,Austria,Diesel,AUT
2018,657.03,Austria,Diesel,AUT
2018,652.86,Austria,Diesel,AUT
2018,652.03,Austria,Diesel,AUT
2018,645.36,Austria,Diesel,AUT
2018,632.03,Austria,Diesel,AUT
2018,619.53,Austria,Diesel,AUT
2018,617.03,Austria,Diesel,AUT
2018,612.03,Austria,Diesel,AUT
2018,610.36,Austria,Diesel,AUT
2018,613.69,Austria,Diesel,AUT
2018,611.19,Austria,Diesel,AUT
2018,617.86,Austria,Diesel,AUT
2018,626.19,Austria,Diesel,AUT
2018,623.69,Austria,Diesel,AUT
2018,617.03,Austria,Diesel,AUT
2018,626.19,Austria,Diesel,AUT
2018,627.03,Austria,Diesel,AUT
2018,638.69,Austria,Diesel,AUT
2018,639.53,Austria,Diesel,AUT
2018,617.86,Austria,Diesel,AUT
2018,601.19,Austria,Diesel,AUT
2018,586.19,Austria,Diesel,AUT
2018,582.03,Austria,Diesel,AUT
2018,567.86,Austria,Diesel,AUT
2018,563.69,Austria,Diesel,AUT
2018,552.03,Austria,Diesel,AUT
2018,552.86,Austria,Diesel,AUT
2018,525.36,Austria,Diesel,AUT
2018,523.69,Austria,Diesel,AUT
2018,535.36,Austria,Diesel,AUT
2018,529.53,Austria,Diesel,AUT
2018,533.69,Austria,Diesel,AUT
2018,539.53,Austria,Diesel,AUT
2018,552.03,Austria,Diesel,AUT
2018,553.69,Austria,Diesel,AUT
2018,552.86,Austria,Diesel,AUT
2018,556.19,Austria,Diesel,AUT
2018,553.69,Austria,Diesel,AUT
2018,554.53,Austria,Diesel,AUT
2017,545.36,Austria,Diesel,AUT
2017,538.69,Austria,Diesel,AUT
2017,544.53,Austria,Diesel,AUT
2017,542.86,Austria,Diesel,AUT
2017,543.69,Austria,Diesel,AUT
2017,550.36,Austria,Diesel,AUT
2017,534.53,Austria,Diesel,AUT
2017,523.69,Austria,Diesel,AUT
2017,521.19,Austria,Diesel,AUT
2017,516.19,Austria,Diesel,AUT
2017,521.19,Austria,Diesel,AUT
2017,519.53,Austria,Diesel,AUT
2017,510.36,Austria,Diesel,AUT
2017,505.36,Austria,Diesel,AUT
2017,509.53,Austria,Diesel,AUT
2017,497.03,Austria,Diesel,AUT
2017,479.53,Austria,Diesel,AUT
2017,479.53,Austria,Diesel,AUT
2017,481.19,Austria,Diesel,AUT
2017,481.19,Austria,Diesel,AUT
2017,472.03,Austria,Diesel,AUT
2017,472.03,Austria,Diesel,AUT
2017,470.36,Austria,Diesel,AUT
2017,475.36,Austria,Diesel,AUT
2017,469.53,Austria,Diesel,AUT
2017,484.53,Austria,Diesel,AUT
2017,479.53,Austria,Diesel,AUT
2017,481.19,Austria,Diesel,AUT
2017,486.19,Austria,Diesel,AUT
2017,500.36,Austria,Diesel,AUT
2017,499.53,Austria,Diesel,AUT
2017,496.19,Austria,Diesel,AUT
2017,498.69,Austria,Diesel,AUT
2017,512.86,Austria,Diesel,AUT
2017,524.53,Austria,Diesel,AUT
2017,521.19,Austria,Diesel,AUT
2017,510.36,Austria,Diesel,AUT
2017,502.86,Austria,Diesel,AUT
2017,505.36,Austria,Diesel,AUT
2017,522.86,Austria,Diesel,AUT
2017,533.69,Austria,Diesel,AUT
2017,542.86,Austria,Diesel,AUT
2017,532.86,Austria,Diesel,AUT
2017,528.69,Austria,Diesel,AUT
2017,528.69,Austria,Diesel,AUT
2017,524.53,Austria,Diesel,AUT
2017,527.86,Austria,Diesel,AUT
2017,534.53,Austria,Diesel,AUT
2017,542.03,Austria,Diesel,AUT
2017,546.19,Austria,Diesel,AUT
2025,843.02,Belgium,Diesel,BEL
2025,844.31,Belgium,Diesel,BEL
2025,840.25,Belgium,Diesel,BEL
2025,815.53,Belgium,Diesel,BEL
2025,810.94,Belgium,Diesel,BEL
2025,837.24,Belgium,Diesel,BEL
2025,846.55,Belgium,Diesel,BEL
2025,842.81,Belgium,Diesel,BEL
2025,803.17,Belgium,Diesel,BEL
2024,800.72,Belgium,Diesel,BEL
2024,798.44,Belgium,Diesel,BEL
2024,793.67,Belgium,Diesel,BEL
2024,809.36,Belgium,Diesel,BEL
2024,848.25,Belgium,Diesel,BEL
2024,819.18,Belgium,Diesel,BEL
2024,767.1,Belgium,Diesel,BEL
2024,759.6,Belgium,Diesel,BEL
2024,761.55,Belgium,Diesel,BEL
2024,739.7,Belgium,Diesel,BEL
2024,767.53,Belgium,Diesel,BEL
2024,781.2,Belgium,Diesel,BEL
2024,738.85,Belgium,Diesel,BEL
2024,777.48,Belgium,Diesel,BEL
2024,747.74,Belgium,Diesel,BEL
2024,727.29,Belgium,Diesel,BEL
2024,747.1,Belgium,Diesel,BEL
2024,802.33,Belgium,Diesel,BEL
2024,760.63,Belgium,Diesel,BEL
2024,786.35,Belgium,Diesel,BEL
2024,763.48,Belgium,Diesel,BEL
2024,784.13,Belgium,Diesel,BEL
2024,853.6,Belgium,Diesel,BEL
2024,824.79,Belgium,Diesel,BEL
2024,849.96,Belgium,Diesel,BEL
2024,850.24,Belgium,Diesel,BEL
2024,847.65,Belgium,Diesel,BEL
2024,831.64,Belgium,Diesel,BEL
2024,841.48,Belgium,Diesel,BEL
2024,785.03,Belgium,Diesel,BEL
2024,805.91,Belgium,Diesel,BEL
2024,809.31,Belgium,Diesel,BEL
2024,846.27,Belgium,Diesel,BEL
2024,845.36,Belgium,Diesel,BEL
2024,847,Belgium,Diesel,BEL
2024,854.04,Belgium,Diesel,BEL
2024,882.77,Belgium,Diesel,BEL
2024,914.1,Belgium,Diesel,BEL
2024,892.53,Belgium,Diesel,BEL
2024,910.48,Belgium,Diesel,BEL
2024,884.34,Belgium,Diesel,BEL
2024,862.33,Belgium,Diesel,BEL
2024,882.95,Belgium,Diesel,BEL
2024,888.4,Belgium,Diesel,BEL
2024,921.07,Belgium,Diesel,BEL
2024,904.86,Belgium,Diesel,BEL
2024,864.61,Belgium,Diesel,BEL
2024,870.58,Belgium,Diesel,BEL
2024,847.67,Belgium,Diesel,BEL
2024,829.13,Belgium,Diesel,BEL
2024,821.29,Belgium,Diesel,BEL
2024,836.88,Belgium,Diesel,BEL
2024,818.78,Belgium,Diesel,BEL
2023,836.08,Belgium,Diesel,BEL
2023,833.55,Belgium,Diesel,BEL
2023,860.97,Belgium,Diesel,BEL
2023,873.36,Belgium,Diesel,BEL
2023,882.67,Belgium,Diesel,BEL
2023,885.44,Belgium,Diesel,BEL
2023,927.67,Belgium,Diesel,BEL
2023,949.1,Belgium,Diesel,BEL
2023,950.12,Belgium,Diesel,BEL
2023,946.14,Belgium,Diesel,BEL
2023,941.41,Belgium,Diesel,BEL
2023,998.86,Belgium,Diesel,BEL
2023,1006.98,Belgium,Diesel,BEL
2023,1016.27,Belgium,Diesel,BEL
2023,1007.55,Belgium,Diesel,BEL
2023,986.9,Belgium,Diesel,BEL
2023,963.41,Belgium,Diesel,BEL
2023,938.51,Belgium,Diesel,BEL
2023,933.8,Belgium,Diesel,BEL
2023,959.64,Belgium,Diesel,BEL
2023,913.49,Belgium,Diesel,BEL
2023,867.4,Belgium,Diesel,BEL
2023,821.07,Belgium,Diesel,BEL
2023,816.84,Belgium,Diesel,BEL
2023,822.98,Belgium,Diesel,BEL
2023,803.18,Belgium,Diesel,BEL
2023,787.53,Belgium,Diesel,BEL
2023,781.99,Belgium,Diesel,BEL
2023,816.12,Belgium,Diesel,BEL
2023,795.32,Belgium,Diesel,BEL
2023,764.84,Belgium,Diesel,BEL
2023,775.35,Belgium,Diesel,BEL
2023,774.05,Belgium,Diesel,BEL
2023,779.76,Belgium,Diesel,BEL
2023,798.09,Belgium,Diesel,BEL
2023,818.24,Belgium,Diesel,BEL
2023,852.07,Belgium,Diesel,BEL
2023,849.09,Belgium,Diesel,BEL
2023,796.78,Belgium,Diesel,BEL
2023,847.6,Belgium,Diesel,BEL
2023,857.35,Belgium,Diesel,BEL
2023,912.1,Belgium,Diesel,BEL
2023,897.78,Belgium,Diesel,BEL
2023,879.48,Belgium,Diesel,BEL
2023,899.93,Belgium,Diesel,BEL
2023,905.54,Belgium,Diesel,BEL
2023,967.75,Belgium,Diesel,BEL
2023,989.47,Belgium,Diesel,BEL
2023,977.03,Belgium,Diesel,BEL
2023,962.08,Belgium,Diesel,BEL
2023,971.56,Belgium,Diesel,BEL
2023,996.54,Belgium,Diesel,BEL
2022,979.67,Belgium,Diesel,BEL
2022,968.06,Belgium,Diesel,BEL
2022,985.05,Belgium,Diesel,BEL
2022,1023.55,Belgium,Diesel,BEL
2022,1042.49,Belgium,Diesel,BEL
2022,1098.43,Belgium,Diesel,BEL
2022,1199.92,Belgium,Diesel,BEL
2022,1225.87,Belgium,Diesel,BEL
2022,1298.71,Belgium,Diesel,BEL
2022,1320.64,Belgium,Diesel,BEL
2022,1316.96,Belgium,Diesel,BEL
2022,1176.8,Belgium,Diesel,BEL
2022,1120.19,Belgium,Diesel,BEL
2022,1102.65,Belgium,Diesel,BEL
2022,1143.11,Belgium,Diesel,BEL
2022,1189.6,Belgium,Diesel,BEL
2022,1214.77,Belgium,Diesel,BEL
2022,1201.78,Belgium,Diesel,BEL
2022,1108.13,Belgium,Diesel,BEL
2022,1099.05,Belgium,Diesel,BEL
2022,1126.93,Belgium,Diesel,BEL
2022,1177.39,Belgium,Diesel,BEL
2022,1197.56,Belgium,Diesel,BEL
2022,1219.37,Belgium,Diesel,BEL
2022,1233.49,Belgium,Diesel,BEL
2022,1289.24,Belgium,Diesel,BEL
2022,1344.48,Belgium,Diesel,BEL
2022,1340.7,Belgium,Diesel,BEL
2022,1289.97,Belgium,Diesel,BEL
2022,1184.3,Belgium,Diesel,BEL
2022,1122.46,Belgium,Diesel,BEL
2022,1151.16,Belgium,Diesel,BEL
2022,1196.49,Belgium,Diesel,BEL
2022,1231.14,Belgium,Diesel,BEL
2022,1188.95,Belgium,Diesel,BEL
2022,1150.02,Belgium,Diesel,BEL
2022,1110.36,Belgium,Diesel,BEL
2022,1212.88,Belgium,Diesel,BEL
2022,1165.74,Belgium,Diesel,BEL
2022,1096.7,Belgium,Diesel,BEL
2022,1170.82,Belgium,Diesel,BEL
2022,990.15,Belgium,Diesel,BEL
2022,873.39,Belgium,Diesel,BEL
2022,838.13,Belgium,Diesel,BEL
2022,844.72,Belgium,Diesel,BEL
2022,829.98,Belgium,Diesel,BEL
2022,811.74,Belgium,Diesel,BEL
2022,797.16,Belgium,Diesel,BEL
2022,792.15,Belgium,Diesel,BEL
2022,778.59,Belgium,Diesel,BEL
2022,766.78,Belgium,Diesel,BEL
2021,744.45,Belgium,Diesel,BEL
2021,728.07,Belgium,Diesel,BEL
2021,725.76,Belgium,Diesel,BEL
2021,778.97,Belgium,Diesel,BEL
2021,790.41,Belgium,Diesel,BEL
2021,792.1,Belgium,Diesel,BEL
2021,785.66,Belgium,Diesel,BEL
2021,770.05,Belgium,Diesel,BEL
2021,757.19,Belgium,Diesel,BEL
2021,758.72,Belgium,Diesel,BEL
2021,716.66,Belgium,Diesel,BEL
2021,698.18,Belgium,Diesel,BEL
2021,663.63,Belgium,Diesel,BEL
2021,662.28,Belgium,Diesel,BEL
2021,643.97,Belgium,Diesel,BEL
2021,640.12,Belgium,Diesel,BEL
2021,638.11,Belgium,Diesel,BEL
2021,648.96,Belgium,Diesel,BEL
2021,637.67,Belgium,Diesel,BEL
2021,653.01,Belgium,Diesel,BEL
2021,652.63,Belgium,Diesel,BEL
2021,641.91,Belgium,Diesel,BEL
2021,630.02,Belgium,Diesel,BEL
2021,634.82,Belgium,Diesel,BEL
2021,651.67,Belgium,Diesel,BEL
2021,651.67,Belgium,Diesel,BEL
2021,641.78,Belgium,Diesel,BEL
2021,604.6,Belgium,Diesel,BEL
2021,600.48,Belgium,Diesel,BEL
2021,596.65,Belgium,Diesel,BEL
2021,629.04,Belgium,Diesel,BEL
2021,630.64,Belgium,Diesel,BEL
2021,587.15,Belgium,Diesel,BEL
2021,565.46,Belgium,Diesel,BEL
2021,573.31,Belgium,Diesel,BEL
2021,574.96,Belgium,Diesel,BEL
2021,574.26,Belgium,Diesel,BEL
2021,574.26,Belgium,Diesel,BEL
2021,574.95,Belgium,Diesel,BEL
2021,589.42,Belgium,Diesel,BEL
2021,575.85,Belgium,Diesel,BEL
2021,553.5,Belgium,Diesel,BEL
2021,564.35,Belgium,Diesel,BEL
2021,558.91,Belgium,Diesel,BEL
2021,532.39,Belgium,Diesel,BEL
2021,508.86,Belgium,Diesel,BEL
2021,516.04,Belgium,Diesel,BEL
2021,494.14,Belgium,Diesel,BEL
2021,481.66,Belgium,Diesel,BEL
2020,493.23,Belgium,Diesel,BEL
2020,478.1,Belgium,Diesel,BEL
2020,466.37,Belgium,Diesel,BEL
2020,472.57,Belgium,Diesel,BEL
2020,466.2,Belgium,Diesel,BEL
2020,453.06,Belgium,Diesel,BEL
2020,423.64,Belgium,Diesel,BEL
2020,436.86,Belgium,Diesel,BEL
2020,463.72,Belgium,Diesel,BEL
2020,448.85,Belgium,Diesel,BEL
2020,433.64,Belgium,Diesel,BEL
2020,415.87,Belgium,Diesel,BEL
2020,427.69,Belgium,Diesel,BEL
2020,417.69,Belgium,Diesel,BEL
2020,450.01,Belgium,Diesel,BEL
2020,478.44,Belgium,Diesel,BEL
2020,466.62,Belgium,Diesel,BEL
2020,470.5,Belgium,Diesel,BEL
2020,475.05,Belgium,Diesel,BEL
2020,485.31,Belgium,Diesel,BEL
2020,475.54,Belgium,Diesel,BEL
2020,477.77,Belgium,Diesel,BEL
2020,447.53,Belgium,Diesel,BEL
2020,483.15,Belgium,Diesel,BEL
2020,447.94,Belgium,Diesel,BEL
2020,439.84,Belgium,Diesel,BEL
2020,412.42,Belgium,Diesel,BEL
2020,423.23,Belgium,Diesel,BEL
2020,427.03,Belgium,Diesel,BEL
2020,418.44,Belgium,Diesel,BEL
2020,390.25,Belgium,Diesel,BEL
2020,368.02,Belgium,Diesel,BEL
2020,360.58,Belgium,Diesel,BEL
2020,375.87,Belgium,Diesel,BEL
2020,361.96,Belgium,Diesel,BEL
2020,410.58,Belgium,Diesel,BEL
2020,399.1,Belgium,Diesel,BEL
2020,407.61,Belgium,Diesel,BEL
2020,399.1,Belgium,Diesel,BEL
2020,434.96,Belgium,Diesel,BEL
2020,517.44,Belgium,Diesel,BEL
2020,571.08,Belgium,Diesel,BEL
2020,569.26,Belgium,Diesel,BEL
2020,554.8,Belgium,Diesel,BEL
2020,562.07,Belgium,Diesel,BEL
2020,554.8,Belgium,Diesel,BEL
2020,607.94,Belgium,Diesel,BEL
2020,630.83,Belgium,Diesel,BEL
2020,631.66,Belgium,Diesel,BEL
2020,656.45,Belgium,Diesel,BEL
2019,604.8,Belgium,Diesel,BEL
2019,577.61,Belgium,Diesel,BEL
2019,579.18,Belgium,Diesel,BEL
2019,586.37,Belgium,Diesel,BEL
2019,581.24,Belgium,Diesel,BEL
2019,597.61,Belgium,Diesel,BEL
2019,597.61,Belgium,Diesel,BEL
2019,577.86,Belgium,Diesel,BEL
2019,576.95,Belgium,Diesel,BEL
2019,589.76,Belgium,Diesel,BEL
2019,574.8,Belgium,Diesel,BEL
2019,591.82,Belgium,Diesel,BEL
2019,597.77,Belgium,Diesel,BEL
2019,579.01,Belgium,Diesel,BEL
2019,624.88,Belgium,Diesel,BEL
2019,571.08,Belgium,Diesel,BEL
2019,570.67,Belgium,Diesel,BEL
2019,614.47,Belgium,Diesel,BEL
2019,524.14,Belgium,Diesel,BEL
2019,598.6,Belgium,Diesel,BEL
2019,595.79,Belgium,Diesel,BEL
2019,599.76,Belgium,Diesel,BEL
2019,572.82,Belgium,Diesel,BEL
2019,578.68,Belgium,Diesel,BEL
2019,581.66,Belgium,Diesel,BEL
2019,577.36,Belgium,Diesel,BEL
2019,550.34,Belgium,Diesel,BEL
2019,559.26,Belgium,Diesel,BEL
2019,652.07,Belgium,Diesel,BEL
2019,610.75,Belgium,Diesel,BEL
2019,605.38,Belgium,Diesel,BEL
2019,622.82,Belgium,Diesel,BEL
2019,687.28,Belgium,Diesel,BEL
2019,628.02,Belgium,Diesel,BEL
2019,597.11,Belgium,Diesel,BEL
2019,583.15,Belgium,Diesel,BEL
2019,571.74,Belgium,Diesel,BEL
2019,603.89,Belgium,Diesel,BEL
2019,582.65,Belgium,Diesel,BEL
2019,614.3,Belgium,Diesel,BEL
2019,587.11,Belgium,Diesel,BEL
2019,593.23,Belgium,Diesel,BEL
2019,573.97,Belgium,Diesel,BEL
2019,553.39,Belgium,Diesel,BEL
2019,586.45,Belgium,Diesel,BEL
2019,562.57,Belgium,Diesel,BEL
2019,568.1,Belgium,Diesel,BEL
2019,532.15,Belgium,Diesel,BEL
2019,535.38,Belgium,Diesel,BEL
2018,601.74,Belgium,Diesel,BEL
2018,586.86,Belgium,Diesel,BEL
2018,620.75,Belgium,Diesel,BEL
2018,620.83,Belgium,Diesel,BEL
2018,641.33,Belgium,Diesel,BEL
2018,686.3,Belgium,Diesel,BEL
2018,700.17,Belgium,Diesel,BEL
2018,669.59,Belgium,Diesel,BEL
2018,653.06,Belgium,Diesel,BEL
2018,667.44,Belgium,Diesel,BEL
2018,668.19,Belgium,Diesel,BEL
2018,613.72,Belgium,Diesel,BEL
2018,632.4,Belgium,Diesel,BEL
2018,640.25,Belgium,Diesel,BEL
2018,691.82,Belgium,Diesel,BEL
2018,620.25,Belgium,Diesel,BEL
2018,622.32,Belgium,Diesel,BEL
2018,607.94,Belgium,Diesel,BEL
2018,586.95,Belgium,Diesel,BEL
2018,606.29,Belgium,Diesel,BEL
2018,589.26,Belgium,Diesel,BEL
2018,590.28,Belgium,Diesel,BEL
2018,604.85,Belgium,Diesel,BEL
2018,616.03,Belgium,Diesel,BEL
2018,646.14,Belgium,Diesel,BEL
2018,601.18,Belgium,Diesel,BEL
2018,612.55,Belgium,Diesel,BEL
2018,592.53,Belgium,Diesel,BEL
2018,656.79,Belgium,Diesel,BEL
2018,620.93,Belgium,Diesel,BEL
2018,617.7,Belgium,Diesel,BEL
2018,593.74,Belgium,Diesel,BEL
2018,609.03,Belgium,Diesel,BEL
2018,569.19,Belgium,Diesel,BEL
2018,555.72,Belgium,Diesel,BEL
2018,562.68,Belgium,Diesel,BEL
2018,554.23,Belgium,Diesel,BEL
2018,524.07,Belgium,Diesel,BEL
2018,501.51,Belgium,Diesel,BEL
2018,477.62,Belgium,Diesel,BEL
2018,508.21,Belgium,Diesel,BEL
2018,547.55,Belgium,Diesel,BEL
2018,504.41,Belgium,Diesel,BEL
2018,537.67,Belgium,Diesel,BEL
2018,544.11,Belgium,Diesel,BEL
2018,538.99,Belgium,Diesel,BEL
2018,533.86,Belgium,Diesel,BEL
2018,536.51,Belgium,Diesel,BEL
2018,552.46,Belgium,Diesel,BEL
2018,537.34,Belgium,Diesel,BEL
2017,527.05,Belgium,Diesel,BEL
2017,502.34,Belgium,Diesel,BEL
2017,539.86,Belgium,Diesel,BEL
2017,552.1,Belgium,Diesel,BEL
2017,558.29,Belgium,Diesel,BEL
2017,537.22,Belgium,Diesel,BEL
2017,527.3,Belgium,Diesel,BEL
2017,524.66,Belgium,Diesel,BEL
2017,522.34,Belgium,Diesel,BEL
2017,499.12,Belgium,Diesel,BEL
2017,524.49,Belgium,Diesel,BEL
2017,521.19,Belgium,Diesel,BEL
2017,491.93,Belgium,Diesel,BEL
2017,469.95,Belgium,Diesel,BEL
2017,485.07,Belgium,Diesel,BEL
2017,482.1,Belgium,Diesel,BEL
2017,469.78,Belgium,Diesel,BEL
2017,468.54,Belgium,Diesel,BEL
2017,502.76,Belgium,Diesel,BEL
2017,491.93,Belgium,Diesel,BEL
2017,458.87,Belgium,Diesel,BEL
2017,475.05,Belgium,Diesel,BEL
2017,460.32,Belgium,Diesel,BEL
2017,484.44,Belgium,Diesel,BEL
2017,458.84,Belgium,Diesel,BEL
2017,450.86,Belgium,Diesel,BEL
2017,445.07,Belgium,Diesel,BEL
2017,464,Belgium,Diesel,BEL
2017,515.15,Belgium,Diesel,BEL
2017,515.15,Belgium,Diesel,BEL
2017,515.15,Belgium,Diesel,BEL
2017,482.76,Belgium,Diesel,BEL
2017,537.55,Belgium,Diesel,BEL
2017,511.43,Belgium,Diesel,BEL
2017,544.91,Belgium,Diesel,BEL
2017,513.75,Belgium,Diesel,BEL
2017,514.24,Belgium,Diesel,BEL
2017,473.67,Belgium,Diesel,BEL
2017,503.39,Belgium,Diesel,BEL
2017,530.34,Belgium,Diesel,BEL
2017,525.05,Belgium,Diesel,BEL
2017,505.71,Belgium,Diesel,BEL
2017,521.25,Belgium,Diesel,BEL
2017,510.75,Belgium,Diesel,BEL
2017,535.46,Belgium,Diesel,BEL
2017,549.59,Belgium,Diesel,BEL
2017,527.28,Belgium,Diesel,BEL
2017,507.53,Belgium,Diesel,BEL
2017,552.35,Belgium,Diesel,BEL
2017,528.51,Belgium,Diesel,BEL
2025,768.7800388587791,Bulgaria,Diesel,BGR
2025,751.5236731772166,Bulgaria,Diesel,BGR
2025,751.5236731772166,Bulgaria,Diesel,BGR
2025,747.4332753860314,Bulgaria,Diesel,BGR
2025,765.5844155844156,Bulgaria,Diesel,BGR
2025,771.3365374782699,Bulgaria,Diesel,BGR
2025,761.3661928622558,Bulgaria,Diesel,BGR
2025,748.670620717865,Bulgaria,Diesel,BGR
2025,747.4332753860314,Bulgaria,Diesel,BGR
2024,748.1184170160549,Bulgaria,Diesel,BGR
2024,726.7256365681563,Bulgaria,Diesel,BGR
2024,726.7256365681563,Bulgaria,Diesel,BGR
2024,726.260353819409,Bulgaria,Diesel,BGR
2024,723.4021883628184,Bulgaria,Diesel,BGR
2024,710.8753451273137,Bulgaria,Diesel,BGR
2024,710.8753451273137,Bulgaria,Diesel,BGR
2024,704.0188158298396,Bulgaria,Diesel,BGR
2024,697.1162695572145,Bulgaria,Diesel,BGR
2024,696.9015236731773,Bulgaria,Diesel,BGR
2024,696.7327947642909,Bulgaria,Diesel,BGR
2024,693.8337253297884,Bulgaria,Diesel,BGR
2024,690.8528479394622,Bulgaria,Diesel,BGR
2024,690.8528479394622,Bulgaria,Diesel,BGR
2024,697.4997443501381,Bulgaria,Diesel,BGR
2024,708.7483382758975,Bulgaria,Diesel,BGR
2024,728.2595357398508,Bulgaria,Diesel,BGR
2024,733.8838327027304,Bulgaria,Diesel,BGR
2024,742.0237243071889,Bulgaria,Diesel,BGR
2024,751.8662439922283,Bulgaria,Diesel,BGR
2024,758.6818693117906,Bulgaria,Diesel,BGR
2024,768.0591062480828,Bulgaria,Diesel,BGR
2024,758.3444114940179,Bulgaria,Diesel,BGR
2024,758.3444114940179,Bulgaria,Diesel,BGR
2024,758.3444114940179,Bulgaria,Diesel,BGR
2024,758.3444114940179,Bulgaria,Diesel,BGR
2024,758.3444114940179,Bulgaria,Diesel,BGR
2024,758.3444114940179,Bulgaria,Diesel,BGR
2024,764.6998670620718,Bulgaria,Diesel,BGR
2024,758.3444114940179,Bulgaria,Diesel,BGR
2024,766.862664894161,Bulgaria,Diesel,BGR
2024,775.5547602004295,Bulgaria,Diesel,BGR
2024,799.8875140607425,Bulgaria,Diesel,BGR
2024,799.8875140607425,Bulgaria,Diesel,BGR
2024,812.0308825033236,Bulgaria,Diesel,BGR
2024,816.330913181307,Bulgaria,Diesel,BGR
2024,824.0004090397791,Bulgaria,Diesel,BGR
2024,824.7264546477146,Bulgaria,Diesel,BGR
2024,818.0386542591268,Bulgaria,Diesel,BGR
2024,818.0386542591268,Bulgaria,Diesel,BGR
2024,814.63,Bulgaria,Diesel,BGR
2024,815.59,Bulgaria,Diesel,BGR
2024,817.8,Bulgaria,Diesel,BGR
2024,819.73,Bulgaria,Diesel,BGR
2024,823,Bulgaria,Diesel,BGR
2024,814.63,Bulgaria,Diesel,BGR
2024,796.52,Bulgaria,Diesel,BGR
2024,788.68,Bulgaria,Diesel,BGR
2024,777.98,Bulgaria,Diesel,BGR
2024,771.34,Bulgaria,Diesel,BGR
2024,771.34,Bulgaria,Diesel,BGR
2024,774.62,Bulgaria,Diesel,BGR
2024,788.59,Bulgaria,Diesel,BGR
2023,787.7,Bulgaria,Diesel,BGR
2023,792.94,Bulgaria,Diesel,BGR
2023,810.75,Bulgaria,Diesel,BGR
2023,824.81,Bulgaria,Diesel,BGR
2023,845.69,Bulgaria,Diesel,BGR
2023,854.17,Bulgaria,Diesel,BGR
2023,864.57,Bulgaria,Diesel,BGR
2023,874.28,Bulgaria,Diesel,BGR
2023,873.26,Bulgaria,Diesel,BGR
2023,874.32,Bulgaria,Diesel,BGR
2023,882.29,Bulgaria,Diesel,BGR
2023,877.39,Bulgaria,Diesel,BGR
2023,878.71,Bulgaria,Diesel,BGR
2023,864.52,Bulgaria,Diesel,BGR
2023,846.97,Bulgaria,Diesel,BGR
2023,837.55,Bulgaria,Diesel,BGR
2023,826.52,Bulgaria,Diesel,BGR
2023,818.04,Bulgaria,Diesel,BGR
2023,798.31,Bulgaria,Diesel,BGR
2023,768.65,Bulgaria,Diesel,BGR
2023,735.12,Bulgaria,Diesel,BGR
2023,713.86,Bulgaria,Diesel,BGR
2023,710.62,Bulgaria,Diesel,BGR
2023,706.36,Bulgaria,Diesel,BGR
2023,697.88,Bulgaria,Diesel,BGR
2023,700.35,Bulgaria,Diesel,BGR
2023,698.44,Bulgaria,Diesel,BGR
2023,698.18,Bulgaria,Diesel,BGR
2023,697.84,Bulgaria,Diesel,BGR
2023,702.06,Bulgaria,Diesel,BGR
2023,704.4,Bulgaria,Diesel,BGR
2023,708.79,Bulgaria,Diesel,BGR
2023,732.01,Bulgaria,Diesel,BGR
2023,755.36,Bulgaria,Diesel,BGR
2023,781.05,Bulgaria,Diesel,BGR
2023,791.71,Bulgaria,Diesel,BGR
2023,793.28,Bulgaria,Diesel,BGR
2023,804.23,Bulgaria,Diesel,BGR
2023,821.92,Bulgaria,Diesel,BGR
2023,843.01,Bulgaria,Diesel,BGR
2023,854.72,Bulgaria,Diesel,BGR
2023,854.55,Bulgaria,Diesel,BGR
2023,861.03,Bulgaria,Diesel,BGR
2023,872.45,Bulgaria,Diesel,BGR
2023,885.4,Bulgaria,Diesel,BGR
2023,905.77,Bulgaria,Diesel,BGR
2023,902.15,Bulgaria,Diesel,BGR
2023,888.81,Bulgaria,Diesel,BGR
2023,890.64,Bulgaria,Diesel,BGR
2023,908.92,Bulgaria,Diesel,BGR
2023,885.44,Bulgaria,Diesel,BGR
2022,940.28,Bulgaria,Diesel,BGR
2022,935,Bulgaria,Diesel,BGR
2022,970.1,Bulgaria,Diesel,BGR
2022,1004.02,Bulgaria,Diesel,BGR
2022,1029.12,Bulgaria,Diesel,BGR
2022,1048.33,Bulgaria,Diesel,BGR
2022,1060.48,Bulgaria,Diesel,BGR
2022,1054.68,Bulgaria,Diesel,BGR
2022,1058.18,Bulgaria,Diesel,BGR
2022,1058.18,Bulgaria,Diesel,BGR
2022,1037.21,Bulgaria,Diesel,BGR
2022,1011.05,Bulgaria,Diesel,BGR
2022,1005.51,Bulgaria,Diesel,BGR
2022,1003.94,Bulgaria,Diesel,BGR
2022,1014.84,Bulgaria,Diesel,BGR
2022,1040.41,Bulgaria,Diesel,BGR
2022,1057.45,Bulgaria,Diesel,BGR
2022,1057.45,Bulgaria,Diesel,BGR
2022,1048.93,Bulgaria,Diesel,BGR
2022,1065.97,Bulgaria,Diesel,BGR
2022,1083.02,Bulgaria,Diesel,BGR
2022,1108.37,Bulgaria,Diesel,BGR
2022,1142.24,Bulgaria,Diesel,BGR
2022,1155.19,Bulgaria,Diesel,BGR
2022,1155.19,Bulgaria,Diesel,BGR
2022,1163.55,Bulgaria,Diesel,BGR
2022,1159.2,Bulgaria,Diesel,BGR
2022,1120.51,Bulgaria,Diesel,BGR
2022,1078.03,Bulgaria,Diesel,BGR
2022,1049.02,Bulgaria,Diesel,BGR
2022,1040.02,Bulgaria,Diesel,BGR
2022,1040.41,Bulgaria,Diesel,BGR
2022,1032.06,Bulgaria,Diesel,BGR
2022,1019.49,Bulgaria,Diesel,BGR
2022,987.19,Bulgaria,Diesel,BGR
2022,960.13,Bulgaria,Diesel,BGR
2022,960.13,Bulgaria,Diesel,BGR
2022,916.55,Bulgaria,Diesel,BGR
2022,916.55,Bulgaria,Diesel,BGR
2022,905.98,Bulgaria,Diesel,BGR
2022,894.65,Bulgaria,Diesel,BGR
2022,824.34,Bulgaria,Diesel,BGR
2022,791.15,Bulgaria,Diesel,BGR
2022,752.67,Bulgaria,Diesel,BGR
2022,741.09,Bulgaria,Diesel,BGR
2022,737.08,Bulgaria,Diesel,BGR
2022,725.83,Bulgaria,Diesel,BGR
2022,712.07,Bulgaria,Diesel,BGR
2022,691.88,Bulgaria,Diesel,BGR
2022,683.35,Bulgaria,Diesel,BGR
2022,683.35,Bulgaria,Diesel,BGR
2021,683.35,Bulgaria,Diesel,BGR
2021,683.35,Bulgaria,Diesel,BGR
2021,691.88,Bulgaria,Diesel,BGR
2021,700.39,Bulgaria,Diesel,BGR
2021,699.54,Bulgaria,Diesel,BGR
2021,686.8,Bulgaria,Diesel,BGR
2021,679.52,Bulgaria,Diesel,BGR
2021,666.73,Bulgaria,Diesel,BGR
2021,666.73,Bulgaria,Diesel,BGR
2021,653.99,Bulgaria,Diesel,BGR
2021,628.77,Bulgaria,Diesel,BGR
2021,611.51,Bulgaria,Diesel,BGR
2021,598.13,Bulgaria,Diesel,BGR
2021,593.75,Bulgaria,Diesel,BGR
2021,592.56,Bulgaria,Diesel,BGR
2021,592.56,Bulgaria,Diesel,BGR
2021,591.83,Bulgaria,Diesel,BGR
2021,594.35,Bulgaria,Diesel,BGR
2021,594.35,Bulgaria,Diesel,BGR
2021,594.35,Bulgaria,Diesel,BGR
2021,566.94,Bulgaria,Diesel,BGR
2021,566.94,Bulgaria,Diesel,BGR
2021,566.94,Bulgaria,Diesel,BGR
2021,548.84,Bulgaria,Diesel,BGR
2021,548.84,Bulgaria,Diesel,BGR
2021,541.12,Bulgaria,Diesel,BGR
2021,524.85,Bulgaria,Diesel,BGR
2021,524.85,Bulgaria,Diesel,BGR
2021,517.73,Bulgaria,Diesel,BGR
2021,517.73,Bulgaria,Diesel,BGR
2021,518.63,Bulgaria,Diesel,BGR
2021,511.68,Bulgaria,Diesel,BGR
2021,511.68,Bulgaria,Diesel,BGR
2021,506.4,Bulgaria,Diesel,BGR
2021,506.4,Bulgaria,Diesel,BGR
2021,503.03,Bulgaria,Diesel,BGR
2021,503.08,Bulgaria,Diesel,BGR
2021,502.22,Bulgaria,Diesel,BGR
2021,503.03,Bulgaria,Diesel,BGR
2021,462.64,Bulgaria,Diesel,BGR
2021,462.64,Bulgaria,Diesel,BGR
2021,462.64,Bulgaria,Diesel,BGR
2021,462.64,Bulgaria,Diesel,BGR
2021,462.64,Bulgaria,Diesel,BGR
2021,450.41,Bulgaria,Diesel,BGR
2021,447.56,Bulgaria,Diesel,BGR
2021,434.6,Bulgaria,Diesel,BGR
2021,434.6,Bulgaria,Diesel,BGR
2021,423.4,Bulgaria,Diesel,BGR
2020,411.81,Bulgaria,Diesel,BGR
2020,405.21,Bulgaria,Diesel,BGR
2020,401.33,Bulgaria,Diesel,BGR
2020,396.34,Bulgaria,Diesel,BGR
2020,392.77,Bulgaria,Diesel,BGR
2020,391.44,Bulgaria,Diesel,BGR
2020,391.14,Bulgaria,Diesel,BGR
2020,392.77,Bulgaria,Diesel,BGR
2020,392.89,Bulgaria,Diesel,BGR
2020,392.17,Bulgaria,Diesel,BGR
2020,388.56,Bulgaria,Diesel,BGR
2020,387.27,Bulgaria,Diesel,BGR
2020,386.89,Bulgaria,Diesel,BGR
2020,392.51,Bulgaria,Diesel,BGR
2020,402.22,Bulgaria,Diesel,BGR
2020,408.02,Bulgaria,Diesel,BGR
2020,410.49,Bulgaria,Diesel,BGR
2020,398.73,Bulgaria,Diesel,BGR
2020,398.73,Bulgaria,Diesel,BGR
2020,398.73,Bulgaria,Diesel,BGR
2020,409.17,Bulgaria,Diesel,BGR
2020,409.17,Bulgaria,Diesel,BGR
2020,403.71,Bulgaria,Diesel,BGR
2020,398.13,Bulgaria,Diesel,BGR
2020,389.06,Bulgaria,Diesel,BGR
2020,384.92,Bulgaria,Diesel,BGR
2020,380.45,Bulgaria,Diesel,BGR
2020,373.12,Bulgaria,Diesel,BGR
2020,366.73,Bulgaria,Diesel,BGR
2020,367.58,Bulgaria,Diesel,BGR
2020,355.86,Bulgaria,Diesel,BGR
2020,343.98,Bulgaria,Diesel,BGR
2020,350.41,Bulgaria,Diesel,BGR
2020,368.09,Bulgaria,Diesel,BGR
2020,390.85,Bulgaria,Diesel,BGR
2020,400.73,Bulgaria,Diesel,BGR
2020,427.74,Bulgaria,Diesel,BGR
2020,457.83,Bulgaria,Diesel,BGR
2020,510.62,Bulgaria,Diesel,BGR
2020,551.56,Bulgaria,Diesel,BGR
2020,570.27,Bulgaria,Diesel,BGR
2020,577.43,Bulgaria,Diesel,BGR
2020,581.82,Bulgaria,Diesel,BGR
2020,590.17,Bulgaria,Diesel,BGR
2020,594.77,Bulgaria,Diesel,BGR
2020,596.05,Bulgaria,Diesel,BGR
2020,598.86,Bulgaria,Diesel,BGR
2020,602.14,Bulgaria,Diesel,BGR
2020,603.55,Bulgaria,Diesel,BGR
2020,605.68,Bulgaria,Diesel,BGR
2019,595.77,Bulgaria,Diesel,BGR
2019,596.71,Bulgaria,Diesel,BGR
2019,594.89,Bulgaria,Diesel,BGR
2019,596.29,Bulgaria,Diesel,BGR
2019,598.09,Bulgaria,Diesel,BGR
2019,597.16,Bulgaria,Diesel,BGR
2019,597.52,Bulgaria,Diesel,BGR
2019,596.39,Bulgaria,Diesel,BGR
2019,595.5,Bulgaria,Diesel,BGR
2019,596.04,Bulgaria,Diesel,BGR
2019,598.32,Bulgaria,Diesel,BGR
2019,597.8,Bulgaria,Diesel,BGR
2019,591.36,Bulgaria,Diesel,BGR
2019,586.14,Bulgaria,Diesel,BGR
2019,586.47,Bulgaria,Diesel,BGR
2019,588.76,Bulgaria,Diesel,BGR
2019,591.68,Bulgaria,Diesel,BGR
2019,595.32,Bulgaria,Diesel,BGR
2019,598.98,Bulgaria,Diesel,BGR
2019,598.85,Bulgaria,Diesel,BGR
2019,596.35,Bulgaria,Diesel,BGR
2019,596.51,Bulgaria,Diesel,BGR
2019,592.06,Bulgaria,Diesel,BGR
2019,589.33,Bulgaria,Diesel,BGR
2019,590.96,Bulgaria,Diesel,BGR
2019,593.28,Bulgaria,Diesel,BGR
2019,603.31,Bulgaria,Diesel,BGR
2019,615.4,Bulgaria,Diesel,BGR
2019,620.95,Bulgaria,Diesel,BGR
2019,624.15,Bulgaria,Diesel,BGR
2019,623.21,Bulgaria,Diesel,BGR
2019,619.48,Bulgaria,Diesel,BGR
2019,615.67,Bulgaria,Diesel,BGR
2019,611.36,Bulgaria,Diesel,BGR
2019,610.01,Bulgaria,Diesel,BGR
2019,608.63,Bulgaria,Diesel,BGR
2019,611.63,Bulgaria,Diesel,BGR
2019,609.18,Bulgaria,Diesel,BGR
2019,603.79,Bulgaria,Diesel,BGR
2019,602.12,Bulgaria,Diesel,BGR
2019,601.55,Bulgaria,Diesel,BGR
2019,586.35,Bulgaria,Diesel,BGR
2019,578.5,Bulgaria,Diesel,BGR
2019,570.7,Bulgaria,Diesel,BGR
2019,562.98,Bulgaria,Diesel,BGR
2019,558.83,Bulgaria,Diesel,BGR
2019,556.86,Bulgaria,Diesel,BGR
2019,561.69,Bulgaria,Diesel,BGR
2019,564.38,Bulgaria,Diesel,BGR
2018,578.6,Bulgaria,Diesel,BGR
2018,586.59,Bulgaria,Diesel,BGR
2018,616.82,Bulgaria,Diesel,BGR
2018,634.69,Bulgaria,Diesel,BGR
2018,647.09,Bulgaria,Diesel,BGR
2018,655.55,Bulgaria,Diesel,BGR
2018,666.1,Bulgaria,Diesel,BGR
2018,669.52,Bulgaria,Diesel,BGR
2018,661.79,Bulgaria,Diesel,BGR
2018,651.83,Bulgaria,Diesel,BGR
2018,632.75,Bulgaria,Diesel,BGR
2018,623.45,Bulgaria,Diesel,BGR
2018,620.91,Bulgaria,Diesel,BGR
2018,618.19,Bulgaria,Diesel,BGR
2018,617.63,Bulgaria,Diesel,BGR
2018,615.98,Bulgaria,Diesel,BGR
2018,614.94,Bulgaria,Diesel,BGR
2018,617.04,Bulgaria,Diesel,BGR
2018,613.52,Bulgaria,Diesel,BGR
2018,614.45,Bulgaria,Diesel,BGR
2018,611.22,Bulgaria,Diesel,BGR
2018,610.11,Bulgaria,Diesel,BGR
2018,610.92,Bulgaria,Diesel,BGR
2018,609.09,Bulgaria,Diesel,BGR
2018,609,Bulgaria,Diesel,BGR
2018,610.36,Bulgaria,Diesel,BGR
2018,611.26,Bulgaria,Diesel,BGR
2018,609.21,Bulgaria,Diesel,BGR
2018,605.93,Bulgaria,Diesel,BGR
2018,598.77,Bulgaria,Diesel,BGR
2018,586.33,Bulgaria,Diesel,BGR
2018,575.38,Bulgaria,Diesel,BGR
2018,564.95,Bulgaria,Diesel,BGR
2018,550.63,Bulgaria,Diesel,BGR
2018,541.94,Bulgaria,Diesel,BGR
2018,535.63,Bulgaria,Diesel,BGR
2018,533.8,Bulgaria,Diesel,BGR
2018,529.58,Bulgaria,Diesel,BGR
2018,527.62,Bulgaria,Diesel,BGR
2018,532.99,Bulgaria,Diesel,BGR
2018,539.85,Bulgaria,Diesel,BGR
2018,534.44,Bulgaria,Diesel,BGR
2018,542.23,Bulgaria,Diesel,BGR
2018,554.12,Bulgaria,Diesel,BGR
2018,557.74,Bulgaria,Diesel,BGR
2018,555.06,Bulgaria,Diesel,BGR
2018,542.23,Bulgaria,Diesel,BGR
2018,542.23,Bulgaria,Diesel,BGR
2018,537.25,Bulgaria,Diesel,BGR
2018,540.57,Bulgaria,Diesel,BGR
2017,531.62,Bulgaria,Diesel,BGR
2017,526.21,Bulgaria,Diesel,BGR
2017,527.79,Bulgaria,Diesel,BGR
2017,524.55,Bulgaria,Diesel,BGR
2017,522.59,Bulgaria,Diesel,BGR
2017,528.17,Bulgaria,Diesel,BGR
2017,516.37,Bulgaria,Diesel,BGR
2017,512.11,Bulgaria,Diesel,BGR
2017,506.36,Bulgaria,Diesel,BGR
2017,513.13,Bulgaria,Diesel,BGR
2017,517.01,Bulgaria,Diesel,BGR
2017,512.32,Bulgaria,Diesel,BGR
2017,509.72,Bulgaria,Diesel,BGR
2017,507.72,Bulgaria,Diesel,BGR
2017,499.37,Bulgaria,Diesel,BGR
2017,492.68,Bulgaria,Diesel,BGR
2017,491.78,Bulgaria,Diesel,BGR
2017,495.32,Bulgaria,Diesel,BGR
2017,493.49,Bulgaria,Diesel,BGR
2017,483.05,Bulgaria,Diesel,BGR
2017,475.29,Bulgaria,Diesel,BGR
2017,470.44,Bulgaria,Diesel,BGR
2017,470.56,Bulgaria,Diesel,BGR
2017,470.35,Bulgaria,Diesel,BGR
2017,468.26,Bulgaria,Diesel,BGR
2017,473.63,Bulgaria,Diesel,BGR
2017,483.52,Bulgaria,Diesel,BGR
2017,503.12,Bulgaria,Diesel,BGR
2017,509.64,Bulgaria,Diesel,BGR
2017,512.54,Bulgaria,Diesel,BGR
2017,515.9,Bulgaria,Diesel,BGR
2017,521.74,Bulgaria,Diesel,BGR
2017,525.1,Bulgaria,Diesel,BGR
2017,527.75,Bulgaria,Diesel,BGR
2017,529.2,Bulgaria,Diesel,BGR
2017,516.37,Bulgaria,Diesel,BGR
2017,517.39,Bulgaria,Diesel,BGR
2017,518.2,Bulgaria,Diesel,BGR
2017,529.45,Bulgaria,Diesel,BGR
2017,531.62,Bulgaria,Diesel,BGR
2017,531.58,Bulgaria,Diesel,BGR
2017,531.58,Bulgaria,Diesel,BGR
2017,536.31,Bulgaria,Diesel,BGR
2017,538.61,Bulgaria,Diesel,BGR
2017,540.23,Bulgaria,Diesel,BGR
2017,543.9,Bulgaria,Diesel,BGR
2017,547.26,Bulgaria,Diesel,BGR
2017,544.87,Bulgaria,Diesel,BGR
2017,539.21,Bulgaria,Diesel,BGR
2017,529.75,Bulgaria,Diesel,BGR
2025,874.13,Cyprus,Diesel,CYP
2025,873.3,Cyprus,Diesel,CYP
2025,872.56,Cyprus,Diesel,CYP
2025,872.57,Cyprus,Diesel,CYP
2025,872.2,Cyprus,Diesel,CYP
2025,869.88,Cyprus,Diesel,CYP
2025,852.82,Cyprus,Diesel,CYP
2025,839.97,Cyprus,Diesel,CYP
2025,824.24,Cyprus,Diesel,CYP
2024,824.22,Cyprus,Diesel,CYP
2024,823.01,Cyprus,Diesel,CYP
2024,823.11,Cyprus,Diesel,CYP
2024,823.01,Cyprus,Diesel,CYP
2024,822.36,Cyprus,Diesel,CYP
2024,816.34,Cyprus,Diesel,CYP
2024,806.9,Cyprus,Diesel,CYP
2024,805.17,Cyprus,Diesel,CYP
2024,802.13,Cyprus,Diesel,CYP
2024,805.97,Cyprus,Diesel,CYP
2024,808.95,Cyprus,Diesel,CYP
2024,801.26,Cyprus,Diesel,CYP
2024,794.44,Cyprus,Diesel,CYP
2024,798.11,Cyprus,Diesel,CYP
2024,818.65,Cyprus,Diesel,CYP
2024,818.65,Cyprus,Diesel,CYP
2024,822.21,Cyprus,Diesel,CYP
2024,839.22,Cyprus,Diesel,CYP
2024,853.84,Cyprus,Diesel,CYP
2024,861.85,Cyprus,Diesel,CYP
2024,872.31,Cyprus,Diesel,CYP
2024,884.45,Cyprus,Diesel,CYP
2024,900.6,Cyprus,Diesel,CYP
2024,908.84,Cyprus,Diesel,CYP
2024,910.45,Cyprus,Diesel,CYP
2024,907.08,Cyprus,Diesel,CYP
2024,895.9,Cyprus,Diesel,CYP
2024,876.14,Cyprus,Diesel,CYP
2024,871.24,Cyprus,Diesel,CYP
2024,880.11,Cyprus,Diesel,CYP
2024,882.74,Cyprus,Diesel,CYP
2024,893.65,Cyprus,Diesel,CYP
2024,907.52,Cyprus,Diesel,CYP
2024,922.27,Cyprus,Diesel,CYP
2024,934.38,Cyprus,Diesel,CYP
2024,937.13,Cyprus,Diesel,CYP
2024,938.41,Cyprus,Diesel,CYP
2024,938,Cyprus,Diesel,CYP
2024,927.02,Cyprus,Diesel,CYP
2024,926.98,Cyprus,Diesel,CYP
2024,926.58,Cyprus,Diesel,CYP
2024,927.06,Cyprus,Diesel,CYP
2024,931.07,Cyprus,Diesel,CYP
2024,930.84,Cyprus,Diesel,CYP
2024,925.79,Cyprus,Diesel,CYP
2024,914.48,Cyprus,Diesel,CYP
2024,901.22,Cyprus,Diesel,CYP
2024,881.64,Cyprus,Diesel,CYP
2024,876.6,Cyprus,Diesel,CYP
2024,876.48,Cyprus,Diesel,CYP
2024,876.36,Cyprus,Diesel,CYP
2024,882.75,Cyprus,Diesel,CYP
2024,888.13,Cyprus,Diesel,CYP
2023,893.99,Cyprus,Diesel,CYP
2023,907.05,Cyprus,Diesel,CYP
2023,942.58,Cyprus,Diesel,CYP
2023,961.88,Cyprus,Diesel,CYP
2023,981.82,Cyprus,Diesel,CYP
2023,996.34,Cyprus,Diesel,CYP
2023,1009.58,Cyprus,Diesel,CYP
2023,1022.58,Cyprus,Diesel,CYP
2023,1026.65,Cyprus,Diesel,CYP
2023,1028.33,Cyprus,Diesel,CYP
2023,1031.69,Cyprus,Diesel,CYP
2023,1036.21,Cyprus,Diesel,CYP
2023,1033.03,Cyprus,Diesel,CYP
2023,1031.43,Cyprus,Diesel,CYP
2023,998.13,Cyprus,Diesel,CYP
2023,988.03,Cyprus,Diesel,CYP
2023,971.22,Cyprus,Diesel,CYP
2023,953.96,Cyprus,Diesel,CYP
2023,936.46,Cyprus,Diesel,CYP
2023,921.6,Cyprus,Diesel,CYP
2023,891.47,Cyprus,Diesel,CYP
2023,867.62,Cyprus,Diesel,CYP
2023,849.45,Cyprus,Diesel,CYP
2023,841.06,Cyprus,Diesel,CYP
2023,841.75,Cyprus,Diesel,CYP
2023,843.54,Cyprus,Diesel,CYP
2023,842.17,Cyprus,Diesel,CYP
2023,819.32,Cyprus,Diesel,CYP
2023,819.04,Cyprus,Diesel,CYP
2023,819.26,Cyprus,Diesel,CYP
2023,821.38,Cyprus,Diesel,CYP
2023,827.09,Cyprus,Diesel,CYP
2023,852.38,Cyprus,Diesel,CYP
2023,867.57,Cyprus,Diesel,CYP
2023,879.3,Cyprus,Diesel,CYP
2023,891.51,Cyprus,Diesel,CYP
2023,895.36,Cyprus,Diesel,CYP
2023,898.78,Cyprus,Diesel,CYP
2023,907.97,Cyprus,Diesel,CYP
2023,931.57,Cyprus,Diesel,CYP
2023,953.27,Cyprus,Diesel,CYP
2023,961.19,Cyprus,Diesel,CYP
2023,965.76,Cyprus,Diesel,CYP
2023,970.48,Cyprus,Diesel,CYP
2023,978.1,Cyprus,Diesel,CYP
2023,986.53,Cyprus,Diesel,CYP
2023,978.67,Cyprus,Diesel,CYP
2023,978.55,Cyprus,Diesel,CYP
2023,978.66,Cyprus,Diesel,CYP
2023,981.89,Cyprus,Diesel,CYP
2023,989.27,Cyprus,Diesel,CYP
2023,1014.18,Cyprus,Diesel,CYP
2022,1057.33,Cyprus,Diesel,CYP
2022,1067.12,Cyprus,Diesel,CYP
2022,1090.67,Cyprus,Diesel,CYP
2022,1127.01,Cyprus,Diesel,CYP
2022,1175.83,Cyprus,Diesel,CYP
2022,1197.5,Cyprus,Diesel,CYP
2022,1220.15,Cyprus,Diesel,CYP
2022,1233.45,Cyprus,Diesel,CYP
2022,1246.65,Cyprus,Diesel,CYP
2022,1237.59,Cyprus,Diesel,CYP
2022,1174.69,Cyprus,Diesel,CYP
2022,1155.9,Cyprus,Diesel,CYP
2022,1172.4,Cyprus,Diesel,CYP
2022,1192.83,Cyprus,Diesel,CYP
2022,1200.56,Cyprus,Diesel,CYP
2022,1202.41,Cyprus,Diesel,CYP
2022,1184.83,Cyprus,Diesel,CYP
2022,1185.43,Cyprus,Diesel,CYP
2022,1195.56,Cyprus,Diesel,CYP
2022,1233.88,Cyprus,Diesel,CYP
2022,1242.81,Cyprus,Diesel,CYP
2022,1253.52,Cyprus,Diesel,CYP
2022,1296.08,Cyprus,Diesel,CYP
2022,1309.7,Cyprus,Diesel,CYP
2022,1330.38,Cyprus,Diesel,CYP
2022,1331.12,Cyprus,Diesel,CYP
2022,1319.86,Cyprus,Diesel,CYP
2022,1238.86,Cyprus,Diesel,CYP
2022,1223.41,Cyprus,Diesel,CYP
2022,1205.92,Cyprus,Diesel,CYP
2022,1182.38,Cyprus,Diesel,CYP
2022,1184.01,Cyprus,Diesel,CYP
2022,1175.64,Cyprus,Diesel,CYP
2022,1149.83,Cyprus,Diesel,CYP
2022,1125.09,Cyprus,Diesel,CYP
2022,1118.2,Cyprus,Diesel,CYP
2022,1111.24,Cyprus,Diesel,CYP
2022,1105,Cyprus,Diesel,CYP
2022,1082.24,Cyprus,Diesel,CYP
2022,1073.12,Cyprus,Diesel,CYP
2022,963.78,Cyprus,Diesel,CYP
2022,843.96,Cyprus,Diesel,CYP
2022,834.84,Cyprus,Diesel,CYP
2022,832.75,Cyprus,Diesel,CYP
2022,822.95,Cyprus,Diesel,CYP
2022,813.15,Cyprus,Diesel,CYP
2022,791.03,Cyprus,Diesel,CYP
2022,782.54,Cyprus,Diesel,CYP
2022,774.89,Cyprus,Diesel,CYP
2022,775.8,Cyprus,Diesel,CYP
2022,779.07,Cyprus,Diesel,CYP
2021,785.2,Cyprus,Diesel,CYP
2021,790.04,Cyprus,Diesel,CYP
2021,793.5,Cyprus,Diesel,CYP
2021,803.23,Cyprus,Diesel,CYP
2021,803.61,Cyprus,Diesel,CYP
2021,803.63,Cyprus,Diesel,CYP
2021,803.02,Cyprus,Diesel,CYP
2021,773.85,Cyprus,Diesel,CYP
2021,784.66,Cyprus,Diesel,CYP
2021,763.57,Cyprus,Diesel,CYP
2021,739.67,Cyprus,Diesel,CYP
2021,716.15,Cyprus,Diesel,CYP
2021,715.42,Cyprus,Diesel,CYP
2021,694.07,Cyprus,Diesel,CYP
2021,691.76,Cyprus,Diesel,CYP
2021,686.57,Cyprus,Diesel,CYP
2021,687.91,Cyprus,Diesel,CYP
2021,690.84,Cyprus,Diesel,CYP
2021,691.08,Cyprus,Diesel,CYP
2021,691.01,Cyprus,Diesel,CYP
2021,690.43,Cyprus,Diesel,CYP
2021,689.61,Cyprus,Diesel,CYP
2021,683.54,Cyprus,Diesel,CYP
2021,680.59,Cyprus,Diesel,CYP
2021,670.66,Cyprus,Diesel,CYP
2021,661.24,Cyprus,Diesel,CYP
2021,652.78,Cyprus,Diesel,CYP
2021,646.31,Cyprus,Diesel,CYP
2021,636.64,Cyprus,Diesel,CYP
2021,631.29,Cyprus,Diesel,CYP
2021,631.08,Cyprus,Diesel,CYP
2021,630.63,Cyprus,Diesel,CYP
2021,622.25,Cyprus,Diesel,CYP
2021,622.23,Cyprus,Diesel,CYP
2021,622.11,Cyprus,Diesel,CYP
2021,617.92,Cyprus,Diesel,CYP
2021,616.34,Cyprus,Diesel,CYP
2021,616.79,Cyprus,Diesel,CYP
2021,615.67,Cyprus,Diesel,CYP
2021,601.47,Cyprus,Diesel,CYP
2021,584.79,Cyprus,Diesel,CYP
2021,581.3,Cyprus,Diesel,CYP
2021,560.09,Cyprus,Diesel,CYP
2021,545.96,Cyprus,Diesel,CYP
2021,539.14,Cyprus,Diesel,CYP
2021,536.55,Cyprus,Diesel,CYP
2021,531.82,Cyprus,Diesel,CYP
2021,530.22,Cyprus,Diesel,CYP
2021,524.78,Cyprus,Diesel,CYP
2020,503.58,Cyprus,Diesel,CYP
2020,500.47,Cyprus,Diesel,CYP
2020,496.71,Cyprus,Diesel,CYP
2020,495.59,Cyprus,Diesel,CYP
2020,495.64,Cyprus,Diesel,CYP
2020,496.37,Cyprus,Diesel,CYP
2020,499.29,Cyprus,Diesel,CYP
2020,504.89,Cyprus,Diesel,CYP
2020,504.89,Cyprus,Diesel,CYP
2020,506.17,Cyprus,Diesel,CYP
2020,506.91,Cyprus,Diesel,CYP
2020,507.72,Cyprus,Diesel,CYP
2020,511.23,Cyprus,Diesel,CYP
2020,516.12,Cyprus,Diesel,CYP
2020,517.54,Cyprus,Diesel,CYP
2020,510,Cyprus,Diesel,CYP
2020,510,Cyprus,Diesel,CYP
2020,510.68,Cyprus,Diesel,CYP
2020,512.67,Cyprus,Diesel,CYP
2020,514.58,Cyprus,Diesel,CYP
2020,514.51,Cyprus,Diesel,CYP
2020,514.48,Cyprus,Diesel,CYP
2020,513.99,Cyprus,Diesel,CYP
2020,491.09,Cyprus,Diesel,CYP
2020,491.09,Cyprus,Diesel,CYP
2020,491.01,Cyprus,Diesel,CYP
2020,449.03,Cyprus,Diesel,CYP
2020,442.38,Cyprus,Diesel,CYP
2020,422.8,Cyprus,Diesel,CYP
2020,422.33,Cyprus,Diesel,CYP
2020,422.31,Cyprus,Diesel,CYP
2020,414.51,Cyprus,Diesel,CYP
2020,409.66,Cyprus,Diesel,CYP
2020,434.48,Cyprus,Diesel,CYP
2020,482.17,Cyprus,Diesel,CYP
2020,494.28,Cyprus,Diesel,CYP
2020,526.86,Cyprus,Diesel,CYP
2020,546.59,Cyprus,Diesel,CYP
2020,554.14,Cyprus,Diesel,CYP
2020,604.09,Cyprus,Diesel,CYP
2020,624.21,Cyprus,Diesel,CYP
2020,629.69,Cyprus,Diesel,CYP
2020,631.77,Cyprus,Diesel,CYP
2020,643.68,Cyprus,Diesel,CYP
2020,660.63,Cyprus,Diesel,CYP
2020,674.23,Cyprus,Diesel,CYP
2020,673.89,Cyprus,Diesel,CYP
2020,668.89,Cyprus,Diesel,CYP
2020,662.69,Cyprus,Diesel,CYP
2020,657.39,Cyprus,Diesel,CYP
2019,643.71,Cyprus,Diesel,CYP
2019,643.71,Cyprus,Diesel,CYP
2019,644.7,Cyprus,Diesel,CYP
2019,644.86,Cyprus,Diesel,CYP
2019,646.05,Cyprus,Diesel,CYP
2019,638.19,Cyprus,Diesel,CYP
2019,636.91,Cyprus,Diesel,CYP
2019,633.6,Cyprus,Diesel,CYP
2019,635.59,Cyprus,Diesel,CYP
2019,638.51,Cyprus,Diesel,CYP
2019,643.56,Cyprus,Diesel,CYP
2019,642.12,Cyprus,Diesel,CYP
2019,633.01,Cyprus,Diesel,CYP
2019,615.43,Cyprus,Diesel,CYP
2019,610.5,Cyprus,Diesel,CYP
2019,610.67,Cyprus,Diesel,CYP
2019,609.03,Cyprus,Diesel,CYP
2019,626.53,Cyprus,Diesel,CYP
2019,632.75,Cyprus,Diesel,CYP
2019,626.33,Cyprus,Diesel,CYP
2019,626.85,Cyprus,Diesel,CYP
2019,625.28,Cyprus,Diesel,CYP
2019,613.91,Cyprus,Diesel,CYP
2019,612.84,Cyprus,Diesel,CYP
2019,607.7,Cyprus,Diesel,CYP
2019,607.23,Cyprus,Diesel,CYP
2019,602.79,Cyprus,Diesel,CYP
2019,637.85,Cyprus,Diesel,CYP
2019,655.97,Cyprus,Diesel,CYP
2019,662.27,Cyprus,Diesel,CYP
2019,652.92,Cyprus,Diesel,CYP
2019,653.12,Cyprus,Diesel,CYP
2019,650.34,Cyprus,Diesel,CYP
2019,642.28,Cyprus,Diesel,CYP
2019,638,Cyprus,Diesel,CYP
2019,635.13,Cyprus,Diesel,CYP
2019,635.69,Cyprus,Diesel,CYP
2019,632.84,Cyprus,Diesel,CYP
2019,635.31,Cyprus,Diesel,CYP
2019,631.54,Cyprus,Diesel,CYP
2019,625.39,Cyprus,Diesel,CYP
2019,611.66,Cyprus,Diesel,CYP
2019,602.06,Cyprus,Diesel,CYP
2019,595.27,Cyprus,Diesel,CYP
2019,589.22,Cyprus,Diesel,CYP
2019,577.1,Cyprus,Diesel,CYP
2019,573.16,Cyprus,Diesel,CYP
2019,573.38,Cyprus,Diesel,CYP
2019,583.26,Cyprus,Diesel,CYP
2018,628.55,Cyprus,Diesel,CYP
2018,629.33,Cyprus,Diesel,CYP
2018,655.86,Cyprus,Diesel,CYP
2018,683.29,Cyprus,Diesel,CYP
2018,689.17,Cyprus,Diesel,CYP
2018,700.82,Cyprus,Diesel,CYP
2018,703.48,Cyprus,Diesel,CYP
2018,706.71,Cyprus,Diesel,CYP
2018,705.71,Cyprus,Diesel,CYP
2018,701.74,Cyprus,Diesel,CYP
2018,686.8,Cyprus,Diesel,CYP
2018,674.48,Cyprus,Diesel,CYP
2018,675.16,Cyprus,Diesel,CYP
2018,676.48,Cyprus,Diesel,CYP
2018,674.55,Cyprus,Diesel,CYP
2018,654.52,Cyprus,Diesel,CYP
2018,654.32,Cyprus,Diesel,CYP
2018,652.81,Cyprus,Diesel,CYP
2018,652.81,Cyprus,Diesel,CYP
2018,653.03,Cyprus,Diesel,CYP
2018,653.96,Cyprus,Diesel,CYP
2018,656.52,Cyprus,Diesel,CYP
2018,656.61,Cyprus,Diesel,CYP
2018,650.34,Cyprus,Diesel,CYP
2018,653.81,Cyprus,Diesel,CYP
2018,661.69,Cyprus,Diesel,CYP
2018,668.41,Cyprus,Diesel,CYP
2018,670.75,Cyprus,Diesel,CYP
2018,670.95,Cyprus,Diesel,CYP
2018,656.96,Cyprus,Diesel,CYP
2018,639.76,Cyprus,Diesel,CYP
2018,626.17,Cyprus,Diesel,CYP
2018,624,Cyprus,Diesel,CYP
2018,603.74,Cyprus,Diesel,CYP
2018,591.71,Cyprus,Diesel,CYP
2018,587.84,Cyprus,Diesel,CYP
2018,581.93,Cyprus,Diesel,CYP
2018,575.96,Cyprus,Diesel,CYP
2018,576.09,Cyprus,Diesel,CYP
2018,576.15,Cyprus,Diesel,CYP
2018,576.23,Cyprus,Diesel,CYP
2018,578.44,Cyprus,Diesel,CYP
2018,581.93,Cyprus,Diesel,CYP
2018,591.63,Cyprus,Diesel,CYP
2018,592.77,Cyprus,Diesel,CYP
2018,592.45,Cyprus,Diesel,CYP
2018,591.65,Cyprus,Diesel,CYP
2018,586.19,Cyprus,Diesel,CYP
2018,582.5,Cyprus,Diesel,CYP
2018,579.61,Cyprus,Diesel,CYP
2017,579.51,Cyprus,Diesel,CYP
2017,584.34,Cyprus,Diesel,CYP
2017,584.34,Cyprus,Diesel,CYP
2017,584.34,Cyprus,Diesel,CYP
2017,585.52,Cyprus,Diesel,CYP
2017,569.93,Cyprus,Diesel,CYP
2017,554.62,Cyprus,Diesel,CYP
2017,553.71,Cyprus,Diesel,CYP
2017,553.12,Cyprus,Diesel,CYP
2017,552.56,Cyprus,Diesel,CYP
2017,551.45,Cyprus,Diesel,CYP
2017,551.22,Cyprus,Diesel,CYP
2017,536.87,Cyprus,Diesel,CYP
2017,525.9,Cyprus,Diesel,CYP
2017,526.85,Cyprus,Diesel,CYP
2017,526.93,Cyprus,Diesel,CYP
2017,526.93,Cyprus,Diesel,CYP
2017,526.93,Cyprus,Diesel,CYP
2017,526.93,Cyprus,Diesel,CYP
2017,510.59,Cyprus,Diesel,CYP
2017,508.93,Cyprus,Diesel,CYP
2017,502.19,Cyprus,Diesel,CYP
2017,502.19,Cyprus,Diesel,CYP
2017,503.81,Cyprus,Diesel,CYP
2017,511.13,Cyprus,Diesel,CYP
2017,512.72,Cyprus,Diesel,CYP
2017,515.48,Cyprus,Diesel,CYP
2017,527.59,Cyprus,Diesel,CYP
2017,534.92,Cyprus,Diesel,CYP
2017,534.92,Cyprus,Diesel,CYP
2017,534.96,Cyprus,Diesel,CYP
2017,540.86,Cyprus,Diesel,CYP
2017,562.75,Cyprus,Diesel,CYP
2017,571.54,Cyprus,Diesel,CYP
2017,574.17,Cyprus,Diesel,CYP
2017,550.5,Cyprus,Diesel,CYP
2017,557.08,Cyprus,Diesel,CYP
2017,563.21,Cyprus,Diesel,CYP
2017,566.92,Cyprus,Diesel,CYP
2017,576.27,Cyprus,Diesel,CYP
2017,576.31,Cyprus,Diesel,CYP
2017,576.17,Cyprus,Diesel,CYP
2017,571.48,Cyprus,Diesel,CYP
2017,571.48,Cyprus,Diesel,CYP
2017,571.48,Cyprus,Diesel,CYP
2017,571.63,Cyprus,Diesel,CYP
2017,571.39,Cyprus,Diesel,CYP
2017,569.98,Cyprus,Diesel,CYP
2017,565.09,Cyprus,Diesel,CYP
2017,557.96,Cyprus,Diesel,CYP
2025,777.7921663943898,Czechia,Diesel,CZE
2025,791.2772324634906,Czechia,Diesel,CZE
2025,792.0605842911878,Czechia,Diesel,CZE
2025,788.5570135205201,Czechia,Diesel,CZE
2025,784.5414587788073,Czechia,Diesel,CZE
2025,801.0126683132818,Czechia,Diesel,CZE
2025,788.039985719386,Czechia,Diesel,CZE
2025,768.2215616329765,Czechia,Diesel,CZE
2025,762.0986721793752,Czechia,Diesel,CZE
2024,755.6318877348767,Czechia,Diesel,CZE
2024,755.0137258802466,Czechia,Diesel,CZE
2024,755.1274165202108,Czechia,Diesel,CZE
2024,763.1610409277487,Czechia,Diesel,CZE
2024,759.3746536847938,Czechia,Diesel,CZE
2024,753.2113065823283,Czechia,Diesel,CZE
2024,706.2321018906731,Czechia,Diesel,CZE
2024,729.3006827420182,Czechia,Diesel,CZE
2024,731.1966149952547,Czechia,Diesel,CZE
2024,732.6609594445323,Czechia,Diesel,CZE
2024,733.9991293335443,Czechia,Diesel,CZE
2024,724.4286110121523,Czechia,Diesel,CZE
2024,707.8398958415529,Czechia,Diesel,CZE
2024,708.9803049555273,Czechia,Diesel,CZE
2024,714.3075145429914,Czechia,Diesel,CZE
2024,717.3356415154409,Czechia,Diesel,CZE
2024,744.6461219113011,Czechia,Diesel,CZE
2024,765.7125174685565,Czechia,Diesel,CZE
2024,775.8540385076296,Czechia,Diesel,CZE
2024,785.6669711290258,Czechia,Diesel,CZE
2024,792.0958773532449,Czechia,Diesel,CZE
2024,803.1520107450424,Czechia,Diesel,CZE
2024,807.7974853178828,Czechia,Diesel,CZE
2024,814.4666037290535,Czechia,Diesel,CZE
2024,822.0411454645583,Czechia,Diesel,CZE
2024,830.6998648756061,Czechia,Diesel,CZE
2024,823.6254391568189,Czechia,Diesel,CZE
2024,817.1670750813481,Czechia,Diesel,CZE
2024,796.9172841005709,Czechia,Diesel,CZE
2024,805.9997564539698,Czechia,Diesel,CZE
2024,827.4656204497653,Czechia,Diesel,CZE
2024,843.2373751667812,Czechia,Diesel,CZE
2024,850.6739938580894,Czechia,Diesel,CZE
2024,866.6863069534686,Czechia,Diesel,CZE
2024,875.6959391878377,Czechia,Diesel,CZE
2024,886.9648460774578,Czechia,Diesel,CZE
2024,892.153115727003,Czechia,Diesel,CZE
2024,888.8931448428368,Czechia,Diesel,CZE
2024,882.7254809208451,Czechia,Diesel,CZE
2024,869.7866046071317,Czechia,Diesel,CZE
2024,866.6,Czechia,Diesel,CZE
2024,866.24,Czechia,Diesel,CZE
2024,864.68,Czechia,Diesel,CZE
2024,869.1,Czechia,Diesel,CZE
2024,860.91,Czechia,Diesel,CZE
2024,860.91,Czechia,Diesel,CZE
2024,839.83,Czechia,Diesel,CZE
2024,834.76,Czechia,Diesel,CZE
2024,824.93,Czechia,Diesel,CZE
2024,817.45,Czechia,Diesel,CZE
2024,807.5,Czechia,Diesel,CZE
2024,815.63,Czechia,Diesel,CZE
2024,815.33,Czechia,Diesel,CZE
2023,817.56,Czechia,Diesel,CZE
2023,824.48,Czechia,Diesel,CZE
2023,844.13,Czechia,Diesel,CZE
2023,862.44,Czechia,Diesel,CZE
2023,874.6,Czechia,Diesel,CZE
2023,889.74,Czechia,Diesel,CZE
2023,910.79,Czechia,Diesel,CZE
2023,924.99,Czechia,Diesel,CZE
2023,924.26,Czechia,Diesel,CZE
2023,925.42,Czechia,Diesel,CZE
2023,933.35,Czechia,Diesel,CZE
2023,956.93,Czechia,Diesel,CZE
2023,956.68,Czechia,Diesel,CZE
2023,959.94,Czechia,Diesel,CZE
2023,944.61,Czechia,Diesel,CZE
2023,890.5,Czechia,Diesel,CZE
2023,894.99,Czechia,Diesel,CZE
2023,887.07,Czechia,Diesel,CZE
2023,885.3,Czechia,Diesel,CZE
2023,872.6,Czechia,Diesel,CZE
2023,832.5,Czechia,Diesel,CZE
2023,799.08,Czechia,Diesel,CZE
2023,773.5,Czechia,Diesel,CZE
2023,783.36,Czechia,Diesel,CZE
2023,772.22,Czechia,Diesel,CZE
2023,778.64,Czechia,Diesel,CZE
2023,775.97,Czechia,Diesel,CZE
2023,749.41,Czechia,Diesel,CZE
2023,736.62,Czechia,Diesel,CZE
2023,739.24,Czechia,Diesel,CZE
2023,727.47,Czechia,Diesel,CZE
2023,730.23,Czechia,Diesel,CZE
2023,743.87,Czechia,Diesel,CZE
2023,769.45,Czechia,Diesel,CZE
2023,797.7,Czechia,Diesel,CZE
2023,825.19,Czechia,Diesel,CZE
2023,853.69,Czechia,Diesel,CZE
2023,861.7,Czechia,Diesel,CZE
2023,874.1,Czechia,Diesel,CZE
2023,870.86,Czechia,Diesel,CZE
2023,872.77,Czechia,Diesel,CZE
2023,898.85,Czechia,Diesel,CZE
2023,912.43,Czechia,Diesel,CZE
2023,914.22,Czechia,Diesel,CZE
2023,918.55,Czechia,Diesel,CZE
2023,925.09,Czechia,Diesel,CZE
2023,951.35,Czechia,Diesel,CZE
2023,948.31,Czechia,Diesel,CZE
2023,935.79,Czechia,Diesel,CZE
2023,933.26,Czechia,Diesel,CZE
2023,937.7,Czechia,Diesel,CZE
2023,942.69,Czechia,Diesel,CZE
2022,940.37,Czechia,Diesel,CZE
2022,943.99,Czechia,Diesel,CZE
2022,955.83,Czechia,Diesel,CZE
2022,1012.55,Czechia,Diesel,CZE
2022,1060.3,Czechia,Diesel,CZE
2022,1121.77,Czechia,Diesel,CZE
2022,1184.79,Czechia,Diesel,CZE
2022,1226.81,Czechia,Diesel,CZE
2022,1247.18,Czechia,Diesel,CZE
2022,1253.32,Czechia,Diesel,CZE
2022,1219.97,Czechia,Diesel,CZE
2022,1149.34,Czechia,Diesel,CZE
2022,1102.8,Czechia,Diesel,CZE
2022,1102.64,Czechia,Diesel,CZE
2022,1145.92,Czechia,Diesel,CZE
2022,1162.35,Czechia,Diesel,CZE
2022,1183.4,Czechia,Diesel,CZE
2022,1167.3,Czechia,Diesel,CZE
2022,1077.4,Czechia,Diesel,CZE
2022,1091.09,Czechia,Diesel,CZE
2022,1139.11,Czechia,Diesel,CZE
2022,1180.09,Czechia,Diesel,CZE
2022,1221.31,Czechia,Diesel,CZE
2022,1246.3,Czechia,Diesel,CZE
2022,1259.48,Czechia,Diesel,CZE
2022,1262.41,Czechia,Diesel,CZE
2022,1269.2,Czechia,Diesel,CZE
2022,1256.96,Czechia,Diesel,CZE
2022,1216.69,Czechia,Diesel,CZE
2022,1173.59,Czechia,Diesel,CZE
2022,1136.82,Czechia,Diesel,CZE
2022,1146,Czechia,Diesel,CZE
2022,1143.73,Czechia,Diesel,CZE
2022,1132.9,Czechia,Diesel,CZE
2022,1108.96,Czechia,Diesel,CZE
2022,1105.39,Czechia,Diesel,CZE
2022,1128.81,Czechia,Diesel,CZE
2022,1182.7,Czechia,Diesel,CZE
2022,1180.64,Czechia,Diesel,CZE
2022,1133.23,Czechia,Diesel,CZE
2022,1234.11,Czechia,Diesel,CZE
2022,1097.78,Czechia,Diesel,CZE
2022,864.38,Czechia,Diesel,CZE
2022,829.21,Czechia,Diesel,CZE
2022,813.36,Czechia,Diesel,CZE
2022,813.19,Czechia,Diesel,CZE
2022,793.6,Czechia,Diesel,CZE
2022,781.45,Czechia,Diesel,CZE
2022,777.05,Czechia,Diesel,CZE
2022,777.13,Czechia,Diesel,CZE
2022,764.82,Czechia,Diesel,CZE
2021,761.55,Czechia,Diesel,CZE
2021,759.8,Czechia,Diesel,CZE
2021,769.02,Czechia,Diesel,CZE
2021,767,Czechia,Diesel,CZE
2021,781.48,Czechia,Diesel,CZE
2021,789.46,Czechia,Diesel,CZE
2021,787.29,Czechia,Diesel,CZE
2021,769.53,Czechia,Diesel,CZE
2021,753.21,Czechia,Diesel,CZE
2021,738.02,Czechia,Diesel,CZE
2021,713.46,Czechia,Diesel,CZE
2021,675.05,Czechia,Diesel,CZE
2021,650.51,Czechia,Diesel,CZE
2021,642.66,Czechia,Diesel,CZE
2021,642.41,Czechia,Diesel,CZE
2021,636.88,Czechia,Diesel,CZE
2021,632.99,Czechia,Diesel,CZE
2021,634.93,Czechia,Diesel,CZE
2021,636.81,Czechia,Diesel,CZE
2021,637.81,Czechia,Diesel,CZE
2021,636.95,Czechia,Diesel,CZE
2021,632.69,Czechia,Diesel,CZE
2021,632.29,Czechia,Diesel,CZE
2021,626.24,Czechia,Diesel,CZE
2021,608.4,Czechia,Diesel,CZE
2021,610.48,Czechia,Diesel,CZE
2021,600.3,Czechia,Diesel,CZE
2021,596.98,Czechia,Diesel,CZE
2021,592.52,Czechia,Diesel,CZE
2021,585.91,Czechia,Diesel,CZE
2021,586.89,Czechia,Diesel,CZE
2021,584.44,Czechia,Diesel,CZE
2021,569.5,Czechia,Diesel,CZE
2021,565.47,Czechia,Diesel,CZE
2021,564.38,Czechia,Diesel,CZE
2021,562.29,Czechia,Diesel,CZE
2021,559.81,Czechia,Diesel,CZE
2021,560.36,Czechia,Diesel,CZE
2021,557.66,Czechia,Diesel,CZE
2021,547,Czechia,Diesel,CZE
2021,521.03,Czechia,Diesel,CZE
2021,514.06,Czechia,Diesel,CZE
2021,505.49,Czechia,Diesel,CZE
2021,508.23,Czechia,Diesel,CZE
2021,503.26,Czechia,Diesel,CZE
2021,492.35,Czechia,Diesel,CZE
2021,490.05,Czechia,Diesel,CZE
2021,487.24,Czechia,Diesel,CZE
2021,483.21,Czechia,Diesel,CZE
2020,451.72,Czechia,Diesel,CZE
2020,448.93,Czechia,Diesel,CZE
2020,440.17,Czechia,Diesel,CZE
2020,440.19,Czechia,Diesel,CZE
2020,438.26,Czechia,Diesel,CZE
2020,433.45,Czechia,Diesel,CZE
2020,432.86,Czechia,Diesel,CZE
2020,426.66,Czechia,Diesel,CZE
2020,424.43,Czechia,Diesel,CZE
2020,420.85,Czechia,Diesel,CZE
2020,422.1,Czechia,Diesel,CZE
2020,422.11,Czechia,Diesel,CZE
2020,419.19,Czechia,Diesel,CZE
2020,423.5,Czechia,Diesel,CZE
2020,431.99,Czechia,Diesel,CZE
2020,441.28,Czechia,Diesel,CZE
2020,447.45,Czechia,Diesel,CZE
2020,450.16,Czechia,Diesel,CZE
2020,452.06,Czechia,Diesel,CZE
2020,453.22,Czechia,Diesel,CZE
2020,452.35,Czechia,Diesel,CZE
2020,454.94,Czechia,Diesel,CZE
2020,446.55,Czechia,Diesel,CZE
2020,438.3,Czechia,Diesel,CZE
2020,433.18,Czechia,Diesel,CZE
2020,417.86,Czechia,Diesel,CZE
2020,407.93,Czechia,Diesel,CZE
2020,403.19,Czechia,Diesel,CZE
2020,400.66,Czechia,Diesel,CZE
2020,391.96,Czechia,Diesel,CZE
2020,384.62,Czechia,Diesel,CZE
2020,374.33,Czechia,Diesel,CZE
2020,369.76,Czechia,Diesel,CZE
2020,380.8,Czechia,Diesel,CZE
2020,392.02,Czechia,Diesel,CZE
2020,407.64,Czechia,Diesel,CZE
2020,420.83,Czechia,Diesel,CZE
2020,443.84,Czechia,Diesel,CZE
2020,460.32,Czechia,Diesel,CZE
2020,508.94,Czechia,Diesel,CZE
2020,563.43,Czechia,Diesel,CZE
2020,577.28,Czechia,Diesel,CZE
2020,589.42,Czechia,Diesel,CZE
2020,600.96,Czechia,Diesel,CZE
2020,598.27,Czechia,Diesel,CZE
2020,603.38,Czechia,Diesel,CZE
2020,608.67,Czechia,Diesel,CZE
2020,614.66,Czechia,Diesel,CZE
2020,615.87,Czechia,Diesel,CZE
2020,607.64,Czechia,Diesel,CZE
2019,595.32,Czechia,Diesel,CZE
2019,595.99,Czechia,Diesel,CZE
2019,596.27,Czechia,Diesel,CZE
2019,598.26,Czechia,Diesel,CZE
2019,596.25,Czechia,Diesel,CZE
2019,599.07,Czechia,Diesel,CZE
2019,599.76,Czechia,Diesel,CZE
2019,602.6,Czechia,Diesel,CZE
2019,598.65,Czechia,Diesel,CZE
2019,595.42,Czechia,Diesel,CZE
2019,603.57,Czechia,Diesel,CZE
2019,596.32,Czechia,Diesel,CZE
2019,593.85,Czechia,Diesel,CZE
2019,586.98,Czechia,Diesel,CZE
2019,586.63,Czechia,Diesel,CZE
2019,585.44,Czechia,Diesel,CZE
2019,589.25,Czechia,Diesel,CZE
2019,586.61,Czechia,Diesel,CZE
2019,587.56,Czechia,Diesel,CZE
2019,595.1,Czechia,Diesel,CZE
2019,599.24,Czechia,Diesel,CZE
2019,602,Czechia,Diesel,CZE
2019,597.14,Czechia,Diesel,CZE
2019,599.61,Czechia,Diesel,CZE
2019,601.93,Czechia,Diesel,CZE
2019,601.39,Czechia,Diesel,CZE
2019,606.53,Czechia,Diesel,CZE
2019,612.03,Czechia,Diesel,CZE
2019,618.16,Czechia,Diesel,CZE
2019,616.06,Czechia,Diesel,CZE
2019,614.7,Czechia,Diesel,CZE
2019,611.16,Czechia,Diesel,CZE
2019,609.69,Czechia,Diesel,CZE
2019,606.13,Czechia,Diesel,CZE
2019,594.35,Czechia,Diesel,CZE
2019,591.75,Czechia,Diesel,CZE
2019,585.17,Czechia,Diesel,CZE
2019,584.42,Czechia,Diesel,CZE
2019,587.27,Czechia,Diesel,CZE
2019,579.75,Czechia,Diesel,CZE
2019,576.6,Czechia,Diesel,CZE
2019,571.7,Czechia,Diesel,CZE
2019,565.24,Czechia,Diesel,CZE
2019,566.01,Czechia,Diesel,CZE
2019,565.92,Czechia,Diesel,CZE
2019,566.67,Czechia,Diesel,CZE
2019,573.33,Czechia,Diesel,CZE
2019,579.86,Czechia,Diesel,CZE
2019,589.28,Czechia,Diesel,CZE
2018,614.54,Czechia,Diesel,CZE
2018,623,Czechia,Diesel,CZE
2018,629.84,Czechia,Diesel,CZE
2018,641.45,Czechia,Diesel,CZE
2018,643.15,Czechia,Diesel,CZE
2018,650.77,Czechia,Diesel,CZE
2018,653.47,Czechia,Diesel,CZE
2018,648.7,Czechia,Diesel,CZE
2018,647.16,Czechia,Diesel,CZE
2018,643.99,Czechia,Diesel,CZE
2018,636.3,Czechia,Diesel,CZE
2018,621.94,Czechia,Diesel,CZE
2018,621.91,Czechia,Diesel,CZE
2018,625.51,Czechia,Diesel,CZE
2018,619.27,Czechia,Diesel,CZE
2018,610.9,Czechia,Diesel,CZE
2018,609.48,Czechia,Diesel,CZE
2018,607.65,Czechia,Diesel,CZE
2018,611.12,Czechia,Diesel,CZE
2018,612.07,Czechia,Diesel,CZE
2018,611.24,Czechia,Diesel,CZE
2018,607.06,Czechia,Diesel,CZE
2018,612.15,Czechia,Diesel,CZE
2018,613.63,Czechia,Diesel,CZE
2018,603.05,Czechia,Diesel,CZE
2018,603.34,Czechia,Diesel,CZE
2018,613.39,Czechia,Diesel,CZE
2018,618,Czechia,Diesel,CZE
2018,617.12,Czechia,Diesel,CZE
2018,608.25,Czechia,Diesel,CZE
2018,584.87,Czechia,Diesel,CZE
2018,576.04,Czechia,Diesel,CZE
2018,564.91,Czechia,Diesel,CZE
2018,551.17,Czechia,Diesel,CZE
2018,550.21,Czechia,Diesel,CZE
2018,548.68,Czechia,Diesel,CZE
2018,538.54,Czechia,Diesel,CZE
2018,529.93,Czechia,Diesel,CZE
2018,528.34,Czechia,Diesel,CZE
2018,529.31,Czechia,Diesel,CZE
2018,530.91,Czechia,Diesel,CZE
2018,532.48,Czechia,Diesel,CZE
2018,536.34,Czechia,Diesel,CZE
2018,543.93,Czechia,Diesel,CZE
2018,551.43,Czechia,Diesel,CZE
2018,548.31,Czechia,Diesel,CZE
2018,545.07,Czechia,Diesel,CZE
2018,540.05,Czechia,Diesel,CZE
2018,536.77,Czechia,Diesel,CZE
2018,531.58,Czechia,Diesel,CZE
2017,528.32,Czechia,Diesel,CZE
2017,531.18,Czechia,Diesel,CZE
2017,533.07,Czechia,Diesel,CZE
2017,540.13,Czechia,Diesel,CZE
2017,536.81,Czechia,Diesel,CZE
2017,534.21,Czechia,Diesel,CZE
2017,523.63,Czechia,Diesel,CZE
2017,514.54,Czechia,Diesel,CZE
2017,515.33,Czechia,Diesel,CZE
2017,511.18,Czechia,Diesel,CZE
2017,509.36,Czechia,Diesel,CZE
2017,503.9,Czechia,Diesel,CZE
2017,496.94,Czechia,Diesel,CZE
2017,491.33,Czechia,Diesel,CZE
2017,489.35,Czechia,Diesel,CZE
2017,483.13,Czechia,Diesel,CZE
2017,480.55,Czechia,Diesel,CZE
2017,481.92,Czechia,Diesel,CZE
2017,481.59,Czechia,Diesel,CZE
2017,481.81,Czechia,Diesel,CZE
2017,474.61,Czechia,Diesel,CZE
2017,478.06,Czechia,Diesel,CZE
2017,477.95,Czechia,Diesel,CZE
2017,479.74,Czechia,Diesel,CZE
2017,481.02,Czechia,Diesel,CZE
2017,482.98,Czechia,Diesel,CZE
2017,493.45,Czechia,Diesel,CZE
2017,498.51,Czechia,Diesel,CZE
2017,508.25,Czechia,Diesel,CZE
2017,508.7,Czechia,Diesel,CZE
2017,506.78,Czechia,Diesel,CZE
2017,509.51,Czechia,Diesel,CZE
2017,511.66,Czechia,Diesel,CZE
2017,518.35,Czechia,Diesel,CZE
2017,520.84,Czechia,Diesel,CZE
2017,523.12,Czechia,Diesel,CZE
2017,512.25,Czechia,Diesel,CZE
2017,515.87,Czechia,Diesel,CZE
2017,519.72,Czechia,Diesel,CZE
2017,524.13,Czechia,Diesel,CZE
2017,527.7,Czechia,Diesel,CZE
2017,527.77,Czechia,Diesel,CZE
2017,528.87,Czechia,Diesel,CZE
2017,527.58,Czechia,Diesel,CZE
2017,529.48,Czechia,Diesel,CZE
2017,528.88,Czechia,Diesel,CZE
2017,528.53,Czechia,Diesel,CZE
2017,527.89,Czechia,Diesel,CZE
2017,522.47,Czechia,Diesel,CZE
2017,510.79,Czechia,Diesel,CZE
2025,795.22,Germany,Diesel,DEU
2025,806.15,Germany,Diesel,DEU
2025,804.46,Germany,Diesel,DEU
2025,804.46,Germany,Diesel,DEU
2025,803.62,Germany,Diesel,DEU
2025,799.42,Germany,Diesel,DEU
2025,819.59,Germany,Diesel,DEU
2025,793.54,Germany,Diesel,DEU
2025,785.98,Germany,Diesel,DEU
2024,776.43,Germany,Diesel,DEU
2024,768.03,Germany,Diesel,DEU
2024,768.03,Germany,Diesel,DEU
2024,742.82,Germany,Diesel,DEU
2024,752.9,Germany,Diesel,DEU
2024,762.99,Germany,Diesel,DEU
2024,747.86,Germany,Diesel,DEU
2024,741.14,Germany,Diesel,DEU
2024,734.42,Germany,Diesel,DEU
2024,735.26,Germany,Diesel,DEU
2024,727.69,Germany,Diesel,DEU
2024,747.02,Germany,Diesel,DEU
2024,737.78,Germany,Diesel,DEU
2024,703.32,Germany,Diesel,DEU
2024,702.48,Germany,Diesel,DEU
2024,708.37,Germany,Diesel,DEU
2024,720.13,Germany,Diesel,DEU
2024,729.37,Germany,Diesel,DEU
2024,736.94,Germany,Diesel,DEU
2024,755.43,Germany,Diesel,DEU
2024,764.67,Germany,Diesel,DEU
2024,774.75,Germany,Diesel,DEU
2024,782.32,Germany,Diesel,DEU
2024,787.36,Germany,Diesel,DEU
2024,802.48,Germany,Diesel,DEU
2024,820.13,Germany,Diesel,DEU
2024,822.65,Germany,Diesel,DEU
2024,816.77,Germany,Diesel,DEU
2024,805,Germany,Diesel,DEU
2024,783.16,Germany,Diesel,DEU
2024,791.56,Germany,Diesel,DEU
2024,795.76,Germany,Diesel,DEU
2024,810.89,Germany,Diesel,DEU
2024,815.09,Germany,Diesel,DEU
2024,818.45,Germany,Diesel,DEU
2024,840.3,Germany,Diesel,DEU
2024,861.31,Germany,Diesel,DEU
2024,891.56,Germany,Diesel,DEU
2024,899.12,Germany,Diesel,DEU
2024,875.59,Germany,Diesel,DEU
2024,871.39,Germany,Diesel,DEU
2024,871.39,Germany,Diesel,DEU
2024,868.87,Germany,Diesel,DEU
2024,881.48,Germany,Diesel,DEU
2024,889.04,Germany,Diesel,DEU
2024,900.8,Germany,Diesel,DEU
2024,904.16,Germany,Diesel,DEU
2024,862.15,Germany,Diesel,DEU
2024,867.19,Germany,Diesel,DEU
2024,852.06,Germany,Diesel,DEU
2024,857.95,Germany,Diesel,DEU
2024,857.11,Germany,Diesel,DEU
2024,846.18,Germany,Diesel,DEU
2023,880.95,Germany,Diesel,DEU
2023,863.3,Germany,Diesel,DEU
2023,888.51,Germany,Diesel,DEU
2023,907.84,Germany,Diesel,DEU
2023,920.45,Germany,Diesel,DEU
2023,917.93,Germany,Diesel,DEU
2023,931.37,Germany,Diesel,DEU
2023,974.23,Germany,Diesel,DEU
2023,958.26,Germany,Diesel,DEU
2023,990.19,Germany,Diesel,DEU
2023,991.87,Germany,Diesel,DEU
2023,978.43,Germany,Diesel,DEU
2023,1016.24,Germany,Diesel,DEU
2023,1014.56,Germany,Diesel,DEU
2023,1012.04,Germany,Diesel,DEU
2023,991.03,Germany,Diesel,DEU
2023,952.38,Germany,Diesel,DEU
2023,954.06,Germany,Diesel,DEU
2023,935.57,Germany,Diesel,DEU
2023,946.5,Germany,Diesel,DEU
2023,930.53,Germany,Diesel,DEU
2023,897.76,Germany,Diesel,DEU
2023,851.54,Germany,Diesel,DEU
2023,829.69,Germany,Diesel,DEU
2023,824.65,Germany,Diesel,DEU
2023,805.32,Germany,Diesel,DEU
2023,807.84,Germany,Diesel,DEU
2023,804.48,Germany,Diesel,DEU
2023,789.35,Germany,Diesel,DEU
2023,778.43,Germany,Diesel,DEU
2023,791.03,Germany,Diesel,DEU
2023,791.03,Germany,Diesel,DEU
2023,782.63,Germany,Diesel,DEU
2023,791.87,Germany,Diesel,DEU
2023,817.08,Germany,Diesel,DEU
2023,831.37,Germany,Diesel,DEU
2023,872.55,Germany,Diesel,DEU
2023,890.19,Germany,Diesel,DEU
2023,866.66,Germany,Diesel,DEU
2023,877.59,Germany,Diesel,DEU
2023,886.83,Germany,Diesel,DEU
2023,910.36,Germany,Diesel,DEU
2023,937.25,Germany,Diesel,DEU
2023,915.4,Germany,Diesel,DEU
2023,928.01,Germany,Diesel,DEU
2023,950.7,Germany,Diesel,DEU
2023,949.02,Germany,Diesel,DEU
2023,1010.36,Germany,Diesel,DEU
2023,1012.04,Germany,Diesel,DEU
2023,1073.3,Germany,Diesel,DEU
2023,986.83,Germany,Diesel,DEU
2023,1009.52,Germany,Diesel,DEU
2022,1057.33,Germany,Diesel,DEU
2022,1059.85,Germany,Diesel,DEU
2022,1021.2,Germany,Diesel,DEU
2022,1087.58,Germany,Diesel,DEU
2022,1104.39,Germany,Diesel,DEU
2022,1135.48,Germany,Diesel,DEU
2022,1198.51,Germany,Diesel,DEU
2022,1283.38,Germany,Diesel,DEU
2022,1320.36,Germany,Diesel,DEU
2022,1326.24,Germany,Diesel,DEU
2022,1341.36,Germany,Diesel,DEU
2022,1328.76,Germany,Diesel,DEU
2022,1223.72,Germany,Diesel,DEU
2022,1221.2,Germany,Diesel,DEU
2022,1238.84,Germany,Diesel,DEU
2022,1323.72,Germany,Diesel,DEU
2022,1343.89,Germany,Diesel,DEU
2022,1415.38,Germany,Diesel,DEU
2022,1329.66,Germany,Diesel,DEU
2022,1286.81,Germany,Diesel,DEU
2022,1271.68,Germany,Diesel,DEU
2022,1302.77,Germany,Diesel,DEU
2022,1299.41,Germany,Diesel,DEU
2022,1331.34,Germany,Diesel,DEU
2022,1321.26,Germany,Diesel,DEU
2022,1350.67,Germany,Diesel,DEU
2022,1391.01,Germany,Diesel,DEU
2022,1401.93,Germany,Diesel,DEU
2022,1385.13,Germany,Diesel,DEU
2022,1333.87,Germany,Diesel,DEU
2022,1241.36,Germany,Diesel,DEU
2022,1218.68,Germany,Diesel,DEU
2022,1243.05,Germany,Diesel,DEU
2022,1273.3,Germany,Diesel,DEU
2022,1273.3,Germany,Diesel,DEU
2022,1243.05,Germany,Diesel,DEU
2022,1209.43,Germany,Diesel,DEU
2022,1259.01,Germany,Diesel,DEU
2022,1360.69,Germany,Diesel,DEU
2022,1355.65,Germany,Diesel,DEU
2022,1472.46,Germany,Diesel,DEU
2022,1237.16,Germany,Diesel,DEU
2022,990.1,Germany,Diesel,DEU
2022,927.08,Germany,Diesel,DEU
2022,929.6,Germany,Diesel,DEU
2022,927.08,Germany,Diesel,DEU
2022,911.11,Germany,Diesel,DEU
2022,887.58,Germany,Diesel,DEU
2022,877.5,Germany,Diesel,DEU
2022,869.1,Germany,Diesel,DEU
2022,851.45,Germany,Diesel,DEU
2021,805.23,Germany,Diesel,DEU
2021,815.31,Germany,Diesel,DEU
2021,809.43,Germany,Diesel,DEU
2021,832.12,Germany,Diesel,DEU
2021,841.36,Germany,Diesel,DEU
2021,851.45,Germany,Diesel,DEU
2021,853.13,Germany,Diesel,DEU
2021,849.77,Germany,Diesel,DEU
2021,848.09,Germany,Diesel,DEU
2021,840.52,Germany,Diesel,DEU
2021,808.59,Germany,Diesel,DEU
2021,768.26,Germany,Diesel,DEU
2021,737.16,Germany,Diesel,DEU
2021,722.88,Germany,Diesel,DEU
2021,706.91,Germany,Diesel,DEU
2021,701.87,Germany,Diesel,DEU
2021,697.67,Germany,Diesel,DEU
2021,684.22,Germany,Diesel,DEU
2021,699.35,Germany,Diesel,DEU
2021,698.51,Germany,Diesel,DEU
2021,706.07,Germany,Diesel,DEU
2021,701.87,Germany,Diesel,DEU
2021,705.23,Germany,Diesel,DEU
2021,699.35,Germany,Diesel,DEU
2021,693.47,Germany,Diesel,DEU
2021,689.26,Germany,Diesel,DEU
2021,679.18,Germany,Diesel,DEU
2021,673.3,Germany,Diesel,DEU
2021,664.89,Germany,Diesel,DEU
2021,658.17,Germany,Diesel,DEU
2021,653.13,Germany,Diesel,DEU
2021,646.41,Germany,Diesel,DEU
2021,653.13,Germany,Diesel,DEU
2021,634.64,Germany,Diesel,DEU
2021,630.44,Germany,Diesel,DEU
2021,630.44,Germany,Diesel,DEU
2021,628.76,Germany,Diesel,DEU
2021,628.76,Germany,Diesel,DEU
2021,631.28,Germany,Diesel,DEU
2021,643.05,Germany,Diesel,DEU
2021,636.32,Germany,Diesel,DEU
2021,625.4,Germany,Diesel,DEU
2021,614.47,Germany,Diesel,DEU
2021,598.51,Germany,Diesel,DEU
2021,583.38,Germany,Diesel,DEU
2021,567.42,Germany,Diesel,DEU
2021,564.05,Germany,Diesel,DEU
2021,568.26,Germany,Diesel,DEU
2021,559.85,Germany,Diesel,DEU
2020,488.22,Germany,Diesel,DEU
2020,475.29,Germany,Diesel,DEU
2020,465.81,Germany,Diesel,DEU
2020,462.36,Germany,Diesel,DEU
2020,452.88,Germany,Diesel,DEU
2020,445.98,Germany,Diesel,DEU
2020,425.29,Germany,Diesel,DEU
2020,416.67,Germany,Diesel,DEU
2020,429.6,Germany,Diesel,DEU
2020,433.05,Germany,Diesel,DEU
2020,435.63,Germany,Diesel,DEU
2020,429.6,Germany,Diesel,DEU
2020,426.15,Germany,Diesel,DEU
2020,434.77,Germany,Diesel,DEU
2020,433.91,Germany,Diesel,DEU
2020,449.43,Germany,Diesel,DEU
2020,458.05,Germany,Diesel,DEU
2020,462.36,Germany,Diesel,DEU
2020,463.22,Germany,Diesel,DEU
2020,464.94,Germany,Diesel,DEU
2020,466.67,Germany,Diesel,DEU
2020,475.29,Germany,Diesel,DEU
2020,464.94,Germany,Diesel,DEU
2020,470.12,Germany,Diesel,DEU
2020,471.84,Germany,Diesel,DEU
2020,453.97,Germany,Diesel,DEU
2020,455.65,Germany,Diesel,DEU
2020,444.73,Germany,Diesel,DEU
2020,432.96,Germany,Diesel,DEU
2020,420.36,Germany,Diesel,DEU
2020,415.31,Germany,Diesel,DEU
2020,409.43,Germany,Diesel,DEU
2020,407.75,Germany,Diesel,DEU
2020,406.07,Germany,Diesel,DEU
2020,407.75,Germany,Diesel,DEU
2020,437.16,Germany,Diesel,DEU
2020,461.53,Germany,Diesel,DEU
2020,463.21,Germany,Diesel,DEU
2020,469.94,Germany,Diesel,DEU
2020,486.74,Germany,Diesel,DEU
2020,528.76,Germany,Diesel,DEU
2020,538,Germany,Diesel,DEU
2020,570.78,Germany,Diesel,DEU
2020,571.62,Germany,Diesel,DEU
2020,571.62,Germany,Diesel,DEU
2020,577.5,Germany,Diesel,DEU
2020,594.31,Germany,Diesel,DEU
2020,608.59,Germany,Diesel,DEU
2020,628.76,Germany,Diesel,DEU
2020,645.57,Germany,Diesel,DEU
2019,583.38,Germany,Diesel,DEU
2019,576.66,Germany,Diesel,DEU
2019,583.38,Germany,Diesel,DEU
2019,582.54,Germany,Diesel,DEU
2019,582.54,Germany,Diesel,DEU
2019,579.18,Germany,Diesel,DEU
2019,579.18,Germany,Diesel,DEU
2019,580.86,Germany,Diesel,DEU
2019,583.38,Germany,Diesel,DEU
2019,589.26,Germany,Diesel,DEU
2019,589.26,Germany,Diesel,DEU
2019,593.47,Germany,Diesel,DEU
2019,595.15,Germany,Diesel,DEU
2019,577.5,Germany,Diesel,DEU
2019,566.57,Germany,Diesel,DEU
2019,562.37,Germany,Diesel,DEU
2019,562.37,Germany,Diesel,DEU
2019,569.1,Germany,Diesel,DEU
2019,559.85,Germany,Diesel,DEU
2019,578.34,Germany,Diesel,DEU
2019,577.5,Germany,Diesel,DEU
2019,573.3,Germany,Diesel,DEU
2019,585.9,Germany,Diesel,DEU
2019,572.46,Germany,Diesel,DEU
2019,583.38,Germany,Diesel,DEU
2019,585.06,Germany,Diesel,DEU
2019,578.34,Germany,Diesel,DEU
2019,582.54,Germany,Diesel,DEU
2019,609.43,Germany,Diesel,DEU
2019,617.84,Germany,Diesel,DEU
2019,628.76,Germany,Diesel,DEU
2019,614.47,Germany,Diesel,DEU
2019,620.36,Germany,Diesel,DEU
2019,617.84,Germany,Diesel,DEU
2019,598.51,Germany,Diesel,DEU
2019,582.54,Germany,Diesel,DEU
2019,576.66,Germany,Diesel,DEU
2019,586.74,Germany,Diesel,DEU
2019,588.42,Germany,Diesel,DEU
2019,590.1,Germany,Diesel,DEU
2019,589.26,Germany,Diesel,DEU
2019,590.1,Germany,Diesel,DEU
2019,585.9,Germany,Diesel,DEU
2019,571.62,Germany,Diesel,DEU
2019,564.89,Germany,Diesel,DEU
2019,566.57,Germany,Diesel,DEU
2019,568.26,Germany,Diesel,DEU
2019,568.26,Germany,Diesel,DEU
2019,559.85,Germany,Diesel,DEU
2018,621.2,Germany,Diesel,DEU
2018,650.61,Germany,Diesel,DEU
2018,674.98,Germany,Diesel,DEU
2018,695.15,Germany,Diesel,DEU
2018,728.76,Germany,Diesel,DEU
2018,743.89,Germany,Diesel,DEU
2018,738,Germany,Diesel,DEU
2018,722.88,Germany,Diesel,DEU
2018,690.1,Germany,Diesel,DEU
2018,679.18,Germany,Diesel,DEU
2018,680.86,Germany,Diesel,DEU
2018,652.29,Germany,Diesel,DEU
2018,645.57,Germany,Diesel,DEU
2018,648.93,Germany,Diesel,DEU
2018,648.09,Germany,Diesel,DEU
2018,633.8,Germany,Diesel,DEU
2018,622.88,Germany,Diesel,DEU
2018,616.15,Germany,Diesel,DEU
2018,611.95,Germany,Diesel,DEU
2018,600.19,Germany,Diesel,DEU
2018,601.03,Germany,Diesel,DEU
2018,592.63,Germany,Diesel,DEU
2018,598.51,Germany,Diesel,DEU
2018,601.87,Germany,Diesel,DEU
2018,603.55,Germany,Diesel,DEU
2018,592.63,Germany,Diesel,DEU
2018,601.87,Germany,Diesel,DEU
2018,604.39,Germany,Diesel,DEU
2018,616.99,Germany,Diesel,DEU
2018,618.68,Germany,Diesel,DEU
2018,616.15,Germany,Diesel,DEU
2018,588.42,Germany,Diesel,DEU
2018,564.05,Germany,Diesel,DEU
2018,565.73,Germany,Diesel,DEU
2018,550.61,Germany,Diesel,DEU
2018,543.05,Germany,Diesel,DEU
2018,530.44,Germany,Diesel,DEU
2018,516.15,Germany,Diesel,DEU
2018,511.11,Germany,Diesel,DEU
2018,511.11,Germany,Diesel,DEU
2018,514.47,Germany,Diesel,DEU
2018,514.47,Germany,Diesel,DEU
2018,507.75,Germany,Diesel,DEU
2018,520.36,Germany,Diesel,DEU
2018,533.8,Germany,Diesel,DEU
2018,535.48,Germany,Diesel,DEU
2018,529.6,Germany,Diesel,DEU
2018,529.6,Germany,Diesel,DEU
2018,549.77,Germany,Diesel,DEU
2018,543.89,Germany,Diesel,DEU
2017,521.2,Germany,Diesel,DEU
2017,516.15,Germany,Diesel,DEU
2017,520.36,Germany,Diesel,DEU
2017,517.84,Germany,Diesel,DEU
2017,516.15,Germany,Diesel,DEU
2017,497.67,Germany,Diesel,DEU
2017,534.64,Germany,Diesel,DEU
2017,527.08,Germany,Diesel,DEU
2017,520.36,Germany,Diesel,DEU
2017,519.52,Germany,Diesel,DEU
2017,523.72,Germany,Diesel,DEU
2017,528.76,Germany,Diesel,DEU
2017,516.15,Germany,Diesel,DEU
2017,509.43,Germany,Diesel,DEU
2017,508.59,Germany,Diesel,DEU
2017,498.51,Germany,Diesel,DEU
2017,485.9,Germany,Diesel,DEU
2017,480.02,Germany,Diesel,DEU
2017,490.1,Germany,Diesel,DEU
2017,489.26,Germany,Diesel,DEU
2017,482.54,Germany,Diesel,DEU
2017,477.5,Germany,Diesel,DEU
2017,478.34,Germany,Diesel,DEU
2017,471.62,Germany,Diesel,DEU
2017,469.94,Germany,Diesel,DEU
2017,465.73,Germany,Diesel,DEU
2017,471.62,Germany,Diesel,DEU
2017,474.98,Germany,Diesel,DEU
2017,495.15,Germany,Diesel,DEU
2017,503.55,Germany,Diesel,DEU
2017,498.51,Germany,Diesel,DEU
2017,498.51,Germany,Diesel,DEU
2017,491.78,Germany,Diesel,DEU
2017,512.79,Germany,Diesel,DEU
2017,522.88,Germany,Diesel,DEU
2017,524.56,Germany,Diesel,DEU
2017,511.11,Germany,Diesel,DEU
2017,503.55,Germany,Diesel,DEU
2017,508.59,Germany,Diesel,DEU
2017,523.72,Germany,Diesel,DEU
2017,534.64,Germany,Diesel,DEU
2017,538,Germany,Diesel,DEU
2017,534.64,Germany,Diesel,DEU
2017,536.32,Germany,Diesel,DEU
2017,533.8,Germany,Diesel,DEU
2017,531.28,Germany,Diesel,DEU
2017,528.76,Germany,Diesel,DEU
2017,538,Germany,Diesel,DEU
2017,546.41,Germany,Diesel,DEU
2017,551.45,Germany,Diesel,DEU
2025,892.0263330785834,Denmark,Diesel,DNK
2025,934.6809109553234,Denmark,Diesel,DNK
2025,913.3075056637667,Denmark,Diesel,DNK
2025,902.7405341628231,Denmark,Diesel,DNK
2025,891.6079230212549,Denmark,Diesel,DNK
2025,912.9648241206029,Denmark,Diesel,DNK
2025,956.0252509683559,Denmark,Diesel,DNK
2025,902.4864285235574,Denmark,Diesel,DNK
2025,913.3809708946119,Denmark,Diesel,DNK
2024,866.0857908847186,Denmark,Diesel,DNK
2024,866.2251300477288,Denmark,Diesel,DNK
2024,866.2251300477288,Denmark,Diesel,DNK
2024,866.341280270321,Denmark,Diesel,DNK
2024,844.8305914216376,Denmark,Diesel,DNK
2024,866.2483576006222,Denmark,Diesel,DNK
2024,866.1902910538805,Denmark,Diesel,DNK
2024,844.932550218575,Denmark,Diesel,DNK
2024,834.1602081042666,Denmark,Diesel,DNK
2024,791.1778507742844,Denmark,Diesel,DNK
2024,834.0595546140747,Denmark,Diesel,DNK
2024,844.4909064104111,Denmark,Diesel,DNK
2024,834.2273239285522,Denmark,Diesel,DNK
2024,791.4431330472103,Denmark,Diesel,DNK
2024,791.2202839865381,Denmark,Diesel,DNK
2024,790.7961565779069,Denmark,Diesel,DNK
2024,801.570708695186,Denmark,Diesel,DNK
2024,812.6080952444795,Denmark,Diesel,DNK
2024,833.8024393512933,Denmark,Diesel,DNK
2024,855.1785139916371,Denmark,Diesel,DNK
2024,887.2005145521788,Denmark,Diesel,DNK
2024,887.4502392536892,Denmark,Diesel,DNK
2024,897.9564489112227,Denmark,Diesel,DNK
2024,898.0888305143807,Denmark,Diesel,DNK
2024,920.6047122523923,Denmark,Diesel,DNK
2024,953.1279328560321,Denmark,Diesel,DNK
2024,953.1279328560321,Denmark,Diesel,DNK
2024,931.5887549770086,Denmark,Diesel,DNK
2024,910.0170234440973,Denmark,Diesel,DNK
2024,867.2511797511796,Denmark,Diesel,DNK
2024,888.7250301649016,Denmark,Diesel,DNK
2024,888.3796352135515,Denmark,Diesel,DNK
2024,888.4748897615633,Denmark,Diesel,DNK
2024,899.2333261848596,Denmark,Diesel,DNK
2024,888.7369451259569,Denmark,Diesel,DNK
2024,899.5588688808142,Denmark,Diesel,DNK
2024,906.6541580111239,Denmark,Diesel,DNK
2024,928.2095273838565,Denmark,Diesel,DNK
2024,939.0835724052872,Denmark,Diesel,DNK
2024,917.6956387671105,Denmark,Diesel,DNK
2024,917.74,Denmark,Diesel,DNK
2024,917.89,Denmark,Diesel,DNK
2024,918.15,Denmark,Diesel,DNK
2024,896.85,Denmark,Diesel,DNK
2024,918.27,Denmark,Diesel,DNK
2024,993.33,Denmark,Diesel,DNK
2024,993.32,Denmark,Diesel,DNK
2024,960.97,Denmark,Diesel,DNK
2024,961.25,Denmark,Diesel,DNK
2024,928.47,Denmark,Diesel,DNK
2024,917.68,Denmark,Diesel,DNK
2024,906.65,Denmark,Diesel,DNK
2024,909.85,Denmark,Diesel,DNK
2023,919.66,Denmark,Diesel,DNK
2023,887.6,Denmark,Diesel,DNK
2023,887.44,Denmark,Diesel,DNK
2023,928.2,Denmark,Diesel,DNK
2023,949.78,Denmark,Diesel,DNK
2023,949.64,Denmark,Diesel,DNK
2023,949.22,Denmark,Diesel,DNK
2023,1013.72,Denmark,Diesel,DNK
2023,1023.73,Denmark,Diesel,DNK
2023,1055.95,Denmark,Diesel,DNK
2023,1024.37,Denmark,Diesel,DNK
2023,1046.12,Denmark,Diesel,DNK
2023,1099.55,Denmark,Diesel,DNK
2023,1099.76,Denmark,Diesel,DNK
2023,1121.51,Denmark,Diesel,DNK
2023,1035.24,Denmark,Diesel,DNK
2023,1025.27,Denmark,Diesel,DNK
2023,1025.22,Denmark,Diesel,DNK
2023,1014.57,Denmark,Diesel,DNK
2023,1025.43,Denmark,Diesel,DNK
2023,997.52,Denmark,Diesel,DNK
2023,954.39,Denmark,Diesel,DNK
2023,900.9,Denmark,Diesel,DNK
2023,890.29,Denmark,Diesel,DNK
2023,868.72,Denmark,Diesel,DNK
2023,847.75,Denmark,Diesel,DNK
2023,858.6,Denmark,Diesel,DNK
2023,849.55,Denmark,Diesel,DNK
2023,829.98,Denmark,Diesel,DNK
2023,808.9,Denmark,Diesel,DNK
2023,808.81,Denmark,Diesel,DNK
2023,819.71,Denmark,Diesel,DNK
2023,798.3,Denmark,Diesel,DNK
2023,787.53,Denmark,Diesel,DNK
2023,840.51,Denmark,Diesel,DNK
2023,851.34,Denmark,Diesel,DNK
2023,883.66,Denmark,Diesel,DNK
2023,894.51,Denmark,Diesel,DNK
2023,883.85,Denmark,Diesel,DNK
2023,915.92,Denmark,Diesel,DNK
2023,905.98,Denmark,Diesel,DNK
2023,938.29,Denmark,Diesel,DNK
2023,981.55,Denmark,Diesel,DNK
2023,927.77,Denmark,Diesel,DNK
2023,959.56,Denmark,Diesel,DNK
2023,959.25,Denmark,Diesel,DNK
2023,992.18,Denmark,Diesel,DNK
2023,1068.12,Denmark,Diesel,DNK
2023,1067.98,Denmark,Diesel,DNK
2023,1067.99,Denmark,Diesel,DNK
2023,1014.47,Denmark,Diesel,DNK
2023,1020.92,Denmark,Diesel,DNK
2022,1010.84,Denmark,Diesel,DNK
2022,999.3,Denmark,Diesel,DNK
2022,946.64,Denmark,Diesel,DNK
2022,1054.34,Denmark,Diesel,DNK
2022,1043.61,Denmark,Diesel,DNK
2022,1086.49,Denmark,Diesel,DNK
2022,1172.46,Denmark,Diesel,DNK
2022,1269.07,Denmark,Diesel,DNK
2022,1268.2,Denmark,Diesel,DNK
2022,1322.98,Denmark,Diesel,DNK
2022,1333.84,Denmark,Diesel,DNK
2022,1301.49,Denmark,Diesel,DNK
2022,1183.47,Denmark,Diesel,DNK
2022,1150.68,Denmark,Diesel,DNK
2022,1108.06,Denmark,Diesel,DNK
2022,1172.73,Denmark,Diesel,DNK
2022,1215.78,Denmark,Diesel,DNK
2022,1280.07,Denmark,Diesel,DNK
2022,1215.68,Denmark,Diesel,DNK
2022,1140.33,Denmark,Diesel,DNK
2022,1141.99,Denmark,Diesel,DNK
2022,1227.15,Denmark,Diesel,DNK
2022,1216.54,Denmark,Diesel,DNK
2022,1259.76,Denmark,Diesel,DNK
2022,1260.11,Denmark,Diesel,DNK
2022,1292.76,Denmark,Diesel,DNK
2022,1378.48,Denmark,Diesel,DNK
2022,1411.13,Denmark,Diesel,DNK
2022,1382.99,Denmark,Diesel,DNK
2022,1307.84,Denmark,Diesel,DNK
2022,1200.28,Denmark,Diesel,DNK
2022,1124.67,Denmark,Diesel,DNK
2022,1167.59,Denmark,Diesel,DNK
2022,1221.89,Denmark,Diesel,DNK
2022,1232.54,Denmark,Diesel,DNK
2022,1168.02,Denmark,Diesel,DNK
2022,1060.71,Denmark,Diesel,DNK
2022,1103.58,Denmark,Diesel,DNK
2022,1275.52,Denmark,Diesel,DNK
2022,1135.45,Denmark,Diesel,DNK
2022,1092.53,Denmark,Diesel,DNK
2022,1103.27,Denmark,Diesel,DNK
2022,940.94,Denmark,Diesel,DNK
2022,887.27,Denmark,Diesel,DNK
2022,887.1,Denmark,Diesel,DNK
2022,875.97,Denmark,Diesel,DNK
2022,865.5,Denmark,Diesel,DNK
2022,854.62,Denmark,Diesel,DNK
2022,833.28,Denmark,Diesel,DNK
2022,833.68,Denmark,Diesel,DNK
2022,801.4,Denmark,Diesel,DNK
2021,792.46,Denmark,Diesel,DNK
2021,792.47,Denmark,Diesel,DNK
2021,770.96,Denmark,Diesel,DNK
2021,842.98,Denmark,Diesel,DNK
2021,832.21,Denmark,Diesel,DNK
2021,853.65,Denmark,Diesel,DNK
2021,853.56,Denmark,Diesel,DNK
2021,842.65,Denmark,Diesel,DNK
2021,831.87,Denmark,Diesel,DNK
2021,842.61,Denmark,Diesel,DNK
2021,831.72,Denmark,Diesel,DNK
2021,789.12,Denmark,Diesel,DNK
2021,756.99,Denmark,Diesel,DNK
2021,735.49,Denmark,Diesel,DNK
2021,713.94,Denmark,Diesel,DNK
2021,713.96,Denmark,Diesel,DNK
2021,703.19,Denmark,Diesel,DNK
2021,682.68,Denmark,Diesel,DNK
2021,692.38,Denmark,Diesel,DNK
2021,693.42,Denmark,Diesel,DNK
2021,704.08,Denmark,Diesel,DNK
2021,693.41,Denmark,Diesel,DNK
2021,693.36,Denmark,Diesel,DNK
2021,693.38,Denmark,Diesel,DNK
2021,704.28,Denmark,Diesel,DNK
2021,693.43,Denmark,Diesel,DNK
2021,671.96,Denmark,Diesel,DNK
2021,681.67,Denmark,Diesel,DNK
2021,681.6,Denmark,Diesel,DNK
2021,660.12,Denmark,Diesel,DNK
2021,654.75,Denmark,Diesel,DNK
2021,660.14,Denmark,Diesel,DNK
2021,660.16,Denmark,Diesel,DNK
2021,638.61,Denmark,Diesel,DNK
2021,627.87,Denmark,Diesel,DNK
2021,638.62,Denmark,Diesel,DNK
2021,627.82,Denmark,Diesel,DNK
2021,627.89,Denmark,Diesel,DNK
2021,638.65,Denmark,Diesel,DNK
2021,660.15,Denmark,Diesel,DNK
2021,638.63,Denmark,Diesel,DNK
2021,649.41,Denmark,Diesel,DNK
2021,638.61,Denmark,Diesel,DNK
2021,617.08,Denmark,Diesel,DNK
2021,606.33,Denmark,Diesel,DNK
2021,584.76,Denmark,Diesel,DNK
2021,584.5,Denmark,Diesel,DNK
2021,584.6,Denmark,Diesel,DNK
2021,563.25,Denmark,Diesel,DNK
2020,556.04,Denmark,Diesel,DNK
2020,555.89,Denmark,Diesel,DNK
2020,545.05,Denmark,Diesel,DNK
2020,545.21,Denmark,Diesel,DNK
2020,523.28,Denmark,Diesel,DNK
2020,523.23,Denmark,Diesel,DNK
2020,501.77,Denmark,Diesel,DNK
2020,480.42,Denmark,Diesel,DNK
2020,502.2,Denmark,Diesel,DNK
2020,502.22,Denmark,Diesel,DNK
2020,502.08,Denmark,Diesel,DNK
2020,491.53,Denmark,Diesel,DNK
2020,480.4,Denmark,Diesel,DNK
2020,502.23,Denmark,Diesel,DNK
2020,480.79,Denmark,Diesel,DNK
2020,502.21,Denmark,Diesel,DNK
2020,523.52,Denmark,Diesel,DNK
2020,523.54,Denmark,Diesel,DNK
2020,523.3,Denmark,Diesel,DNK
2020,535.05,Denmark,Diesel,DNK
2020,524.4,Denmark,Diesel,DNK
2020,535.36,Denmark,Diesel,DNK
2020,524.3,Denmark,Diesel,DNK
2020,535.27,Denmark,Diesel,DNK
2020,524.05,Denmark,Diesel,DNK
2020,513.21,Denmark,Diesel,DNK
2020,513.13,Denmark,Diesel,DNK
2020,491.56,Denmark,Diesel,DNK
2020,491.58,Denmark,Diesel,DNK
2020,459.43,Denmark,Diesel,DNK
2020,470.04,Denmark,Diesel,DNK
2020,448.7,Denmark,Diesel,DNK
2020,437.7,Denmark,Diesel,DNK
2020,448.26,Denmark,Diesel,DNK
2020,427,Denmark,Diesel,DNK
2020,480.67,Denmark,Diesel,DNK
2020,501.61,Denmark,Diesel,DNK
2020,544.42,Denmark,Diesel,DNK
2020,544.13,Denmark,Diesel,DNK
2020,565.36,Denmark,Diesel,DNK
2020,627.75,Denmark,Diesel,DNK
2020,627.46,Denmark,Diesel,DNK
2020,659.85,Denmark,Diesel,DNK
2020,659.83,Denmark,Diesel,DNK
2020,648.92,Denmark,Diesel,DNK
2020,659.58,Denmark,Diesel,DNK
2020,691.71,Denmark,Diesel,DNK
2020,702.43,Denmark,Diesel,DNK
2020,734.49,Denmark,Diesel,DNK
2020,755.9,Denmark,Diesel,DNK
2019,685.12,Denmark,Diesel,DNK
2019,685.2,Denmark,Diesel,DNK
2019,703.5,Denmark,Diesel,DNK
2019,682.05,Denmark,Diesel,DNK
2019,692.66,Denmark,Diesel,DNK
2019,681.99,Denmark,Diesel,DNK
2019,671.37,Denmark,Diesel,DNK
2019,692.84,Denmark,Diesel,DNK
2019,703.54,Denmark,Diesel,DNK
2019,682.3,Denmark,Diesel,DNK
2019,671.67,Denmark,Diesel,DNK
2019,772.55,Denmark,Diesel,DNK
2019,783.24,Denmark,Diesel,DNK
2019,682.47,Denmark,Diesel,DNK
2019,683.13,Denmark,Diesel,DNK
2019,672.72,Denmark,Diesel,DNK
2019,683.44,Denmark,Diesel,DNK
2019,661.82,Denmark,Diesel,DNK
2019,656.01,Denmark,Diesel,DNK
2019,687.94,Denmark,Diesel,DNK
2019,687.84,Denmark,Diesel,DNK
2019,666.49,Denmark,Diesel,DNK
2019,698.55,Denmark,Diesel,DNK
2019,666.75,Denmark,Diesel,DNK
2019,677.32,Denmark,Diesel,DNK
2019,677.18,Denmark,Diesel,DNK
2019,655.65,Denmark,Diesel,DNK
2019,655.58,Denmark,Diesel,DNK
2019,687.73,Denmark,Diesel,DNK
2019,698.37,Denmark,Diesel,DNK
2019,719.86,Denmark,Diesel,DNK
2019,712.49,Denmark,Diesel,DNK
2019,723.26,Denmark,Diesel,DNK
2019,734.07,Denmark,Diesel,DNK
2019,712.76,Denmark,Diesel,DNK
2019,701.93,Denmark,Diesel,DNK
2019,702.03,Denmark,Diesel,DNK
2019,712.7,Denmark,Diesel,DNK
2019,712.94,Denmark,Diesel,DNK
2019,713.06,Denmark,Diesel,DNK
2019,712.98,Denmark,Diesel,DNK
2019,712.99,Denmark,Diesel,DNK
2019,681.85,Denmark,Diesel,DNK
2019,660.26,Denmark,Diesel,DNK
2019,660.11,Denmark,Diesel,DNK
2019,663.34,Denmark,Diesel,DNK
2019,674,Denmark,Diesel,DNK
2019,642.02,Denmark,Diesel,DNK
2019,620.29,Denmark,Diesel,DNK
2018,648.82,Denmark,Diesel,DNK
2018,670.43,Denmark,Diesel,DNK
2018,670.58,Denmark,Diesel,DNK
2018,686.75,Denmark,Diesel,DNK
2018,729.51,Denmark,Diesel,DNK
2018,740.51,Denmark,Diesel,DNK
2018,751.25,Denmark,Diesel,DNK
2018,754.28,Denmark,Diesel,DNK
2018,743.67,Denmark,Diesel,DNK
2018,765.06,Denmark,Diesel,DNK
2018,765.16,Denmark,Diesel,DNK
2018,730.18,Denmark,Diesel,DNK
2018,708.34,Denmark,Diesel,DNK
2018,719.09,Denmark,Diesel,DNK
2018,708.51,Denmark,Diesel,DNK
2018,708.92,Denmark,Diesel,DNK
2018,697.76,Denmark,Diesel,DNK
2018,697.7,Denmark,Diesel,DNK
2018,687.45,Denmark,Diesel,DNK
2018,687.6,Denmark,Diesel,DNK
2018,701.81,Denmark,Diesel,DNK
2018,690.92,Denmark,Diesel,DNK
2018,679.82,Denmark,Diesel,DNK
2018,701.42,Denmark,Diesel,DNK
2018,701.71,Denmark,Diesel,DNK
2018,680.11,Denmark,Diesel,DNK
2018,701.74,Denmark,Diesel,DNK
2018,691.08,Denmark,Diesel,DNK
2018,713.11,Denmark,Diesel,DNK
2018,723.47,Denmark,Diesel,DNK
2018,723.5,Denmark,Diesel,DNK
2018,690.96,Denmark,Diesel,DNK
2018,671.8,Denmark,Diesel,DNK
2018,671.67,Denmark,Diesel,DNK
2018,650.4,Denmark,Diesel,DNK
2018,639.69,Denmark,Diesel,DNK
2018,628.99,Denmark,Diesel,DNK
2018,618.14,Denmark,Diesel,DNK
2018,596.64,Denmark,Diesel,DNK
2018,596.54,Denmark,Diesel,DNK
2018,596.77,Denmark,Diesel,DNK
2018,596.84,Denmark,Diesel,DNK
2018,585.93,Denmark,Diesel,DNK
2018,590.4,Denmark,Diesel,DNK
2018,612.09,Denmark,Diesel,DNK
2018,612.14,Denmark,Diesel,DNK
2018,612.02,Denmark,Diesel,DNK
2018,622.32,Denmark,Diesel,DNK
2018,622.56,Denmark,Diesel,DNK
2018,633.45,Denmark,Diesel,DNK
2017,614.19,Denmark,Diesel,DNK
2017,592.75,Denmark,Diesel,DNK
2017,592.87,Denmark,Diesel,DNK
2017,603.57,Denmark,Diesel,DNK
2017,582.15,Denmark,Diesel,DNK
2017,571.38,Denmark,Diesel,DNK
2017,579.96,Denmark,Diesel,DNK
2017,590.78,Denmark,Diesel,DNK
2017,590.57,Denmark,Diesel,DNK
2017,579.8,Denmark,Diesel,DNK
2017,601.37,Denmark,Diesel,DNK
2017,590.72,Denmark,Diesel,DNK
2017,580.09,Denmark,Diesel,DNK
2017,569.23,Denmark,Diesel,DNK
2017,569.38,Denmark,Diesel,DNK
2017,569.58,Denmark,Diesel,DNK
2017,537.15,Denmark,Diesel,DNK
2017,526.54,Denmark,Diesel,DNK
2017,536.27,Denmark,Diesel,DNK
2017,568.4,Denmark,Diesel,DNK
2017,557.8,Denmark,Diesel,DNK
2017,547.06,Denmark,Diesel,DNK
2017,536.27,Denmark,Diesel,DNK
2017,547.02,Denmark,Diesel,DNK
2017,525.51,Denmark,Diesel,DNK
2017,525.52,Denmark,Diesel,DNK
2017,536.23,Denmark,Diesel,DNK
2017,547.02,Denmark,Diesel,DNK
2017,568.29,Denmark,Diesel,DNK
2017,568.24,Denmark,Diesel,DNK
2017,557.29,Denmark,Diesel,DNK
2017,551.11,Denmark,Diesel,DNK
2017,561.93,Denmark,Diesel,DNK
2017,594.22,Denmark,Diesel,DNK
2017,604.92,Denmark,Diesel,DNK
2017,605.14,Denmark,Diesel,DNK
2017,578.16,Denmark,Diesel,DNK
2017,561.8,Denmark,Diesel,DNK
2017,578.38,Denmark,Diesel,DNK
2017,605.33,Denmark,Diesel,DNK
2017,616.11,Denmark,Diesel,DNK
2017,605.4,Denmark,Diesel,DNK
2017,596.77,Denmark,Diesel,DNK
2017,596.57,Denmark,Diesel,DNK
2017,607.22,Denmark,Diesel,DNK
2017,607.19,Denmark,Diesel,DNK
2017,590.09,Denmark,Diesel,DNK
2017,600.85,Denmark,Diesel,DNK
2017,611.79,Denmark,Diesel,DNK
2017,624.62,Denmark,Diesel,DNK
2025,934.67,Estonia,Diesel,EST
2025,920.5,Estonia,Diesel,EST
2025,927.17,Estonia,Diesel,EST
2025,913,Estonia,Diesel,EST
2025,913,Estonia,Diesel,EST
2025,938.83,Estonia,Diesel,EST
2025,917.17,Estonia,Diesel,EST
2025,917.17,Estonia,Diesel,EST
2025,917.17,Estonia,Diesel,EST
2024,911.33,Estonia,Diesel,EST
2024,915.5,Estonia,Diesel,EST
2024,887.17,Estonia,Diesel,EST
2024,900.5,Estonia,Diesel,EST
2024,896.33,Estonia,Diesel,EST
2024,896.33,Estonia,Diesel,EST
2024,859.67,Estonia,Diesel,EST
2024,848.83,Estonia,Diesel,EST
2024,820.5,Estonia,Diesel,EST
2024,853.83,Estonia,Diesel,EST
2024,849.67,Estonia,Diesel,EST
2024,825.5,Estonia,Diesel,EST
2024,828.83,Estonia,Diesel,EST
2024,825.5,Estonia,Diesel,EST
2024,812.17,Estonia,Diesel,EST
2024,812.17,Estonia,Diesel,EST
2024,824.67,Estonia,Diesel,EST
2024,860.5,Estonia,Diesel,EST
2024,878,Estonia,Diesel,EST
2024,878,Estonia,Diesel,EST
2024,898,Estonia,Diesel,EST
2024,935.5,Estonia,Diesel,EST
2024,938.83,Estonia,Diesel,EST
2024,949.67,Estonia,Diesel,EST
2024,954.67,Estonia,Diesel,EST
2024,948,Estonia,Diesel,EST
2024,907.17,Estonia,Diesel,EST
2024,913,Estonia,Diesel,EST
2024,940.5,Estonia,Diesel,EST
2024,925.5,Estonia,Diesel,EST
2024,919.67,Estonia,Diesel,EST
2024,918.83,Estonia,Diesel,EST
2024,908,Estonia,Diesel,EST
2024,927.17,Estonia,Diesel,EST
2024,944.67,Estonia,Diesel,EST
2024,939.67,Estonia,Diesel,EST
2024,975.5,Estonia,Diesel,EST
2024,961.33,Estonia,Diesel,EST
2024,967.17,Estonia,Diesel,EST
2024,958,Estonia,Diesel,EST
2024,947.17,Estonia,Diesel,EST
2024,955.5,Estonia,Diesel,EST
2024,956.33,Estonia,Diesel,EST
2024,971.33,Estonia,Diesel,EST
2024,974.67,Estonia,Diesel,EST
2024,970.5,Estonia,Diesel,EST
2024,983.83,Estonia,Diesel,EST
2024,954.67,Estonia,Diesel,EST
2024,935.5,Estonia,Diesel,EST
2024,935.5,Estonia,Diesel,EST
2024,927.17,Estonia,Diesel,EST
2024,927.17,Estonia,Diesel,EST
2024,898,Estonia,Diesel,EST
2023,898,Estonia,Diesel,EST
2023,898,Estonia,Diesel,EST
2023,904.67,Estonia,Diesel,EST
2023,913,Estonia,Diesel,EST
2023,923.83,Estonia,Diesel,EST
2023,923.83,Estonia,Diesel,EST
2023,950.5,Estonia,Diesel,EST
2023,993.83,Estonia,Diesel,EST
2023,977.17,Estonia,Diesel,EST
2023,1010.5,Estonia,Diesel,EST
2023,1025.5,Estonia,Diesel,EST
2023,1033.83,Estonia,Diesel,EST
2023,1060.5,Estonia,Diesel,EST
2023,1058.83,Estonia,Diesel,EST
2023,1027.17,Estonia,Diesel,EST
2023,1032.17,Estonia,Diesel,EST
2023,1020.5,Estonia,Diesel,EST
2023,993.83,Estonia,Diesel,EST
2023,985.5,Estonia,Diesel,EST
2023,985.5,Estonia,Diesel,EST
2023,967.17,Estonia,Diesel,EST
2023,892.17,Estonia,Diesel,EST
2023,875.5,Estonia,Diesel,EST
2023,876.33,Estonia,Diesel,EST
2023,876.33,Estonia,Diesel,EST
2023,876.33,Estonia,Diesel,EST
2023,876.33,Estonia,Diesel,EST
2023,875.5,Estonia,Diesel,EST
2023,875.5,Estonia,Diesel,EST
2023,875.5,Estonia,Diesel,EST
2023,875.5,Estonia,Diesel,EST
2023,875.5,Estonia,Diesel,EST
2023,876.33,Estonia,Diesel,EST
2023,876.33,Estonia,Diesel,EST
2023,893,Estonia,Diesel,EST
2023,934.67,Estonia,Diesel,EST
2023,934.67,Estonia,Diesel,EST
2023,936.33,Estonia,Diesel,EST
2023,943,Estonia,Diesel,EST
2023,948,Estonia,Diesel,EST
2023,948.83,Estonia,Diesel,EST
2023,1041.33,Estonia,Diesel,EST
2023,1041.33,Estonia,Diesel,EST
2023,1042.17,Estonia,Diesel,EST
2023,1042.17,Estonia,Diesel,EST
2023,1042.17,Estonia,Diesel,EST
2023,1143.83,Estonia,Diesel,EST
2023,1128.83,Estonia,Diesel,EST
2023,1098,Estonia,Diesel,EST
2023,1073,Estonia,Diesel,EST
2023,1073,Estonia,Diesel,EST
2023,1085.5,Estonia,Diesel,EST
2022,1054.67,Estonia,Diesel,EST
2022,1042.17,Estonia,Diesel,EST
2022,1092.17,Estonia,Diesel,EST
2022,1174.67,Estonia,Diesel,EST
2022,1174.67,Estonia,Diesel,EST
2022,1018,Estonia,Diesel,EST
2022,1254.67,Estonia,Diesel,EST
2022,1254.67,Estonia,Diesel,EST
2022,1270.5,Estonia,Diesel,EST
2022,1270.5,Estonia,Diesel,EST
2022,1249.67,Estonia,Diesel,EST
2022,1191.33,Estonia,Diesel,EST
2022,1124.67,Estonia,Diesel,EST
2022,1166.33,Estonia,Diesel,EST
2022,1166.33,Estonia,Diesel,EST
2022,1208,Estonia,Diesel,EST
2022,1208,Estonia,Diesel,EST
2022,1208,Estonia,Diesel,EST
2022,1124.67,Estonia,Diesel,EST
2022,1125.5,Estonia,Diesel,EST
2022,1144.67,Estonia,Diesel,EST
2022,1217.17,Estonia,Diesel,EST
2022,1031.33,Estonia,Diesel,EST
2022,1248,Estonia,Diesel,EST
2022,1249.67,Estonia,Diesel,EST
2022,1252.17,Estonia,Diesel,EST
2022,1350.5,Estonia,Diesel,EST
2022,1252.17,Estonia,Diesel,EST
2022,1252.17,Estonia,Diesel,EST
2022,1248.83,Estonia,Diesel,EST
2022,1175.5,Estonia,Diesel,EST
2022,1123.83,Estonia,Diesel,EST
2022,1165.5,Estonia,Diesel,EST
2022,1206.33,Estonia,Diesel,EST
2022,1173.83,Estonia,Diesel,EST
2022,1123.83,Estonia,Diesel,EST
2022,1090.5,Estonia,Diesel,EST
2022,1140.5,Estonia,Diesel,EST
2022,1196.33,Estonia,Diesel,EST
2022,1165.5,Estonia,Diesel,EST
2022,1258,Estonia,Diesel,EST
2022,1066.33,Estonia,Diesel,EST
2022,908,Estonia,Diesel,EST
2022,888,Estonia,Diesel,EST
2022,874.67,Estonia,Diesel,EST
2022,871.33,Estonia,Diesel,EST
2022,867.17,Estonia,Diesel,EST
2022,854.67,Estonia,Diesel,EST
2022,803,Estonia,Diesel,EST
2022,771.33,Estonia,Diesel,EST
2022,769.67,Estonia,Diesel,EST
2021,738.83,Estonia,Diesel,EST
2021,745.5,Estonia,Diesel,EST
2021,750.5,Estonia,Diesel,EST
2021,749.67,Estonia,Diesel,EST
2021,782.17,Estonia,Diesel,EST
2021,769.67,Estonia,Diesel,EST
2021,770.5,Estonia,Diesel,EST
2021,770.5,Estonia,Diesel,EST
2021,770.5,Estonia,Diesel,EST
2021,748.83,Estonia,Diesel,EST
2021,731.33,Estonia,Diesel,EST
2021,706.33,Estonia,Diesel,EST
2021,681.33,Estonia,Diesel,EST
2021,668,Estonia,Diesel,EST
2021,663.83,Estonia,Diesel,EST
2021,646.33,Estonia,Diesel,EST
2021,646.33,Estonia,Diesel,EST
2021,638,Estonia,Diesel,EST
2021,645.5,Estonia,Diesel,EST
2021,646.33,Estonia,Diesel,EST
2021,648,Estonia,Diesel,EST
2021,648.83,Estonia,Diesel,EST
2021,651.33,Estonia,Diesel,EST
2021,651.33,Estonia,Diesel,EST
2021,635.5,Estonia,Diesel,EST
2021,635.5,Estonia,Diesel,EST
2021,634.67,Estonia,Diesel,EST
2021,634.67,Estonia,Diesel,EST
2021,625.5,Estonia,Diesel,EST
2021,625.5,Estonia,Diesel,EST
2021,626.33,Estonia,Diesel,EST
2021,625.5,Estonia,Diesel,EST
2021,626.33,Estonia,Diesel,EST
2021,626.33,Estonia,Diesel,EST
2021,626.33,Estonia,Diesel,EST
2021,626.33,Estonia,Diesel,EST
2021,626.33,Estonia,Diesel,EST
2021,655.5,Estonia,Diesel,EST
2021,658.83,Estonia,Diesel,EST
2021,642.17,Estonia,Diesel,EST
2021,642.17,Estonia,Diesel,EST
2021,642.17,Estonia,Diesel,EST
2021,625.5,Estonia,Diesel,EST
2021,608.83,Estonia,Diesel,EST
2021,575.5,Estonia,Diesel,EST
2021,575.5,Estonia,Diesel,EST
2021,575.5,Estonia,Diesel,EST
2021,556.33,Estonia,Diesel,EST
2021,533.83,Estonia,Diesel,EST
2020,503,Estonia,Diesel,EST
2020,503,Estonia,Diesel,EST
2020,478.83,Estonia,Diesel,EST
2020,434.67,Estonia,Diesel,EST
2020,434.67,Estonia,Diesel,EST
2020,434.67,Estonia,Diesel,EST
2020,434.67,Estonia,Diesel,EST
2020,434.67,Estonia,Diesel,EST
2020,434.67,Estonia,Diesel,EST
2020,418,Estonia,Diesel,EST
2020,418,Estonia,Diesel,EST
2020,418,Estonia,Diesel,EST
2020,458.83,Estonia,Diesel,EST
2020,458.83,Estonia,Diesel,EST
2020,458.83,Estonia,Diesel,EST
2020,458.83,Estonia,Diesel,EST
2020,458.83,Estonia,Diesel,EST
2020,458.83,Estonia,Diesel,EST
2020,458.83,Estonia,Diesel,EST
2020,458.83,Estonia,Diesel,EST
2020,458.83,Estonia,Diesel,EST
2020,458.83,Estonia,Diesel,EST
2020,459.67,Estonia,Diesel,EST
2020,460.5,Estonia,Diesel,EST
2020,456.33,Estonia,Diesel,EST
2020,456.33,Estonia,Diesel,EST
2020,456.33,Estonia,Diesel,EST
2020,456.33,Estonia,Diesel,EST
2020,457.17,Estonia,Diesel,EST
2020,459.67,Estonia,Diesel,EST
2020,458.83,Estonia,Diesel,EST
2020,458.83,Estonia,Diesel,EST
2020,459.67,Estonia,Diesel,EST
2020,339.5,Estonia,Diesel,EST
2020,538.67,Estonia,Diesel,EST
2020,538.67,Estonia,Diesel,EST
2020,538.67,Estonia,Diesel,EST
2020,539.5,Estonia,Diesel,EST
2020,539.5,Estonia,Diesel,EST
2020,572.83,Estonia,Diesel,EST
2020,572.83,Estonia,Diesel,EST
2020,634.5,Estonia,Diesel,EST
2020,652.83,Estonia,Diesel,EST
2020,652.83,Estonia,Diesel,EST
2020,597.83,Estonia,Diesel,EST
2020,612,Estonia,Diesel,EST
2020,670.33,Estonia,Diesel,EST
2020,682,Estonia,Diesel,EST
2020,678.67,Estonia,Diesel,EST
2020,657,Estonia,Diesel,EST
2019,667.83,Estonia,Diesel,EST
2019,658.67,Estonia,Diesel,EST
2019,597.83,Estonia,Diesel,EST
2019,636.17,Estonia,Diesel,EST
2019,632,Estonia,Diesel,EST
2019,608.67,Estonia,Diesel,EST
2019,624.5,Estonia,Diesel,EST
2019,615.33,Estonia,Diesel,EST
2019,620.33,Estonia,Diesel,EST
2019,617,Estonia,Diesel,EST
2019,640.33,Estonia,Diesel,EST
2019,622.83,Estonia,Diesel,EST
2019,607.83,Estonia,Diesel,EST
2019,565.33,Estonia,Diesel,EST
2019,587.83,Estonia,Diesel,EST
2019,595.33,Estonia,Diesel,EST
2019,592.83,Estonia,Diesel,EST
2019,607,Estonia,Diesel,EST
2019,610.33,Estonia,Diesel,EST
2019,610.33,Estonia,Diesel,EST
2019,618.67,Estonia,Diesel,EST
2019,617.83,Estonia,Diesel,EST
2019,616.17,Estonia,Diesel,EST
2019,610.33,Estonia,Diesel,EST
2019,603.67,Estonia,Diesel,EST
2019,579.5,Estonia,Diesel,EST
2019,604.5,Estonia,Diesel,EST
2019,628.67,Estonia,Diesel,EST
2019,615.33,Estonia,Diesel,EST
2019,663.67,Estonia,Diesel,EST
2019,652,Estonia,Diesel,EST
2019,627,Estonia,Diesel,EST
2019,661.17,Estonia,Diesel,EST
2019,661.17,Estonia,Diesel,EST
2019,652.83,Estonia,Diesel,EST
2019,627.83,Estonia,Diesel,EST
2019,592,Estonia,Diesel,EST
2019,618.67,Estonia,Diesel,EST
2019,592,Estonia,Diesel,EST
2019,614.5,Estonia,Diesel,EST
2019,609.5,Estonia,Diesel,EST
2019,609.5,Estonia,Diesel,EST
2019,592.83,Estonia,Diesel,EST
2019,581.17,Estonia,Diesel,EST
2019,600.33,Estonia,Diesel,EST
2019,575.33,Estonia,Diesel,EST
2019,561.17,Estonia,Diesel,EST
2019,532,Estonia,Diesel,EST
2019,582,Estonia,Diesel,EST
2018,598.67,Estonia,Diesel,EST
2018,598.67,Estonia,Diesel,EST
2018,607,Estonia,Diesel,EST
2018,633.67,Estonia,Diesel,EST
2018,644.5,Estonia,Diesel,EST
2018,632,Estonia,Diesel,EST
2018,657.83,Estonia,Diesel,EST
2018,669.5,Estonia,Diesel,EST
2018,653.67,Estonia,Diesel,EST
2018,671.17,Estonia,Diesel,EST
2018,657,Estonia,Diesel,EST
2018,655.33,Estonia,Diesel,EST
2018,615.33,Estonia,Diesel,EST
2018,615.33,Estonia,Diesel,EST
2018,573.67,Estonia,Diesel,EST
2018,578.67,Estonia,Diesel,EST
2018,599.5,Estonia,Diesel,EST
2018,622,Estonia,Diesel,EST
2018,607.83,Estonia,Diesel,EST
2018,615.33,Estonia,Diesel,EST
2018,590.33,Estonia,Diesel,EST
2018,606.17,Estonia,Diesel,EST
2018,587.83,Estonia,Diesel,EST
2018,600.33,Estonia,Diesel,EST
2018,603.67,Estonia,Diesel,EST
2018,565.33,Estonia,Diesel,EST
2018,590.33,Estonia,Diesel,EST
2018,611.17,Estonia,Diesel,EST
2018,616.17,Estonia,Diesel,EST
2018,611.17,Estonia,Diesel,EST
2018,583.67,Estonia,Diesel,EST
2018,573.67,Estonia,Diesel,EST
2018,567.83,Estonia,Diesel,EST
2018,568.67,Estonia,Diesel,EST
2018,519.5,Estonia,Diesel,EST
2018,568.67,Estonia,Diesel,EST
2018,568.67,Estonia,Diesel,EST
2018,562.83,Estonia,Diesel,EST
2018,562.83,Estonia,Diesel,EST
2018,554.5,Estonia,Diesel,EST
2018,561.17,Estonia,Diesel,EST
2018,550.33,Estonia,Diesel,EST
2018,547,Estonia,Diesel,EST
2018,571.17,Estonia,Diesel,EST
2018,591.17,Estonia,Diesel,EST
2018,594.5,Estonia,Diesel,EST
2018,582,Estonia,Diesel,EST
2018,592.83,Estonia,Diesel,EST
2018,561.17,Estonia,Diesel,EST
2018,537.83,Estonia,Diesel,EST
2017,537.83,Estonia,Diesel,EST
2017,537.83,Estonia,Diesel,EST
2017,549.5,Estonia,Diesel,EST
2017,549.5,Estonia,Diesel,EST
2017,550.33,Estonia,Diesel,EST
2017,527,Estonia,Diesel,EST
2017,497,Estonia,Diesel,EST
2017,497,Estonia,Diesel,EST
2017,497,Estonia,Diesel,EST
2017,497,Estonia,Diesel,EST
2017,497,Estonia,Diesel,EST
2017,497,Estonia,Diesel,EST
2017,476.17,Estonia,Diesel,EST
2017,489.5,Estonia,Diesel,EST
2017,489.5,Estonia,Diesel,EST
2017,489.5,Estonia,Diesel,EST
2017,464.5,Estonia,Diesel,EST
2017,442.83,Estonia,Diesel,EST
2017,442.83,Estonia,Diesel,EST
2017,442.83,Estonia,Diesel,EST
2017,442.83,Estonia,Diesel,EST
2017,444.5,Estonia,Diesel,EST
2017,444.5,Estonia,Diesel,EST
2017,444.5,Estonia,Diesel,EST
2017,444.5,Estonia,Diesel,EST
2017,444.5,Estonia,Diesel,EST
2017,444.5,Estonia,Diesel,EST
2017,544.58,Estonia,Diesel,EST
2017,457,Estonia,Diesel,EST
2017,457,Estonia,Diesel,EST
2017,474.5,Estonia,Diesel,EST
2017,474.5,Estonia,Diesel,EST
2017,474.5,Estonia,Diesel,EST
2017,474.5,Estonia,Diesel,EST
2017,474.5,Estonia,Diesel,EST
2017,474.5,Estonia,Diesel,EST
2017,469.5,Estonia,Diesel,EST
2017,465.33,Estonia,Diesel,EST
2017,537.83,Estonia,Diesel,EST
2017,537.83,Estonia,Diesel,EST
2017,545.33,Estonia,Diesel,EST
2017,543.67,Estonia,Diesel,EST
2017,543.67,Estonia,Diesel,EST
2017,544.5,Estonia,Diesel,EST
2017,462,Estonia,Diesel,EST
2017,562.08,Estonia,Diesel,EST
2017,586.25,Estonia,Diesel,EST
2017,586.25,Estonia,Diesel,EST
2017,587.08,Estonia,Diesel,EST
2017,541.25,Estonia,Diesel,EST
2025,852.65,Spain,Diesel,ESP
2025,859.52,Spain,Diesel,ESP
2025,861.21,Spain,Diesel,ESP
2025,859.93,Spain,Diesel,ESP
2025,861.86,Spain,Diesel,ESP
2025,867.83,Spain,Diesel,ESP
2025,859.84,Spain,Diesel,ESP
2025,837.17,Spain,Diesel,ESP
2025,823.13,Spain,Diesel,ESP
2024,813.31,Spain,Diesel,ESP
2024,809.91,Spain,Diesel,ESP
2024,804.78,Spain,Diesel,ESP
2024,804.09,Spain,Diesel,ESP
2024,803.71,Spain,Diesel,ESP
2024,794.74,Spain,Diesel,ESP
2024,783.13,Spain,Diesel,ESP
2024,770.97,Spain,Diesel,ESP
2024,770.97,Spain,Diesel,ESP
2024,772.12,Spain,Diesel,ESP
2024,771.85,Spain,Diesel,ESP
2024,764.63,Spain,Diesel,ESP
2024,746.97,Spain,Diesel,ESP
2024,746.95,Spain,Diesel,ESP
2024,751.1,Spain,Diesel,ESP
2024,761.81,Spain,Diesel,ESP
2024,783,Spain,Diesel,ESP
2024,798.06,Spain,Diesel,ESP
2024,809.21,Spain,Diesel,ESP
2024,822.05,Spain,Diesel,ESP
2024,827.08,Spain,Diesel,ESP
2024,873.0362406797295,Spain,Diesel,ESP
2024,846.83,Spain,Diesel,ESP
2024,854.54,Spain,Diesel,ESP
2024,860.69,Spain,Diesel,ESP
2024,860.5,Spain,Diesel,ESP
2024,850.92,Spain,Diesel,ESP
2024,836.28,Spain,Diesel,ESP
2024,822.25,Spain,Diesel,ESP
2024,825.32,Spain,Diesel,ESP
2024,839.86,Spain,Diesel,ESP
2024,847.83,Spain,Diesel,ESP
2024,856.85,Spain,Diesel,ESP
2024,870.86,Spain,Diesel,ESP
2024,886.42,Spain,Diesel,ESP
2024,895.15,Spain,Diesel,ESP
2024,909.22,Spain,Diesel,ESP
2024,910.69,Spain,Diesel,ESP
2024,903.3,Spain,Diesel,ESP
2024,895.26,Spain,Diesel,ESP
2024,893.81,Spain,Diesel,ESP
2024,887.42,Spain,Diesel,ESP
2024,895.79,Spain,Diesel,ESP
2024,903.85,Spain,Diesel,ESP
2024,911.35,Spain,Diesel,ESP
2024,908.84,Spain,Diesel,ESP
2024,883.72,Spain,Diesel,ESP
2024,871.37,Spain,Diesel,ESP
2024,857.21,Spain,Diesel,ESP
2024,849.78,Spain,Diesel,ESP
2024,847.35,Spain,Diesel,ESP
2024,850.77,Spain,Diesel,ESP
2024,855.42,Spain,Diesel,ESP
2023,854.85,Spain,Diesel,ESP
2023,862.04,Spain,Diesel,ESP
2023,882.64,Spain,Diesel,ESP
2023,896.27,Spain,Diesel,ESP
2023,909.09,Spain,Diesel,ESP
2023,924.37,Spain,Diesel,ESP
2023,949.17,Spain,Diesel,ESP
2023,977.04,Spain,Diesel,ESP
2023,981.15,Spain,Diesel,ESP
2023,988,Spain,Diesel,ESP
2023,990.32,Spain,Diesel,ESP
2023,1011.72,Spain,Diesel,ESP
2023,1015.79,Spain,Diesel,ESP
2023,1014.31,Spain,Diesel,ESP
2023,999.73,Spain,Diesel,ESP
2023,971.54,Spain,Diesel,ESP
2023,962.17,Spain,Diesel,ESP
2023,953.45,Spain,Diesel,ESP
2023,944.89,Spain,Diesel,ESP
2023,931.9,Spain,Diesel,ESP
2023,904.19,Spain,Diesel,ESP
2023,862.15,Spain,Diesel,ESP
2023,832,Spain,Diesel,ESP
2023,822.22,Spain,Diesel,ESP
2023,810.79,Spain,Diesel,ESP
2023,809.07,Spain,Diesel,ESP
2023,812.23,Spain,Diesel,ESP
2023,800.46,Spain,Diesel,ESP
2023,797.99,Spain,Diesel,ESP
2023,792.23,Spain,Diesel,ESP
2023,791.12,Spain,Diesel,ESP
2023,785.55,Spain,Diesel,ESP
2023,787.93,Spain,Diesel,ESP
2023,805.89,Spain,Diesel,ESP
2023,831.49,Spain,Diesel,ESP
2023,857.74,Spain,Diesel,ESP
2023,876.99,Spain,Diesel,ESP
2023,880.27,Spain,Diesel,ESP
2023,885.43,Spain,Diesel,ESP
2023,898.6,Spain,Diesel,ESP
2023,919.38,Spain,Diesel,ESP
2023,937.25,Spain,Diesel,ESP
2023,934.06,Spain,Diesel,ESP
2023,934.31,Spain,Diesel,ESP
2023,952.74,Spain,Diesel,ESP
2023,967.07,Spain,Diesel,ESP
2023,1007.3,Spain,Diesel,ESP
2023,1029.3,Spain,Diesel,ESP
2023,1016.3,Spain,Diesel,ESP
2023,1008.67,Spain,Diesel,ESP
2023,1011.03,Spain,Diesel,ESP
2023,993.57,Spain,Diesel,ESP
2022,979.14,Spain,Diesel,ESP
2022,994.35,Spain,Diesel,ESP
2022,1035.02,Spain,Diesel,ESP
2022,1078.82,Spain,Diesel,ESP
2022,1126.43,Spain,Diesel,ESP
2022,1172.06,Spain,Diesel,ESP
2022,1224.22,Spain,Diesel,ESP
2022,1244.12,Spain,Diesel,ESP
2022,1250.28,Spain,Diesel,ESP
2022,1251.5,Spain,Diesel,ESP
2022,1231.91,Spain,Diesel,ESP
2022,1155.38,Spain,Diesel,ESP
2022,1115.5,Spain,Diesel,ESP
2022,1126.79,Spain,Diesel,ESP
2022,1164.79,Spain,Diesel,ESP
2022,1195.98,Spain,Diesel,ESP
2022,1208.78,Spain,Diesel,ESP
2022,1176.83,Spain,Diesel,ESP
2022,1121.95,Spain,Diesel,ESP
2022,1113.63,Spain,Diesel,ESP
2022,1153.45,Spain,Diesel,ESP
2022,1185.73,Spain,Diesel,ESP
2022,1218.57,Spain,Diesel,ESP
2022,1250.43,Spain,Diesel,ESP
2022,1292.49,Spain,Diesel,ESP
2022,1337.11,Spain,Diesel,ESP
2022,1356.93,Spain,Diesel,ESP
2022,1337.14,Spain,Diesel,ESP
2022,1276.98,Spain,Diesel,ESP
2022,1205.21,Spain,Diesel,ESP
2022,1151.75,Spain,Diesel,ESP
2022,1164,Spain,Diesel,ESP
2022,1180.56,Spain,Diesel,ESP
2022,1200.74,Spain,Diesel,ESP
2022,1168.76,Spain,Diesel,ESP
2022,1147.79,Spain,Diesel,ESP
2022,1120.07,Spain,Diesel,ESP
2022,1147.47,Spain,Diesel,ESP
2022,1139.34,Spain,Diesel,ESP
2022,1106.64,Spain,Diesel,ESP
2022,1122.95,Spain,Diesel,ESP
2022,927.62,Spain,Diesel,ESP
2022,858.02,Spain,Diesel,ESP
2022,843.72,Spain,Diesel,ESP
2022,829.84,Spain,Diesel,ESP
2022,814.69,Spain,Diesel,ESP
2022,796.35,Spain,Diesel,ESP
2022,781.18,Spain,Diesel,ESP
2022,762.04,Spain,Diesel,ESP
2022,744.83,Spain,Diesel,ESP
2022,734.35,Spain,Diesel,ESP
2021,732.04,Spain,Diesel,ESP
2021,733.93,Spain,Diesel,ESP
2021,740.65,Spain,Diesel,ESP
2021,758.64,Spain,Diesel,ESP
2021,761.97,Spain,Diesel,ESP
2021,766.16,Spain,Diesel,ESP
2021,765.09,Spain,Diesel,ESP
2021,763.11,Spain,Diesel,ESP
2021,756.17,Spain,Diesel,ESP
2021,743.2,Spain,Diesel,ESP
2021,724.55,Spain,Diesel,ESP
2021,703.21,Spain,Diesel,ESP
2021,687.92,Spain,Diesel,ESP
2021,678.74,Spain,Diesel,ESP
2021,671.21,Spain,Diesel,ESP
2021,666.98,Spain,Diesel,ESP
2021,661.47,Spain,Diesel,ESP
2021,662.66,Spain,Diesel,ESP
2021,667.4,Spain,Diesel,ESP
2021,670.95,Spain,Diesel,ESP
2021,670.38,Spain,Diesel,ESP
2021,665.4,Spain,Diesel,ESP
2021,668.54,Spain,Diesel,ESP
2021,664.45,Spain,Diesel,ESP
2021,657.21,Spain,Diesel,ESP
2021,651.21,Spain,Diesel,ESP
2021,644.28,Spain,Diesel,ESP
2021,638.92,Spain,Diesel,ESP
2021,630.33,Spain,Diesel,ESP
2021,622.99,Spain,Diesel,ESP
2021,621.55,Spain,Diesel,ESP
2021,619.35,Spain,Diesel,ESP
2021,612.57,Spain,Diesel,ESP
2021,603.06,Spain,Diesel,ESP
2021,599.08,Spain,Diesel,ESP
2021,596.06,Spain,Diesel,ESP
2021,595.4,Spain,Diesel,ESP
2021,599.72,Spain,Diesel,ESP
2021,606.73,Spain,Diesel,ESP
2021,602.28,Spain,Diesel,ESP
2021,590.66,Spain,Diesel,ESP
2021,583.93,Spain,Diesel,ESP
2021,571.93,Spain,Diesel,ESP
2021,557.92,Spain,Diesel,ESP
2021,546.04,Spain,Diesel,ESP
2021,536.84,Spain,Diesel,ESP
2021,535.55,Spain,Diesel,ESP
2021,529.42,Spain,Diesel,ESP
2021,517.97,Spain,Diesel,ESP
2020,504.48,Spain,Diesel,ESP
2020,495.26,Spain,Diesel,ESP
2020,487.55,Spain,Diesel,ESP
2020,483.16,Spain,Diesel,ESP
2020,473.78,Spain,Diesel,ESP
2020,467.98,Spain,Diesel,ESP
2020,459.24,Spain,Diesel,ESP
2020,461.94,Spain,Diesel,ESP
2020,468.59,Spain,Diesel,ESP
2020,472.17,Spain,Diesel,ESP
2020,472.13,Spain,Diesel,ESP
2020,471.36,Spain,Diesel,ESP
2020,472.62,Spain,Diesel,ESP
2020,475.42,Spain,Diesel,ESP
2020,480.6,Spain,Diesel,ESP
2020,492.73,Spain,Diesel,ESP
2020,496.56,Spain,Diesel,ESP
2020,498.07,Spain,Diesel,ESP
2020,498.04,Spain,Diesel,ESP
2020,496.9,Spain,Diesel,ESP
2020,497.83,Spain,Diesel,ESP
2020,499.55,Spain,Diesel,ESP
2020,497.45,Spain,Diesel,ESP
2020,494.14,Spain,Diesel,ESP
2020,485.27,Spain,Diesel,ESP
2020,480.79,Spain,Diesel,ESP
2020,470.59,Spain,Diesel,ESP
2020,463.29,Spain,Diesel,ESP
2020,454.02,Spain,Diesel,ESP
2020,449,Spain,Diesel,ESP
2020,445.76,Spain,Diesel,ESP
2020,435.05,Spain,Diesel,ESP
2020,431.5,Spain,Diesel,ESP
2020,432.09,Spain,Diesel,ESP
2020,447.28,Spain,Diesel,ESP
2020,465.8,Spain,Diesel,ESP
2020,478.71,Spain,Diesel,ESP
2020,494.89,Spain,Diesel,ESP
2020,517.6,Spain,Diesel,ESP
2020,553.07,Spain,Diesel,ESP
2020,588.83,Spain,Diesel,ESP
2020,604.52,Spain,Diesel,ESP
2020,614.02,Spain,Diesel,ESP
2020,613.02,Spain,Diesel,ESP
2020,617.89,Spain,Diesel,ESP
2020,630.42,Spain,Diesel,ESP
2020,642.46,Spain,Diesel,ESP
2020,651.23,Spain,Diesel,ESP
2020,657.32,Spain,Diesel,ESP
2020,651.64,Spain,Diesel,ESP
2019,630.1,Spain,Diesel,ESP
2019,628.01,Spain,Diesel,ESP
2019,628.58,Spain,Diesel,ESP
2019,624.74,Spain,Diesel,ESP
2019,624.76,Spain,Diesel,ESP
2019,625.8,Spain,Diesel,ESP
2019,624.68,Spain,Diesel,ESP
2019,622.56,Spain,Diesel,ESP
2019,622.44,Spain,Diesel,ESP
2019,623.64,Spain,Diesel,ESP
2019,630.09,Spain,Diesel,ESP
2019,637.26,Spain,Diesel,ESP
2019,634.39,Spain,Diesel,ESP
2019,620.31,Spain,Diesel,ESP
2019,612.88,Spain,Diesel,ESP
2019,610.76,Spain,Diesel,ESP
2019,611.29,Spain,Diesel,ESP
2019,612.97,Spain,Diesel,ESP
2019,619.48,Spain,Diesel,ESP
2019,626.55,Spain,Diesel,ESP
2019,622.7,Spain,Diesel,ESP
2019,623.93,Spain,Diesel,ESP
2019,621.45,Spain,Diesel,ESP
2019,617.04,Spain,Diesel,ESP
2019,613.95,Spain,Diesel,ESP
2019,607.97,Spain,Diesel,ESP
2019,612.07,Spain,Diesel,ESP
2019,628.54,Spain,Diesel,ESP
2019,651.67,Spain,Diesel,ESP
2019,663.1,Spain,Diesel,ESP
2019,661.59,Spain,Diesel,ESP
2019,660.62,Spain,Diesel,ESP
2019,660.74,Spain,Diesel,ESP
2019,660.15,Spain,Diesel,ESP
2019,647.63,Spain,Diesel,ESP
2019,639.59,Spain,Diesel,ESP
2019,636.21,Spain,Diesel,ESP
2019,636.27,Spain,Diesel,ESP
2019,637.61,Spain,Diesel,ESP
2019,636.6,Spain,Diesel,ESP
2019,633.78,Spain,Diesel,ESP
2019,629.17,Spain,Diesel,ESP
2019,613.03,Spain,Diesel,ESP
2019,605.18,Spain,Diesel,ESP
2019,600.3,Spain,Diesel,ESP
2019,594.29,Spain,Diesel,ESP
2019,584.88,Spain,Diesel,ESP
2019,570.02,Spain,Diesel,ESP
2019,554.75,Spain,Diesel,ESP
2018,594.33,Spain,Diesel,ESP
2018,605.06,Spain,Diesel,ESP
2018,620.8,Spain,Diesel,ESP
2018,645.62,Spain,Diesel,ESP
2018,663.55,Spain,Diesel,ESP
2018,676.55,Spain,Diesel,ESP
2018,686.24,Spain,Diesel,ESP
2018,687.68,Spain,Diesel,ESP
2018,686.94,Spain,Diesel,ESP
2018,694.57,Spain,Diesel,ESP
2018,683.48,Spain,Diesel,ESP
2018,665.94,Spain,Diesel,ESP
2018,661.41,Spain,Diesel,ESP
2018,663.7,Spain,Diesel,ESP
2018,662.74,Spain,Diesel,ESP
2018,656.45,Spain,Diesel,ESP
2018,649.51,Spain,Diesel,ESP
2018,647.98,Spain,Diesel,ESP
2018,646.37,Spain,Diesel,ESP
2018,646.05,Spain,Diesel,ESP
2018,642.44,Spain,Diesel,ESP
2018,642.15,Spain,Diesel,ESP
2018,648.57,Spain,Diesel,ESP
2018,648.44,Spain,Diesel,ESP
2018,642.34,Spain,Diesel,ESP
2018,643.46,Spain,Diesel,ESP
2018,651.16,Spain,Diesel,ESP
2018,655.76,Spain,Diesel,ESP
2018,659.53,Spain,Diesel,ESP
2018,658.1,Spain,Diesel,ESP
2018,647.32,Spain,Diesel,ESP
2018,630.27,Spain,Diesel,ESP
2018,616.79,Spain,Diesel,ESP
2018,610.68,Spain,Diesel,ESP
2018,602.31,Spain,Diesel,ESP
2018,594.75,Spain,Diesel,ESP
2018,587.36,Spain,Diesel,ESP
2018,575.14,Spain,Diesel,ESP
2018,566.36,Spain,Diesel,ESP
2018,567.4,Spain,Diesel,ESP
2018,572.18,Spain,Diesel,ESP
2018,566.41,Spain,Diesel,ESP
2018,568.57,Spain,Diesel,ESP
2018,586.05,Spain,Diesel,ESP
2018,593.61,Spain,Diesel,ESP
2018,594.22,Spain,Diesel,ESP
2018,596.05,Spain,Diesel,ESP
2018,594.28,Spain,Diesel,ESP
2018,587.73,Spain,Diesel,ESP
2018,579.85,Spain,Diesel,ESP
2017,572.8,Spain,Diesel,ESP
2017,569.42,Spain,Diesel,ESP
2017,570.71,Spain,Diesel,ESP
2017,570.9,Spain,Diesel,ESP
2017,572.16,Spain,Diesel,ESP
2017,570.3,Spain,Diesel,ESP
2017,558.94,Spain,Diesel,ESP
2017,549.92,Spain,Diesel,ESP
2017,549.69,Spain,Diesel,ESP
2017,545.17,Spain,Diesel,ESP
2017,549.05,Spain,Diesel,ESP
2017,547.49,Spain,Diesel,ESP
2017,537.48,Spain,Diesel,ESP
2017,533,Spain,Diesel,ESP
2017,528.8,Spain,Diesel,ESP
2017,518.86,Spain,Diesel,ESP
2017,514.56,Spain,Diesel,ESP
2017,517.34,Spain,Diesel,ESP
2017,519.49,Spain,Diesel,ESP
2017,518.8,Spain,Diesel,ESP
2017,509.51,Spain,Diesel,ESP
2017,504.03,Spain,Diesel,ESP
2017,498.91,Spain,Diesel,ESP
2017,499.35,Spain,Diesel,ESP
2017,491.35,Spain,Diesel,ESP
2017,493.3,Spain,Diesel,ESP
2017,500.44,Spain,Diesel,ESP
2017,509.18,Spain,Diesel,ESP
2017,524.63,Spain,Diesel,ESP
2017,531.51,Spain,Diesel,ESP
2017,527.19,Spain,Diesel,ESP
2017,524.97,Spain,Diesel,ESP
2017,536.17,Spain,Diesel,ESP
2017,549.56,Spain,Diesel,ESP
2017,562.83,Spain,Diesel,ESP
2017,548.81,Spain,Diesel,ESP
2017,537.04,Spain,Diesel,ESP
2017,538.79,Spain,Diesel,ESP
2017,546.58,Spain,Diesel,ESP
2017,562.49,Spain,Diesel,ESP
2017,568.22,Spain,Diesel,ESP
2017,569.64,Spain,Diesel,ESP
2017,567.43,Spain,Diesel,ESP
2017,564.46,Spain,Diesel,ESP
2017,562.03,Spain,Diesel,ESP
2017,560.58,Spain,Diesel,ESP
2017,561.37,Spain,Diesel,ESP
2017,565.75,Spain,Diesel,ESP
2017,572.22,Spain,Diesel,ESP
2017,564.11,Spain,Diesel,ESP
2025,889.48,Finland,Diesel,FIN
2025,995.13,Finland,Diesel,FIN
2025,959.64,Finland,Diesel,FIN
2025,950.77,Finland,Diesel,FIN
2025,861.25,Finland,Diesel,FIN
2025,872.54,Finland,Diesel,FIN
2025,903.19,Finland,Diesel,FIN
2025,873.35,Finland,Diesel,FIN
2025,827.38,Finland,Diesel,FIN
2024,870.13,Finland,Diesel,FIN
2024,983.83,Finland,Diesel,FIN
2024,837.06,Finland,Diesel,FIN
2024,845.93,Finland,Diesel,FIN
2024,845.13,Finland,Diesel,FIN
2024,837.06,Finland,Diesel,FIN
2024,970.93,Finland,Diesel,FIN
2024,817.71,Finland,Diesel,FIN
2024,781.42,Finland,Diesel,FIN
2024,826.58,Finland,Diesel,FIN
2024,820.93,Finland,Diesel,FIN
2024,885.45,Finland,Diesel,FIN
2024,899.16,Finland,Diesel,FIN
2024,801.58,Finland,Diesel,FIN
2024,916.09,Finland,Diesel,FIN
2024,937.06,Finland,Diesel,FIN
2024,846.74,Finland,Diesel,FIN
2024,846.74,Finland,Diesel,FIN
2024,835.45,Finland,Diesel,FIN
2024,844.32,Finland,Diesel,FIN
2024,842.71,Finland,Diesel,FIN
2024,884.64,Finland,Diesel,FIN
2024,901.58,Finland,Diesel,FIN
2024,883.83,Finland,Diesel,FIN
2024,846.74,Finland,Diesel,FIN
2024,868.51,Finland,Diesel,FIN
2024,883.03,Finland,Diesel,FIN
2024,886.25,Finland,Diesel,FIN
2024,874.96,Finland,Diesel,FIN
2024,863.67,Finland,Diesel,FIN
2024,863.67,Finland,Diesel,FIN
2024,855.61,Finland,Diesel,FIN
2024,870.13,Finland,Diesel,FIN
2024,885.45,Finland,Diesel,FIN
2024,870.93,Finland,Diesel,FIN
2024,962.06,Finland,Diesel,FIN
2024,1001.58,Finland,Diesel,FIN
2024,1085.45,Finland,Diesel,FIN
2024,1007.22,Finland,Diesel,FIN
2024,1035.45,Finland,Diesel,FIN
2024,1083.03,Finland,Diesel,FIN
2024,1043.51,Finland,Diesel,FIN
2024,975.77,Finland,Diesel,FIN
2024,975.77,Finland,Diesel,FIN
2024,995.93,Finland,Diesel,FIN
2024,1074.96,Finland,Diesel,FIN
2024,1046.74,Finland,Diesel,FIN
2024,976.58,Finland,Diesel,FIN
2024,1060.45,Finland,Diesel,FIN
2024,922.54,Finland,Diesel,FIN
2024,926.58,Finland,Diesel,FIN
2024,926.58,Finland,Diesel,FIN
2024,985.45,Finland,Diesel,FIN
2023,1012.87,Finland,Diesel,FIN
2023,1068.51,Finland,Diesel,FIN
2023,988.67,Finland,Diesel,FIN
2023,1033.83,Finland,Diesel,FIN
2023,1055.61,Finland,Diesel,FIN
2023,1072.54,Finland,Diesel,FIN
2023,1093.51,Finland,Diesel,FIN
2023,1109.64,Finland,Diesel,FIN
2023,1114.48,Finland,Diesel,FIN
2023,1123.35,Finland,Diesel,FIN
2023,1108.03,Finland,Diesel,FIN
2023,1166.9,Finland,Diesel,FIN
2023,1120.13,Finland,Diesel,FIN
2023,1133.83,Finland,Diesel,FIN
2023,1115.29,Finland,Diesel,FIN
2023,1074.16,Finland,Diesel,FIN
2023,1108.03,Finland,Diesel,FIN
2023,1026.58,Finland,Diesel,FIN
2023,1024.16,Finland,Diesel,FIN
2023,1024.16,Finland,Diesel,FIN
2023,986.25,Finland,Diesel,FIN
2023,965.29,Finland,Diesel,FIN
2023,923.35,Finland,Diesel,FIN
2023,923.35,Finland,Diesel,FIN
2023,933.83,Finland,Diesel,FIN
2023,1042.71,Finland,Diesel,FIN
2023,959.64,Finland,Diesel,FIN
2023,937.06,Finland,Diesel,FIN
2023,945.13,Finland,Diesel,FIN
2023,912.87,Finland,Diesel,FIN
2023,931.42,Finland,Diesel,FIN
2023,920.13,Finland,Diesel,FIN
2023,943.51,Finland,Diesel,FIN
2023,966.9,Finland,Diesel,FIN
2023,999.16,Finland,Diesel,FIN
2023,1022.54,Finland,Diesel,FIN
2023,1037.87,Finland,Diesel,FIN
2023,1064.48,Finland,Diesel,FIN
2023,1051.58,Finland,Diesel,FIN
2023,1059.64,Finland,Diesel,FIN
2023,1081.42,Finland,Diesel,FIN
2023,1108.03,Finland,Diesel,FIN
2023,1076.58,Finland,Diesel,FIN
2023,1095.13,Finland,Diesel,FIN
2023,1096.74,Finland,Diesel,FIN
2023,1116.9,Finland,Diesel,FIN
2023,1191.9,Finland,Diesel,FIN
2023,1177.38,Finland,Diesel,FIN
2023,1187.06,Finland,Diesel,FIN
2023,1151.58,Finland,Diesel,FIN
2023,1170.13,Finland,Diesel,FIN
2023,1167.71,Finland,Diesel,FIN
2022,1090.29,Finland,Diesel,FIN
2022,1039.48,Finland,Diesel,FIN
2022,1119.32,Finland,Diesel,FIN
2022,1164.48,Finland,Diesel,FIN
2022,1197.54,Finland,Diesel,FIN
2022,1250.77,Finland,Diesel,FIN
2022,1286.25,Finland,Diesel,FIN
2022,1272.54,Finland,Diesel,FIN
2022,1285.45,Finland,Diesel,FIN
2022,1274.96,Finland,Diesel,FIN
2022,1243.51,Finland,Diesel,FIN
2022,1187.87,Finland,Diesel,FIN
2022,1160.45,Finland,Diesel,FIN
2022,1143.51,Finland,Diesel,FIN
2022,1184.64,Finland,Diesel,FIN
2022,1236.25,Finland,Diesel,FIN
2022,1220.13,Finland,Diesel,FIN
2022,1208.83,Finland,Diesel,FIN
2022,1174.96,Finland,Diesel,FIN
2022,1170.13,Finland,Diesel,FIN
2022,1199.96,Finland,Diesel,FIN
2022,1225.77,Finland,Diesel,FIN
2022,1275.77,Finland,Diesel,FIN
2022,1299.16,Finland,Diesel,FIN
2022,1345.13,Finland,Diesel,FIN
2022,1394.32,Finland,Diesel,FIN
2022,1496.74,Finland,Diesel,FIN
2022,1466.09,Finland,Diesel,FIN
2022,1424.16,Finland,Diesel,FIN
2022,1323.35,Finland,Diesel,FIN
2022,1271.74,Finland,Diesel,FIN
2022,1295.93,Finland,Diesel,FIN
2022,1297.54,Finland,Diesel,FIN
2022,1297.54,Finland,Diesel,FIN
2022,1254.8,Finland,Diesel,FIN
2022,1262.06,Finland,Diesel,FIN
2022,1277.38,Finland,Diesel,FIN
2022,1306.42,Finland,Diesel,FIN
2022,1277.38,Finland,Diesel,FIN
2022,1275.77,Finland,Diesel,FIN
2022,1370.93,Finland,Diesel,FIN
2022,1127.38,Finland,Diesel,FIN
2022,1005.61,Finland,Diesel,FIN
2022,991.09,Finland,Diesel,FIN
2022,983.03,Finland,Diesel,FIN
2022,964.48,Finland,Diesel,FIN
2022,949.96,Finland,Diesel,FIN
2022,944.32,Finland,Diesel,FIN
2022,909.64,Finland,Diesel,FIN
2022,898.35,Finland,Diesel,FIN
2022,908.03,Finland,Diesel,FIN
2021,820.93,Finland,Diesel,FIN
2021,808.83,Finland,Diesel,FIN
2021,814.48,Finland,Diesel,FIN
2021,840.29,Finland,Diesel,FIN
2021,845.13,Finland,Diesel,FIN
2021,841.09,Finland,Diesel,FIN
2021,821.74,Finland,Diesel,FIN
2021,815.29,Finland,Diesel,FIN
2021,808.03,Finland,Diesel,FIN
2021,780.61,Finland,Diesel,FIN
2021,771.74,Finland,Diesel,FIN
2021,748.35,Finland,Diesel,FIN
2021,729,Finland,Diesel,FIN
2021,718.51,Finland,Diesel,FIN
2021,723.35,Finland,Diesel,FIN
2021,700.77,Finland,Diesel,FIN
2021,700.77,Finland,Diesel,FIN
2021,709.64,Finland,Diesel,FIN
2021,712.06,Finland,Diesel,FIN
2021,712.87,Finland,Diesel,FIN
2021,716.9,Finland,Diesel,FIN
2021,709.64,Finland,Diesel,FIN
2021,713.67,Finland,Diesel,FIN
2021,714.48,Finland,Diesel,FIN
2021,698.35,Finland,Diesel,FIN
2021,688.67,Finland,Diesel,FIN
2021,679.8,Finland,Diesel,FIN
2021,674.96,Finland,Diesel,FIN
2021,672.54,Finland,Diesel,FIN
2021,676.58,Finland,Diesel,FIN
2021,675.77,Finland,Diesel,FIN
2021,666.09,Finland,Diesel,FIN
2021,666.09,Finland,Diesel,FIN
2021,672.54,Finland,Diesel,FIN
2021,679,Finland,Diesel,FIN
2021,683.03,Finland,Diesel,FIN
2021,697.54,Finland,Diesel,FIN
2021,689.48,Finland,Diesel,FIN
2021,695.93,Finland,Diesel,FIN
2021,681.42,Finland,Diesel,FIN
2021,664.48,Finland,Diesel,FIN
2021,658.83,Finland,Diesel,FIN
2021,647.54,Finland,Diesel,FIN
2021,637.46,Finland,Diesel,FIN
2021,627.38,Finland,Diesel,FIN
2021,629,Finland,Diesel,FIN
2021,629,Finland,Diesel,FIN
2021,618.51,Finland,Diesel,FIN
2021,577.38,Finland,Diesel,FIN
2020,532.34,Finland,Diesel,FIN
2020,480.73,Finland,Diesel,FIN
2020,499.28,Finland,Diesel,FIN
2020,489.6,Finland,Diesel,FIN
2020,483.95,Finland,Diesel,FIN
2020,483.95,Finland,Diesel,FIN
2020,462.99,Finland,Diesel,FIN
2020,476.7,Finland,Diesel,FIN
2020,474.28,Finland,Diesel,FIN
2020,479.92,Finland,Diesel,FIN
2020,475.89,Finland,Diesel,FIN
2020,467.02,Finland,Diesel,FIN
2020,475.04,Finland,Diesel,FIN
2020,479.88,Finland,Diesel,FIN
2020,478.26,Finland,Diesel,FIN
2020,491.97,Finland,Diesel,FIN
2020,499.23,Finland,Diesel,FIN
2020,502.46,Finland,Diesel,FIN
2020,495.2,Finland,Diesel,FIN
2020,510.52,Finland,Diesel,FIN
2020,496,Finland,Diesel,FIN
2020,515.97,Finland,Diesel,FIN
2020,507.1,Finland,Diesel,FIN
2020,499.85,Finland,Diesel,FIN
2020,493.39,Finland,Diesel,FIN
2020,487.75,Finland,Diesel,FIN
2020,470.81,Finland,Diesel,FIN
2020,476.46,Finland,Diesel,FIN
2020,465.97,Finland,Diesel,FIN
2020,461.94,Finland,Diesel,FIN
2020,457.1,Finland,Diesel,FIN
2020,478.88,Finland,Diesel,FIN
2020,467.59,Finland,Diesel,FIN
2020,495.01,Finland,Diesel,FIN
2020,505.49,Finland,Diesel,FIN
2020,507.1,Finland,Diesel,FIN
2020,536.14,Finland,Diesel,FIN
2020,545.81,Finland,Diesel,FIN
2020,555.49,Finland,Diesel,FIN
2020,583.72,Finland,Diesel,FIN
2020,635.33,Finland,Diesel,FIN
2020,657.91,Finland,Diesel,FIN
2020,661.14,Finland,Diesel,FIN
2020,668.39,Finland,Diesel,FIN
2020,678.88,Finland,Diesel,FIN
2020,695.81,Finland,Diesel,FIN
2020,703.88,Finland,Diesel,FIN
2020,722.43,Finland,Diesel,FIN
2020,733.72,Finland,Diesel,FIN
2020,728.07,Finland,Diesel,FIN
2019,694.92,Finland,Diesel,FIN
2019,696.53,Finland,Diesel,FIN
2019,680.4,Finland,Diesel,FIN
2019,701.37,Finland,Diesel,FIN
2019,686.85,Finland,Diesel,FIN
2019,685.24,Finland,Diesel,FIN
2019,675.56,Finland,Diesel,FIN
2019,681.21,Finland,Diesel,FIN
2019,687.66,Finland,Diesel,FIN
2019,683.63,Finland,Diesel,FIN
2019,686.05,Finland,Diesel,FIN
2019,698.95,Finland,Diesel,FIN
2019,717.5,Finland,Diesel,FIN
2019,661.85,Finland,Diesel,FIN
2019,649.76,Finland,Diesel,FIN
2019,623.14,Finland,Diesel,FIN
2019,646.53,Finland,Diesel,FIN
2019,652.98,Finland,Diesel,FIN
2019,641.69,Finland,Diesel,FIN
2019,661.05,Finland,Diesel,FIN
2019,665.08,Finland,Diesel,FIN
2019,634.43,Finland,Diesel,FIN
2019,644.92,Finland,Diesel,FIN
2019,650.56,Finland,Diesel,FIN
2019,644.11,Finland,Diesel,FIN
2019,652.98,Finland,Diesel,FIN
2019,666.69,Finland,Diesel,FIN
2019,675.56,Finland,Diesel,FIN
2019,687.66,Finland,Diesel,FIN
2019,695.73,Finland,Diesel,FIN
2019,698.14,Finland,Diesel,FIN
2019,686.85,Finland,Diesel,FIN
2019,694.92,Finland,Diesel,FIN
2019,698.14,Finland,Diesel,FIN
2019,691.69,Finland,Diesel,FIN
2019,683.63,Finland,Diesel,FIN
2019,678.79,Finland,Diesel,FIN
2019,690.08,Finland,Diesel,FIN
2019,697.34,Finland,Diesel,FIN
2019,702.98,Finland,Diesel,FIN
2019,698.14,Finland,Diesel,FIN
2019,665.08,Finland,Diesel,FIN
2019,683.63,Finland,Diesel,FIN
2019,671.53,Finland,Diesel,FIN
2019,658.63,Finland,Diesel,FIN
2019,677.98,Finland,Diesel,FIN
2019,669.92,Finland,Diesel,FIN
2019,660.24,Finland,Diesel,FIN
2019,663.47,Finland,Diesel,FIN
2018,724.76,Finland,Diesel,FIN
2018,722.34,Finland,Diesel,FIN
2018,734.43,Finland,Diesel,FIN
2018,755.4,Finland,Diesel,FIN
2018,766.69,Finland,Diesel,FIN
2018,769.92,Finland,Diesel,FIN
2018,741.69,Finland,Diesel,FIN
2018,765.89,Finland,Diesel,FIN
2018,740.08,Finland,Diesel,FIN
2018,722.34,Finland,Diesel,FIN
2018,738.47,Finland,Diesel,FIN
2018,682.82,Finland,Diesel,FIN
2018,669.92,Finland,Diesel,FIN
2018,689.27,Finland,Diesel,FIN
2018,686.05,Finland,Diesel,FIN
2018,653.79,Finland,Diesel,FIN
2018,679.6,Finland,Diesel,FIN
2018,682.82,Finland,Diesel,FIN
2018,660.24,Finland,Diesel,FIN
2018,686.05,Finland,Diesel,FIN
2018,661.85,Finland,Diesel,FIN
2018,661.85,Finland,Diesel,FIN
2018,647.34,Finland,Diesel,FIN
2018,669.92,Finland,Diesel,FIN
2018,656.21,Finland,Diesel,FIN
2018,676.37,Finland,Diesel,FIN
2018,680.4,Finland,Diesel,FIN
2018,692.5,Finland,Diesel,FIN
2018,682.82,Finland,Diesel,FIN
2018,669.11,Finland,Diesel,FIN
2018,668.31,Finland,Diesel,FIN
2018,632.02,Finland,Diesel,FIN
2018,643.31,Finland,Diesel,FIN
2018,628.79,Finland,Diesel,FIN
2018,619.11,Finland,Diesel,FIN
2018,618.31,Finland,Diesel,FIN
2018,615.08,Finland,Diesel,FIN
2018,611.05,Finland,Diesel,FIN
2018,610.24,Finland,Diesel,FIN
2018,616.69,Finland,Diesel,FIN
2018,620.73,Finland,Diesel,FIN
2018,613.47,Finland,Diesel,FIN
2018,617.5,Finland,Diesel,FIN
2018,614.27,Finland,Diesel,FIN
2018,627.18,Finland,Diesel,FIN
2018,630.4,Finland,Diesel,FIN
2018,619.92,Finland,Diesel,FIN
2018,640.08,Finland,Diesel,FIN
2018,632.02,Finland,Diesel,FIN
2018,623.14,Finland,Diesel,FIN
2017,572.5,Finland,Diesel,FIN
2017,587.01,Finland,Diesel,FIN
2017,570.08,Finland,Diesel,FIN
2017,580.56,Finland,Diesel,FIN
2017,581.37,Finland,Diesel,FIN
2017,582.18,Finland,Diesel,FIN
2017,578.14,Finland,Diesel,FIN
2017,560.4,Finland,Diesel,FIN
2017,528.95,Finland,Diesel,FIN
2017,542.66,Finland,Diesel,FIN
2017,543.47,Finland,Diesel,FIN
2017,521.69,Finland,Diesel,FIN
2017,531.37,Finland,Diesel,FIN
2017,532.98,Finland,Diesel,FIN
2017,507.18,Finland,Diesel,FIN
2017,512.01,Finland,Diesel,FIN
2017,494.27,Finland,Diesel,FIN
2017,516.85,Finland,Diesel,FIN
2017,506.37,Finland,Diesel,FIN
2017,519.27,Finland,Diesel,FIN
2017,514.43,Finland,Diesel,FIN
2017,512.01,Finland,Diesel,FIN
2017,513.63,Finland,Diesel,FIN
2017,510.4,Finland,Diesel,FIN
2017,501.53,Finland,Diesel,FIN
2017,503.14,Finland,Diesel,FIN
2017,516.05,Finland,Diesel,FIN
2017,519.27,Finland,Diesel,FIN
2017,524.11,Finland,Diesel,FIN
2017,528.95,Finland,Diesel,FIN
2017,537.82,Finland,Diesel,FIN
2017,529.76,Finland,Diesel,FIN
2017,528.95,Finland,Diesel,FIN
2017,551.53,Finland,Diesel,FIN
2017,554.76,Finland,Diesel,FIN
2017,555.56,Finland,Diesel,FIN
2017,553.95,Finland,Diesel,FIN
2017,577.34,Finland,Diesel,FIN
2017,582.18,Finland,Diesel,FIN
2017,591.85,Finland,Diesel,FIN
2017,587.01,Finland,Diesel,FIN
2017,583.79,Finland,Diesel,FIN
2017,593.47,Finland,Diesel,FIN
2017,605.56,Finland,Diesel,FIN
2017,585.4,Finland,Diesel,FIN
2017,592.66,Finland,Diesel,FIN
2017,599.92,Finland,Diesel,FIN
2017,608.79,Finland,Diesel,FIN
2017,625.72,Finland,Diesel,FIN
2017,618.47,Finland,Diesel,FIN
2025,796.8,France,Diesel,FRA
2025,795.52,France,Diesel,FRA
2025,809.17,France,Diesel,FRA
2025,803.09,France,Diesel,FRA
2025,808.17,France,Diesel,FRA
2025,829.12,France,Diesel,FRA
2025,826.87,France,Diesel,FRA
2025,791.52,France,Diesel,FRA
2025,782.25,France,Diesel,FRA
2024,770.58,France,Diesel,FRA
2024,757.47,France,Diesel,FRA
2024,759.07,France,Diesel,FRA
2024,762.42,France,Diesel,FRA
2024,769.64,France,Diesel,FRA
2024,759.21,France,Diesel,FRA
2024,745.33,France,Diesel,FRA
2024,740.51,France,Diesel,FRA
2024,725.11,France,Diesel,FRA
2024,722.52,France,Diesel,FRA
2024,739.97,France,Diesel,FRA
2024,743.72,France,Diesel,FRA
2024,716.54,France,Diesel,FRA
2024,712.36,France,Diesel,FRA
2024,709.37,France,Diesel,FRA
2024,715.02,France,Diesel,FRA
2024,734.22,France,Diesel,FRA
2024,732.19,France,Diesel,FRA
2024,753.2,France,Diesel,FRA
2024,761.75,France,Diesel,FRA
2024,774.85,France,Diesel,FRA
2024,778.49,France,Diesel,FRA
2024,793.11,France,Diesel,FRA
2024,805.27,France,Diesel,FRA
2024,828.89,France,Diesel,FRA
2024,827.2,France,Diesel,FRA
2024,828.55,France,Diesel,FRA
2024,818.81,France,Diesel,FRA
2024,793.19,France,Diesel,FRA
2024,785.96,France,Diesel,FRA
2024,803.96,France,Diesel,FRA
2024,806.55,France,Diesel,FRA
2024,811.74,France,Diesel,FRA
2024,823.28,France,Diesel,FRA
2024,841.02,France,Diesel,FRA
2024,851.17,France,Diesel,FRA
2024,865.02,France,Diesel,FRA
2024,883.38,France,Diesel,FRA
2024,882.65,France,Diesel,FRA
2024,861.83,France,Diesel,FRA
2024,880.37,France,Diesel,FRA
2024,873.37,France,Diesel,FRA
2024,878.66,France,Diesel,FRA
2024,889.28,France,Diesel,FRA
2024,903.51,France,Diesel,FRA
2024,916.22,France,Diesel,FRA
2024,888.56,France,Diesel,FRA
2024,885.58,France,Diesel,FRA
2024,854.06,France,Diesel,FRA
2024,837.87,France,Diesel,FRA
2024,826.7,France,Diesel,FRA
2024,830.93,France,Diesel,FRA
2024,848.62,France,Diesel,FRA
2023,842.86,France,Diesel,FRA
2023,836.02,France,Diesel,FRA
2023,846.87,France,Diesel,FRA
2023,877.01,France,Diesel,FRA
2023,875.32,France,Diesel,FRA
2023,891.92,France,Diesel,FRA
2023,897.42,France,Diesel,FRA
2023,929.86,France,Diesel,FRA
2023,936.18,France,Diesel,FRA
2023,959.14,France,Diesel,FRA
2023,931,France,Diesel,FRA
2023,967.76,France,Diesel,FRA
2023,984.42,France,Diesel,FRA
2023,1008.47,France,Diesel,FRA
2023,998.82,France,Diesel,FRA
2023,959.06,France,Diesel,FRA
2023,939.91,France,Diesel,FRA
2023,910.99,France,Diesel,FRA
2023,919.03,France,Diesel,FRA
2023,919.86,France,Diesel,FRA
2023,896.33,France,Diesel,FRA
2023,840.89,France,Diesel,FRA
2023,807.86,France,Diesel,FRA
2023,803.38,France,Diesel,FRA
2023,779.17,France,Diesel,FRA
2023,786.98,France,Diesel,FRA
2023,810.56,France,Diesel,FRA
2023,787.66,France,Diesel,FRA
2023,790.72,France,Diesel,FRA
2023,779.2,France,Diesel,FRA
2023,784.53,France,Diesel,FRA
2023,774.42,France,Diesel,FRA
2023,770.61,France,Diesel,FRA
2023,778.92,France,Diesel,FRA
2023,824.32,France,Diesel,FRA
2023,859.45,France,Diesel,FRA
2023,890.87,France,Diesel,FRA
2023,892.19,France,Diesel,FRA
2023,898.72,France,Diesel,FRA
2023,904.52,France,Diesel,FRA
2023,906.23,France,Diesel,FRA
2023,922.93,France,Diesel,FRA
2023,901.03,France,Diesel,FRA
2023,899.45,France,Diesel,FRA
2023,922.82,France,Diesel,FRA
2023,914.21,France,Diesel,FRA
2023,963.72,France,Diesel,FRA
2023,1010.32,France,Diesel,FRA
2023,987.82,France,Diesel,FRA
2023,961.47,France,Diesel,FRA
2023,973.82,France,Diesel,FRA
2023,863.01,France,Diesel,FRA
2022,848.72,France,Diesel,FRA
2022,843.17,France,Diesel,FRA
2022,834.27,France,Diesel,FRA
2022,907.75,France,Diesel,FRA
2022,941.85,France,Diesel,FRA
2022,979.13,France,Diesel,FRA
2022,892.59,France,Diesel,FRA
2022,917.51,France,Diesel,FRA
2022,947.37,France,Diesel,FRA
2022,978.62,France,Diesel,FRA
2022,991.8,France,Diesel,FRA
2022,893.79,France,Diesel,FRA
2022,803.91,France,Diesel,FRA
2022,773.65,France,Diesel,FRA
2022,804.63,France,Diesel,FRA
2022,853.18,France,Diesel,FRA
2022,874.29,France,Diesel,FRA
2022,1014.91,France,Diesel,FRA
2022,924.23,France,Diesel,FRA
2022,882.49,France,Diesel,FRA
2022,923.66,France,Diesel,FRA
2022,956.09,France,Diesel,FRA
2022,1002.81,France,Diesel,FRA
2022,1032.2,France,Diesel,FRA
2022,1053.04,France,Diesel,FRA
2022,1111.17,France,Diesel,FRA
2022,1166.06,France,Diesel,FRA
2022,1169.68,France,Diesel,FRA
2022,1115.36,France,Diesel,FRA
2022,1025.45,France,Diesel,FRA
2022,914.27,France,Diesel,FRA
2022,934.25,France,Diesel,FRA
2022,956.23,France,Diesel,FRA
2022,1010.76,France,Diesel,FRA
2022,958.78,France,Diesel,FRA
2022,954.15,France,Diesel,FRA
2022,907.96,France,Diesel,FRA
2022,966.77,France,Diesel,FRA
2022,1154.64,France,Diesel,FRA
2022,1037.18,France,Diesel,FRA
2022,1174.79,France,Diesel,FRA
2022,960.17,France,Diesel,FRA
2022,842.18,France,Diesel,FRA
2022,811.83,France,Diesel,FRA
2022,807.18,France,Diesel,FRA
2022,795.38,France,Diesel,FRA
2022,782.92,France,Diesel,FRA
2022,769.25,France,Diesel,FRA
2022,742.07,France,Diesel,FRA
2022,714.52,France,Diesel,FRA
2022,671.48,France,Diesel,FRA
2021,667.26,France,Diesel,FRA
2021,662.14,France,Diesel,FRA
2021,685.61,France,Diesel,FRA
2021,685.61,France,Diesel,FRA
2021,687.59,France,Diesel,FRA
2021,688.96,France,Diesel,FRA
2021,682,France,Diesel,FRA
2021,688.11,France,Diesel,FRA
2021,685.17,France,Diesel,FRA
2021,689.46,France,Diesel,FRA
2021,670.4,France,Diesel,FRA
2021,638.42,France,Diesel,FRA
2021,612.48,France,Diesel,FRA
2021,602.35,France,Diesel,FRA
2021,592.33,France,Diesel,FRA
2021,582.09,France,Diesel,FRA
2021,578.53,France,Diesel,FRA
2021,580.69,France,Diesel,FRA
2021,585.45,France,Diesel,FRA
2021,592.51,France,Diesel,FRA
2021,585.68,France,Diesel,FRA
2021,591.78,France,Diesel,FRA
2021,596.37,France,Diesel,FRA
2021,588.95,France,Diesel,FRA
2021,589.43,France,Diesel,FRA
2021,582.26,France,Diesel,FRA
2021,573.72,France,Diesel,FRA
2021,564.84,France,Diesel,FRA
2021,559.4,France,Diesel,FRA
2021,550.5,France,Diesel,FRA
2021,550.28,France,Diesel,FRA
2021,548.27,France,Diesel,FRA
2021,550.34,France,Diesel,FRA
2021,538.78,France,Diesel,FRA
2021,539.77,France,Diesel,FRA
2021,534.08,France,Diesel,FRA
2021,532.1,France,Diesel,FRA
2021,539.18,France,Diesel,FRA
2021,551.72,France,Diesel,FRA
2021,549.47,France,Diesel,FRA
2021,537.4,France,Diesel,FRA
2021,535.03,France,Diesel,FRA
2021,525.66,France,Diesel,FRA
2021,508.89,France,Diesel,FRA
2021,493.59,France,Diesel,FRA
2021,485.46,France,Diesel,FRA
2021,486.37,France,Diesel,FRA
2021,481.25,France,Diesel,FRA
2021,462.41,France,Diesel,FRA
2020,442.11,France,Diesel,FRA
2020,434.84,France,Diesel,FRA
2020,429.67,France,Diesel,FRA
2020,422.83,France,Diesel,FRA
2020,405.92,France,Diesel,FRA
2020,401.02,France,Diesel,FRA
2020,388.22,France,Diesel,FRA
2020,396.47,France,Diesel,FRA
2020,390.12,France,Diesel,FRA
2020,397.39,France,Diesel,FRA
2020,390.7,France,Diesel,FRA
2020,387.78,France,Diesel,FRA
2020,386.45,France,Diesel,FRA
2020,386.83,France,Diesel,FRA
2020,398.77,France,Diesel,FRA
2020,406.73,France,Diesel,FRA
2020,414.13,France,Diesel,FRA
2020,421.06,France,Diesel,FRA
2020,421.49,France,Diesel,FRA
2020,421.19,France,Diesel,FRA
2020,420.35,France,Diesel,FRA
2020,430.42,France,Diesel,FRA
2020,428.09,France,Diesel,FRA
2020,425.92,France,Diesel,FRA
2020,414.1,France,Diesel,FRA
2020,416.17,France,Diesel,FRA
2020,404.35,France,Diesel,FRA
2020,398.52,France,Diesel,FRA
2020,383.42,France,Diesel,FRA
2020,378.72,France,Diesel,FRA
2020,371.61,France,Diesel,FRA
2020,355.74,France,Diesel,FRA
2020,358.22,France,Diesel,FRA
2020,362.82,France,Diesel,FRA
2020,385.97,France,Diesel,FRA
2020,401.94,France,Diesel,FRA
2020,416.77,France,Diesel,FRA
2020,423.4,France,Diesel,FRA
2020,438.32,France,Diesel,FRA
2020,475.25,France,Diesel,FRA
2020,525.33,France,Diesel,FRA
2020,550.52,France,Diesel,FRA
2020,557.55,France,Diesel,FRA
2020,557.48,France,Diesel,FRA
2020,559.89,France,Diesel,FRA
2020,586.17,France,Diesel,FRA
2020,610.47,France,Diesel,FRA
2020,623.49,France,Diesel,FRA
2020,633.27,France,Diesel,FRA
2020,627.67,France,Diesel,FRA
2019,604.56,France,Diesel,FRA
2019,600.78,France,Diesel,FRA
2019,594,France,Diesel,FRA
2019,589.32,France,Diesel,FRA
2019,591.99,France,Diesel,FRA
2019,592,France,Diesel,FRA
2019,593.48,France,Diesel,FRA
2019,589.93,France,Diesel,FRA
2019,591.1,France,Diesel,FRA
2019,591.23,France,Diesel,FRA
2019,595.88,France,Diesel,FRA
2019,603.2,France,Diesel,FRA
2019,603.87,France,Diesel,FRA
2019,582.36,France,Diesel,FRA
2019,566.11,France,Diesel,FRA
2019,567.55,France,Diesel,FRA
2019,566.12,France,Diesel,FRA
2019,562.81,France,Diesel,FRA
2019,570.49,France,Diesel,FRA
2019,581.95,France,Diesel,FRA
2019,578.27,France,Diesel,FRA
2019,583.02,France,Diesel,FRA
2019,576.47,France,Diesel,FRA
2019,560.38,France,Diesel,FRA
2019,572.56,France,Diesel,FRA
2019,564.75,France,Diesel,FRA
2019,567.96,France,Diesel,FRA
2019,587.26,France,Diesel,FRA
2019,618.12,France,Diesel,FRA
2019,632.4,France,Diesel,FRA
2019,625.53,France,Diesel,FRA
2019,624.99,France,Diesel,FRA
2019,622.41,France,Diesel,FRA
2019,625.77,France,Diesel,FRA
2019,615.47,France,Diesel,FRA
2019,608.57,France,Diesel,FRA
2019,605.15,France,Diesel,FRA
2019,607.02,France,Diesel,FRA
2019,609.88,France,Diesel,FRA
2019,609.23,France,Diesel,FRA
2019,607.28,France,Diesel,FRA
2019,599.52,France,Diesel,FRA
2019,583.76,France,Diesel,FRA
2019,575.17,France,Diesel,FRA
2019,575.34,France,Diesel,FRA
2019,572.69,France,Diesel,FRA
2019,564.22,France,Diesel,FRA
2019,550.66,France,Diesel,FRA
2019,537.59,France,Diesel,FRA
2018,577.75,France,Diesel,FRA
2018,583.12,France,Diesel,FRA
2018,581.06,France,Diesel,FRA
2018,603.28,France,Diesel,FRA
2018,611.75,France,Diesel,FRA
2018,627.13,France,Diesel,FRA
2018,652.97,France,Diesel,FRA
2018,649.55,France,Diesel,FRA
2018,659.29,France,Diesel,FRA
2018,668.07,France,Diesel,FRA
2018,658.6,France,Diesel,FRA
2018,626.73,France,Diesel,FRA
2018,620.82,France,Diesel,FRA
2018,622.61,France,Diesel,FRA
2018,621.19,France,Diesel,FRA
2018,605.84,France,Diesel,FRA
2018,600.7,France,Diesel,FRA
2018,600.26,France,Diesel,FRA
2018,596.94,France,Diesel,FRA
2018,594.97,France,Diesel,FRA
2018,585.68,France,Diesel,FRA
2018,592.54,France,Diesel,FRA
2018,602.98,France,Diesel,FRA
2018,597.9,France,Diesel,FRA
2018,599.63,France,Diesel,FRA
2018,605.07,France,Diesel,FRA
2018,611.2,France,Diesel,FRA
2018,613.08,France,Diesel,FRA
2018,623.09,France,Diesel,FRA
2018,625.23,France,Diesel,FRA
2018,608.06,France,Diesel,FRA
2018,589.44,France,Diesel,FRA
2018,577.12,France,Diesel,FRA
2018,572.2,France,Diesel,FRA
2018,562.09,France,Diesel,FRA
2018,554.27,France,Diesel,FRA
2018,547.47,France,Diesel,FRA
2018,537.17,France,Diesel,FRA
2018,525.79,France,Diesel,FRA
2018,528.87,France,Diesel,FRA
2018,534.87,France,Diesel,FRA
2018,526.02,France,Diesel,FRA
2018,529.39,France,Diesel,FRA
2018,547.57,France,Diesel,FRA
2018,552.57,France,Diesel,FRA
2018,552.9,France,Diesel,FRA
2018,555.62,France,Diesel,FRA
2018,555.48,France,Diesel,FRA
2018,551.75,France,Diesel,FRA
2018,525.48,France,Diesel,FRA
2017,518.73,France,Diesel,FRA
2017,513.04,France,Diesel,FRA
2017,517.49,France,Diesel,FRA
2017,517.32,France,Diesel,FRA
2017,518.4,France,Diesel,FRA
2017,514.72,France,Diesel,FRA
2017,500.86,France,Diesel,FRA
2017,487.76,France,Diesel,FRA
2017,482.33,France,Diesel,FRA
2017,486.06,France,Diesel,FRA
2017,491.88,France,Diesel,FRA
2017,495.07,France,Diesel,FRA
2017,479.13,France,Diesel,FRA
2017,470.29,France,Diesel,FRA
2017,466.12,France,Diesel,FRA
2017,444.36,France,Diesel,FRA
2017,448.13,France,Diesel,FRA
2017,451.25,France,Diesel,FRA
2017,452.8,France,Diesel,FRA
2017,452.59,France,Diesel,FRA
2017,431.53,France,Diesel,FRA
2017,437.3,France,Diesel,FRA
2017,431.26,France,Diesel,FRA
2017,428.57,France,Diesel,FRA
2017,420.27,France,Diesel,FRA
2017,423.44,France,Diesel,FRA
2017,432.83,France,Diesel,FRA
2017,446.32,France,Diesel,FRA
2017,461.27,France,Diesel,FRA
2017,463.71,France,Diesel,FRA
2017,459.32,France,Diesel,FRA
2017,456.76,France,Diesel,FRA
2017,466.4,France,Diesel,FRA
2017,484.82,France,Diesel,FRA
2017,498.92,France,Diesel,FRA
2017,484.24,France,Diesel,FRA
2017,470.62,France,Diesel,FRA
2017,474.47,France,Diesel,FRA
2017,485.64,France,Diesel,FRA
2017,503.12,France,Diesel,FRA
2017,509.11,France,Diesel,FRA
2017,510.13,France,Diesel,FRA
2017,509.26,France,Diesel,FRA
2017,507.21,France,Diesel,FRA
2017,505.34,France,Diesel,FRA
2017,504.83,France,Diesel,FRA
2017,505.96,France,Diesel,FRA
2017,509.62,France,Diesel,FRA
2017,514.42,France,Diesel,FRA
2017,507.93,France,Diesel,FRA
2025,878.9,Greece,Diesel,GRC
2025,885.35,Greece,Diesel,GRC
2025,885.35,Greece,Diesel,GRC
2025,882.93,Greece,Diesel,GRC
2025,885.35,Greece,Diesel,GRC
2025,895.83,Greece,Diesel,GRC
2025,892.61,Greece,Diesel,GRC
2025,863.57,Greece,Diesel,GRC
2025,851.48,Greece,Diesel,GRC
2024,845.02,Greece,Diesel,GRC
2024,844.22,Greece,Diesel,GRC
2024,838.57,Greece,Diesel,GRC
2024,841.8,Greece,Diesel,GRC
2024,845.83,Greece,Diesel,GRC
2024,840.19,Greece,Diesel,GRC
2024,826.48,Greece,Diesel,GRC
2024,825.67,Greece,Diesel,GRC
2024,816.8,Greece,Diesel,GRC
2024,820.83,Greece,Diesel,GRC
2024,825.67,Greece,Diesel,GRC
2024,827.28,Greece,Diesel,GRC
2024,809.54,Greece,Diesel,GRC
2024,804.7,Greece,Diesel,GRC
2024,805.51,Greece,Diesel,GRC
2024,809.54,Greece,Diesel,GRC
2024,826.48,Greece,Diesel,GRC
2024,836.96,Greece,Diesel,GRC
2024,845.83,Greece,Diesel,GRC
2024,863.57,Greece,Diesel,GRC
2024,867.61,Greece,Diesel,GRC
2024,886.15,Greece,Diesel,GRC
2024,896.64,Greece,Diesel,GRC
2024,907.93,Greece,Diesel,GRC
2024,920.83,Greece,Diesel,GRC
2024,922.44,Greece,Diesel,GRC
2024,912.77,Greece,Diesel,GRC
2024,903.09,Greece,Diesel,GRC
2024,882.12,Greece,Diesel,GRC
2024,873.25,Greece,Diesel,GRC
2024,889.38,Greece,Diesel,GRC
2024,894.22,Greece,Diesel,GRC
2024,899.86,Greece,Diesel,GRC
2024,911.96,Greece,Diesel,GRC
2024,931.32,Greece,Diesel,GRC
2024,944.22,Greece,Diesel,GRC
2024,956.32,Greece,Diesel,GRC
2024,958.73,Greece,Diesel,GRC
2024,957.12,Greece,Diesel,GRC
2024,952.28,Greece,Diesel,GRC
2024,954.7,Greece,Diesel,GRC
2024,946.64,Greece,Diesel,GRC
2024,953.09,Greece,Diesel,GRC
2024,962.77,Greece,Diesel,GRC
2024,975.67,Greece,Diesel,GRC
2024,980.51,Greece,Diesel,GRC
2024,956.32,Greece,Diesel,GRC
2024,942.61,Greece,Diesel,GRC
2024,920.83,Greece,Diesel,GRC
2024,906.32,Greece,Diesel,GRC
2024,898.25,Greece,Diesel,GRC
2024,901.48,Greece,Diesel,GRC
2024,909.54,Greece,Diesel,GRC
2023,908.73,Greece,Diesel,GRC
2023,903.9,Greece,Diesel,GRC
2023,923.25,Greece,Diesel,GRC
2023,944.22,Greece,Diesel,GRC
2023,950.67,Greece,Diesel,GRC
2023,962.77,Greece,Diesel,GRC
2023,982.93,Greece,Diesel,GRC
2023,1011.15,Greece,Diesel,GRC
2023,1030.51,Greece,Diesel,GRC
2023,1036.96,Greece,Diesel,GRC
2023,1029.7,Greece,Diesel,GRC
2023,1055.51,Greece,Diesel,GRC
2023,1070.83,Greece,Diesel,GRC
2023,1070.02,Greece,Diesel,GRC
2023,1062.77,Greece,Diesel,GRC
2023,1018.41,Greece,Diesel,GRC
2023,1002.28,Greece,Diesel,GRC
2023,995.83,Greece,Diesel,GRC
2023,986.96,Greece,Diesel,GRC
2023,980.51,Greece,Diesel,GRC
2023,956.32,Greece,Diesel,GRC
2023,912.77,Greece,Diesel,GRC
2023,876.48,Greece,Diesel,GRC
2023,867.61,Greece,Diesel,GRC
2023,852.28,Greece,Diesel,GRC
2023,848.25,Greece,Diesel,GRC
2023,853.9,Greece,Diesel,GRC
2023,843.41,Greece,Diesel,GRC
2023,841.8,Greece,Diesel,GRC
2023,832.12,Greece,Diesel,GRC
2023,830.51,Greece,Diesel,GRC
2023,823.25,Greece,Diesel,GRC
2023,815.99,Greece,Diesel,GRC
2023,825.67,Greece,Diesel,GRC
2023,862.77,Greece,Diesel,GRC
2023,890.99,Greece,Diesel,GRC
2023,910.35,Greece,Diesel,GRC
2023,909.54,Greece,Diesel,GRC
2023,908.73,Greece,Diesel,GRC
2023,918.41,Greece,Diesel,GRC
2023,936.15,Greece,Diesel,GRC
2023,957.12,Greece,Diesel,GRC
2023,954.7,Greece,Diesel,GRC
2023,949.86,Greece,Diesel,GRC
2023,961.15,Greece,Diesel,GRC
2023,965.99,Greece,Diesel,GRC
2023,1010.35,Greece,Diesel,GRC
2023,1045.02,Greece,Diesel,GRC
2023,1030.51,Greece,Diesel,GRC
2023,1013.57,Greece,Diesel,GRC
2023,1020.02,Greece,Diesel,GRC
2023,1024.06,Greece,Diesel,GRC
2022,1020.02,Greece,Diesel,GRC
2022,1020.83,Greece,Diesel,GRC
2022,1032.93,Greece,Diesel,GRC
2022,1099.86,Greece,Diesel,GRC
2022,1134.54,Greece,Diesel,GRC
2022,1183.73,Greece,Diesel,GRC
2022,1245.83,Greece,Diesel,GRC
2022,1261.96,Greece,Diesel,GRC
2022,1276.48,Greece,Diesel,GRC
2022,1300.67,Greece,Diesel,GRC
2022,1302.28,Greece,Diesel,GRC
2022,1231.32,Greece,Diesel,GRC
2022,1103.9,Greece,Diesel,GRC
2022,1045.83,Greece,Diesel,GRC
2022,1078.9,Greece,Diesel,GRC
2022,1117.61,Greece,Diesel,GRC
2022,1140.99,Greece,Diesel,GRC
2022,1140.99,Greece,Diesel,GRC
2022,1058.73,Greece,Diesel,GRC
2022,1032.12,Greece,Diesel,GRC
2022,1061.96,Greece,Diesel,GRC
2022,1107.93,Greece,Diesel,GRC
2022,1134.54,Greece,Diesel,GRC
2022,1172.44,Greece,Diesel,GRC
2022,1198.25,Greece,Diesel,GRC
2022,1249.86,Greece,Diesel,GRC
2022,1290.19,Greece,Diesel,GRC
2022,1279.7,Greece,Diesel,GRC
2022,1216.8,Greece,Diesel,GRC
2022,1134.54,Greece,Diesel,GRC
2022,1077.28,Greece,Diesel,GRC
2022,1082.93,Greece,Diesel,GRC
2022,1099.86,Greece,Diesel,GRC
2022,1116.8,Greece,Diesel,GRC
2022,1074.06,Greece,Diesel,GRC
2022,1047.44,Greece,Diesel,GRC
2022,1040.99,Greece,Diesel,GRC
2022,1103.09,Greece,Diesel,GRC
2022,1170.02,Greece,Diesel,GRC
2022,1113.57,Greece,Diesel,GRC
2022,1186.15,Greece,Diesel,GRC
2022,934.54,Greece,Diesel,GRC
2022,902.28,Greece,Diesel,GRC
2022,882.93,Greece,Diesel,GRC
2022,871.64,Greece,Diesel,GRC
2022,860.44,Greece,Diesel,GRC
2022,839.61,Greece,Diesel,GRC
2022,800.9,Greece,Diesel,GRC
2022,800.9,Greece,Diesel,GRC
2022,783.09,Greece,Diesel,GRC
2022,773.41,Greece,Diesel,GRC
2021,769.38,Greece,Diesel,GRC
2021,775.83,Greece,Diesel,GRC
2021,775.83,Greece,Diesel,GRC
2021,794.36,Greece,Diesel,GRC
2021,796.66,Greece,Diesel,GRC
2021,798.05,Greece,Diesel,GRC
2021,798.95,Greece,Diesel,GRC
2021,798.81,Greece,Diesel,GRC
2021,794.69,Greece,Diesel,GRC
2021,783.4,Greece,Diesel,GRC
2021,765.89,Greece,Diesel,GRC
2021,737.43,Greece,Diesel,GRC
2021,717.71,Greece,Diesel,GRC
2021,709.84,Greece,Diesel,GRC
2021,705.29,Greece,Diesel,GRC
2021,701.25,Greece,Diesel,GRC
2021,699.77,Greece,Diesel,GRC
2021,701.7,Greece,Diesel,GRC
2021,703.9,Greece,Diesel,GRC
2021,706.34,Greece,Diesel,GRC
2021,704.46,Greece,Diesel,GRC
2021,702.26,Greece,Diesel,GRC
2021,702.84,Greece,Diesel,GRC
2021,698.12,Greece,Diesel,GRC
2021,691.61,Greece,Diesel,GRC
2021,683.61,Greece,Diesel,GRC
2021,670.28,Greece,Diesel,GRC
2021,661.41,Greece,Diesel,GRC
2021,655.09,Greece,Diesel,GRC
2021,652.04,Greece,Diesel,GRC
2021,652.86,Greece,Diesel,GRC
2021,651.24,Greece,Diesel,GRC
2021,648.01,Greece,Diesel,GRC
2021,641.95,Greece,Diesel,GRC
2021,641.95,Greece,Diesel,GRC
2021,643.67,Greece,Diesel,GRC
2021,643.67,Greece,Diesel,GRC
2021,646.13,Greece,Diesel,GRC
2021,647.53,Greece,Diesel,GRC
2021,644.08,Greece,Diesel,GRC
2021,633,Greece,Diesel,GRC
2021,626.55,Greece,Diesel,GRC
2021,612.19,Greece,Diesel,GRC
2021,597.9,Greece,Diesel,GRC
2021,581.98,Greece,Diesel,GRC
2021,572.68,Greece,Diesel,GRC
2021,570.26,Greece,Diesel,GRC
2021,562.95,Greece,Diesel,GRC
2021,547.09,Greece,Diesel,GRC
2020,516.6,Greece,Diesel,GRC
2020,511.09,Greece,Diesel,GRC
2020,505.62,Greece,Diesel,GRC
2020,501.55,Greece,Diesel,GRC
2020,493.9,Greece,Diesel,GRC
2020,491.51,Greece,Diesel,GRC
2020,486.99,Greece,Diesel,GRC
2020,490.33,Greece,Diesel,GRC
2020,494.93,Greece,Diesel,GRC
2020,494.83,Greece,Diesel,GRC
2020,494.82,Greece,Diesel,GRC
2020,496.67,Greece,Diesel,GRC
2020,496.66,Greece,Diesel,GRC
2020,498.24,Greece,Diesel,GRC
2020,504.87,Greece,Diesel,GRC
2020,512.58,Greece,Diesel,GRC
2020,514.73,Greece,Diesel,GRC
2020,514.69,Greece,Diesel,GRC
2020,515.43,Greece,Diesel,GRC
2020,514.61,Greece,Diesel,GRC
2020,514.65,Greece,Diesel,GRC
2020,516.04,Greece,Diesel,GRC
2020,514.49,Greece,Diesel,GRC
2020,512.8,Greece,Diesel,GRC
2020,508.85,Greece,Diesel,GRC
2020,506.59,Greece,Diesel,GRC
2020,496.08,Greece,Diesel,GRC
2020,488.33,Greece,Diesel,GRC
2020,480.39,Greece,Diesel,GRC
2020,477.48,Greece,Diesel,GRC
2020,474.21,Greece,Diesel,GRC
2020,463.4,Greece,Diesel,GRC
2020,463.61,Greece,Diesel,GRC
2020,467.26,Greece,Diesel,GRC
2020,487.59,Greece,Diesel,GRC
2020,510.25,Greece,Diesel,GRC
2020,525.97,Greece,Diesel,GRC
2020,542.56,Greece,Diesel,GRC
2020,561.26,Greece,Diesel,GRC
2020,597.64,Greece,Diesel,GRC
2020,637.5,Greece,Diesel,GRC
2020,658.96,Greece,Diesel,GRC
2020,662.18,Greece,Diesel,GRC
2020,663.1,Greece,Diesel,GRC
2020,668.91,Greece,Diesel,GRC
2020,682.49,Greece,Diesel,GRC
2020,695.79,Greece,Diesel,GRC
2020,703.58,Greece,Diesel,GRC
2020,708.03,Greece,Diesel,GRC
2020,705.45,Greece,Diesel,GRC
2019,693.69,Greece,Diesel,GRC
2019,695.38,Greece,Diesel,GRC
2019,696.01,Greece,Diesel,GRC
2019,693.82,Greece,Diesel,GRC
2019,693.72,Greece,Diesel,GRC
2019,693.73,Greece,Diesel,GRC
2019,693.79,Greece,Diesel,GRC
2019,693.61,Greece,Diesel,GRC
2019,693.7,Greece,Diesel,GRC
2019,696.11,Greece,Diesel,GRC
2019,701.05,Greece,Diesel,GRC
2019,704,Greece,Diesel,GRC
2019,702.19,Greece,Diesel,GRC
2019,686.42,Greece,Diesel,GRC
2019,682.57,Greece,Diesel,GRC
2019,683.51,Greece,Diesel,GRC
2019,683.53,Greece,Diesel,GRC
2019,684.41,Greece,Diesel,GRC
2019,688.66,Greece,Diesel,GRC
2019,695.33,Greece,Diesel,GRC
2019,694.56,Greece,Diesel,GRC
2019,695.48,Greece,Diesel,GRC
2019,692.89,Greece,Diesel,GRC
2019,689.15,Greece,Diesel,GRC
2019,686.55,Greece,Diesel,GRC
2019,684.36,Greece,Diesel,GRC
2019,689.39,Greece,Diesel,GRC
2019,699.14,Greece,Diesel,GRC
2019,716.17,Greece,Diesel,GRC
2019,721.54,Greece,Diesel,GRC
2019,717.94,Greece,Diesel,GRC
2019,718.18,Greece,Diesel,GRC
2019,717.28,Greece,Diesel,GRC
2019,714.86,Greece,Diesel,GRC
2019,707.02,Greece,Diesel,GRC
2019,702.31,Greece,Diesel,GRC
2019,699.23,Greece,Diesel,GRC
2019,698.46,Greece,Diesel,GRC
2019,697.61,Greece,Diesel,GRC
2019,695.9,Greece,Diesel,GRC
2019,691.85,Greece,Diesel,GRC
2019,687.81,Greece,Diesel,GRC
2019,672.7,Greece,Diesel,GRC
2019,663.3,Greece,Diesel,GRC
2019,660.99,Greece,Diesel,GRC
2019,660.23,Greece,Diesel,GRC
2019,657.07,Greece,Diesel,GRC
2019,652.39,Greece,Diesel,GRC
2019,652.13,Greece,Diesel,GRC
2018,682.08,Greece,Diesel,GRC
2018,690.85,Greece,Diesel,GRC
2018,706.29,Greece,Diesel,GRC
2018,727.59,Greece,Diesel,GRC
2018,743.03,Greece,Diesel,GRC
2018,750.03,Greece,Diesel,GRC
2018,757.85,Greece,Diesel,GRC
2018,760.13,Greece,Diesel,GRC
2018,764.95,Greece,Diesel,GRC
2018,765.65,Greece,Diesel,GRC
2018,748.49,Greece,Diesel,GRC
2018,728.1,Greece,Diesel,GRC
2018,728.69,Greece,Diesel,GRC
2018,728.69,Greece,Diesel,GRC
2018,727.07,Greece,Diesel,GRC
2018,721.43,Greece,Diesel,GRC
2018,719.82,Greece,Diesel,GRC
2018,719.01,Greece,Diesel,GRC
2018,718.2,Greece,Diesel,GRC
2018,717.4,Greece,Diesel,GRC
2018,714.98,Greece,Diesel,GRC
2018,717.35,Greece,Diesel,GRC
2018,720.57,Greece,Diesel,GRC
2018,718.91,Greece,Diesel,GRC
2018,715.02,Greece,Diesel,GRC
2018,717.51,Greece,Diesel,GRC
2018,722.21,Greece,Diesel,GRC
2018,728.36,Greece,Diesel,GRC
2018,728.36,Greece,Diesel,GRC
2018,722.53,Greece,Diesel,GRC
2018,704.21,Greece,Diesel,GRC
2018,686.8,Greece,Diesel,GRC
2018,675.82,Greece,Diesel,GRC
2018,665.4,Greece,Diesel,GRC
2018,657.94,Greece,Diesel,GRC
2018,649.62,Greece,Diesel,GRC
2018,634.67,Greece,Diesel,GRC
2018,634.67,Greece,Diesel,GRC
2018,632.58,Greece,Diesel,GRC
2018,633.41,Greece,Diesel,GRC
2018,634.82,Greece,Diesel,GRC
2018,647.73,Greece,Diesel,GRC
2018,647.73,Greece,Diesel,GRC
2018,647.73,Greece,Diesel,GRC
2018,646.65,Greece,Diesel,GRC
2018,649.16,Greece,Diesel,GRC
2018,646.57,Greece,Diesel,GRC
2018,642.44,Greece,Diesel,GRC
2018,636.93,Greece,Diesel,GRC
2018,629.9,Greece,Diesel,GRC
2017,629.9,Greece,Diesel,GRC
2017,630.11,Greece,Diesel,GRC
2017,630.03,Greece,Diesel,GRC
2017,630.76,Greece,Diesel,GRC
2017,623.36,Greece,Diesel,GRC
2017,623.36,Greece,Diesel,GRC
2017,611.51,Greece,Diesel,GRC
2017,605.36,Greece,Diesel,GRC
2017,603.68,Greece,Diesel,GRC
2017,604.68,Greece,Diesel,GRC
2017,603.76,Greece,Diesel,GRC
2017,596.35,Greece,Diesel,GRC
2017,589.41,Greece,Diesel,GRC
2017,583.07,Greece,Diesel,GRC
2017,583.07,Greece,Diesel,GRC
2017,576.13,Greece,Diesel,GRC
2017,577.03,Greece,Diesel,GRC
2017,564.95,Greece,Diesel,GRC
2017,564.95,Greece,Diesel,GRC
2017,564.95,Greece,Diesel,GRC
2017,564.95,Greece,Diesel,GRC
2017,564.21,Greece,Diesel,GRC
2017,565.28,Greece,Diesel,GRC
2017,565.28,Greece,Diesel,GRC
2017,565.28,Greece,Diesel,GRC
2017,568.56,Greece,Diesel,GRC
2017,575.74,Greece,Diesel,GRC
2017,588.61,Greece,Diesel,GRC
2017,593.88,Greece,Diesel,GRC
2017,593.57,Greece,Diesel,GRC
2017,592.08,Greece,Diesel,GRC
2017,595.5,Greece,Diesel,GRC
2017,607.56,Greece,Diesel,GRC
2017,617.77,Greece,Diesel,GRC
2017,606.95,Greece,Diesel,GRC
2017,606.95,Greece,Diesel,GRC
2017,605.67,Greece,Diesel,GRC
2017,609.8,Greece,Diesel,GRC
2017,616.99,Greece,Diesel,GRC
2017,623.02,Greece,Diesel,GRC
2017,622.76,Greece,Diesel,GRC
2017,622.76,Greece,Diesel,GRC
2017,622.86,Greece,Diesel,GRC
2017,621.27,Greece,Diesel,GRC
2017,620.47,Greece,Diesel,GRC
2017,620.55,Greece,Diesel,GRC
2017,622.18,Greece,Diesel,GRC
2017,620.5,Greece,Diesel,GRC
2017,611.44,Greece,Diesel,GRC
2017,616.09,Greece,Diesel,GRC
2025,861.07,Croatia,Diesel,HRV
2025,857.07,Croatia,Diesel,HRV
2025,859.47,Croatia,Diesel,HRV
2025,874.67,Croatia,Diesel,HRV
2025,881.87,Croatia,Diesel,HRV
2025,861.87,Croatia,Diesel,HRV
2025,851.47,Croatia,Diesel,HRV
2025,839.47,Croatia,Diesel,HRV
2025,833.87,Croatia,Diesel,HRV
2024,824.27,Croatia,Diesel,HRV
2024,821.87,Croatia,Diesel,HRV
2024,828.27,Croatia,Diesel,HRV
2024,833.07,Croatia,Diesel,HRV
2024,825.07,Croatia,Diesel,HRV
2024,817.07,Croatia,Diesel,HRV
2024,808.27,Croatia,Diesel,HRV
2024,800.27,Croatia,Diesel,HRV
2024,807.47,Croatia,Diesel,HRV
2024,806.67,Croatia,Diesel,HRV
2024,800.27,Croatia,Diesel,HRV
2024,791.47,Croatia,Diesel,HRV
2024,776.27,Croatia,Diesel,HRV
2024,775.47,Croatia,Diesel,HRV
2024,795.47,Croatia,Diesel,HRV
2024,802.67,Croatia,Diesel,HRV
2024,818.67,Croatia,Diesel,HRV
2024,818.67,Croatia,Diesel,HRV
2024,836.27,Croatia,Diesel,HRV
2024,833.87,Croatia,Diesel,HRV
2024,841.07,Croatia,Diesel,HRV
2024,844.27,Croatia,Diesel,HRV
2024,868.27,Croatia,Diesel,HRV
2024,874.67,Croatia,Diesel,HRV
2024,881.07,Croatia,Diesel,HRV
2024,877.87,Croatia,Diesel,HRV
2024,849.8,Croatia,Diesel,HRV
2024,842.6,Croatia,Diesel,HRV
2024,837.8,Croatia,Diesel,HRV
2024,845,Croatia,Diesel,HRV
2024,845,Croatia,Diesel,HRV
2024,845,Croatia,Diesel,HRV
2024,865.8,Croatia,Diesel,HRV
2024,867.4,Croatia,Diesel,HRV
2024,895.4,Croatia,Diesel,HRV
2024,901,Croatia,Diesel,HRV
2024,912.2,Croatia,Diesel,HRV
2024,915.4,Croatia,Diesel,HRV
2024,901,Croatia,Diesel,HRV
2024,907.4,Croatia,Diesel,HRV
2024,904.2,Croatia,Diesel,HRV
2024,904.2,Croatia,Diesel,HRV
2024,929,Croatia,Diesel,HRV
2024,934.6,Croatia,Diesel,HRV
2024,939.4,Croatia,Diesel,HRV
2024,930.6,Croatia,Diesel,HRV
2024,902.6,Croatia,Diesel,HRV
2024,861,Croatia,Diesel,HRV
2024,861,Croatia,Diesel,HRV
2024,853,Croatia,Diesel,HRV
2024,864.2,Croatia,Diesel,HRV
2024,885,Croatia,Diesel,HRV
2024,860.2,Croatia,Diesel,HRV
2023,860.2,Croatia,Diesel,HRV
2023,890.6,Croatia,Diesel,HRV
2023,897,Croatia,Diesel,HRV
2023,911.4,Croatia,Diesel,HRV
2023,913.8,Croatia,Diesel,HRV
2023,949.8,Croatia,Diesel,HRV
2023,988.2,Croatia,Diesel,HRV
2023,988.2,Croatia,Diesel,HRV
2023,997.8,Croatia,Diesel,HRV
2023,1007.4,Croatia,Diesel,HRV
2023,1009,Croatia,Diesel,HRV
2023,1040.2,Croatia,Diesel,HRV
2023,1036.2,Croatia,Diesel,HRV
2023,1001,Croatia,Diesel,HRV
2023,988.2,Croatia,Diesel,HRV
2023,960.2,Croatia,Diesel,HRV
2023,964.2,Croatia,Diesel,HRV
2023,953,Croatia,Diesel,HRV
2023,953.8,Croatia,Diesel,HRV
2023,893.8,Croatia,Diesel,HRV
2023,883.4,Croatia,Diesel,HRV
2023,838.6,Croatia,Diesel,HRV
2023,838.6,Croatia,Diesel,HRV
2023,821,Croatia,Diesel,HRV
2023,815.4,Croatia,Diesel,HRV
2023,816.6,Croatia,Diesel,HRV
2023,813.4,Croatia,Diesel,HRV
2023,796.6,Croatia,Diesel,HRV
2023,791,Croatia,Diesel,HRV
2023,758.2,Croatia,Diesel,HRV
2023,758.2,Croatia,Diesel,HRV
2023,750.2,Croatia,Diesel,HRV
2023,745.4,Croatia,Diesel,HRV
2023,827.8,Croatia,Diesel,HRV
2023,827.8,Croatia,Diesel,HRV
2023,842.2,Croatia,Diesel,HRV
2023,842.2,Croatia,Diesel,HRV
2023,850.2,Croatia,Diesel,HRV
2023,851.8,Croatia,Diesel,HRV
2023,899,Croatia,Diesel,HRV
2023,908.6,Croatia,Diesel,HRV
2023,899,Croatia,Diesel,HRV
2023,887,Croatia,Diesel,HRV
2023,891,Croatia,Diesel,HRV
2023,882.2,Croatia,Diesel,HRV
2023,967.8,Croatia,Diesel,HRV
2023,981.4,Croatia,Diesel,HRV
2023,947.8,Croatia,Diesel,HRV
2023,938.2,Croatia,Diesel,HRV
2023,945.4,Croatia,Diesel,HRV
2023,948.6,Croatia,Diesel,HRV
2023,936.6,Croatia,Diesel,HRV
2022,923.13,Croatia,Diesel,HRV
2022,984.26,Croatia,Diesel,HRV
2022,994.02,Croatia,Diesel,HRV
2022,1080.12,Croatia,Diesel,HRV
2022,1082.66,Croatia,Diesel,HRV
2022,1156.86,Croatia,Diesel,HRV
2022,1159.53,Croatia,Diesel,HRV
2022,1189.78,Croatia,Diesel,HRV
2022,1199.2,Croatia,Diesel,HRV
2022,1143.87,Croatia,Diesel,HRV
2022,1073.33,Croatia,Diesel,HRV
2022,1073.11,Croatia,Diesel,HRV
2022,1060.96,Croatia,Diesel,HRV
2022,1070.59,Croatia,Diesel,HRV
2022,1134.03,Croatia,Diesel,HRV
2022,1134.86,Croatia,Diesel,HRV
2022,1077.51,Croatia,Diesel,HRV
2022,1077.76,Croatia,Diesel,HRV
2022,1049.83,Croatia,Diesel,HRV
2022,1052.51,Croatia,Diesel,HRV
2022,1120.72,Croatia,Diesel,HRV
2022,1131.13,Croatia,Diesel,HRV
2022,1181.78,Croatia,Diesel,HRV
2022,1163.53,Croatia,Diesel,HRV
2022,1186.81,Croatia,Diesel,HRV
2022,1204.55,Croatia,Diesel,HRV
2022,1191.19,Croatia,Diesel,HRV
2022,1115.48,Croatia,Diesel,HRV
2022,1114.99,Croatia,Diesel,HRV
2022,1088.83,Croatia,Diesel,HRV
2022,1064.47,Croatia,Diesel,HRV
2022,1077.12,Croatia,Diesel,HRV
2022,1123.88,Croatia,Diesel,HRV
2022,1101.64,Croatia,Diesel,HRV
2022,1072.03,Croatia,Diesel,HRV
2022,1035.28,Croatia,Diesel,HRV
2022,1036.88,Croatia,Diesel,HRV
2022,1123.95,Croatia,Diesel,HRV
2022,935.89,Croatia,Diesel,HRV
2022,1126.48,Croatia,Diesel,HRV
2022,976.01,Croatia,Diesel,HRV
2022,849.1,Croatia,Diesel,HRV
2022,832.73,Croatia,Diesel,HRV
2022,828.87,Croatia,Diesel,HRV
2022,823.24,Croatia,Diesel,HRV
2022,815.32,Croatia,Diesel,HRV
2022,809.74,Croatia,Diesel,HRV
2022,809.56,Croatia,Diesel,HRV
2022,787.51,Croatia,Diesel,HRV
2022,765.91,Croatia,Diesel,HRV
2022,763.82,Croatia,Diesel,HRV
2021,775.2,Croatia,Diesel,HRV
2021,772.77,Croatia,Diesel,HRV
2021,778.48,Croatia,Diesel,HRV
2021,778.64,Croatia,Diesel,HRV
2021,779.3,Croatia,Diesel,HRV
2021,769.14,Croatia,Diesel,HRV
2021,763.42,Croatia,Diesel,HRV
2021,762.76,Croatia,Diesel,HRV
2021,762.56,Croatia,Diesel,HRV
2021,764.47,Croatia,Diesel,HRV
2021,782.49,Croatia,Diesel,HRV
2021,755.16,Croatia,Diesel,HRV
2021,735.09,Croatia,Diesel,HRV
2021,715.42,Croatia,Diesel,HRV
2021,718.96,Croatia,Diesel,HRV
2021,708.43,Croatia,Diesel,HRV
2021,690.52,Croatia,Diesel,HRV
2021,695.86,Croatia,Diesel,HRV
2021,696.18,Croatia,Diesel,HRV
2021,713.01,Croatia,Diesel,HRV
2021,692.72,Croatia,Diesel,HRV
2021,704.68,Croatia,Diesel,HRV
2021,704.35,Croatia,Diesel,HRV
2021,705.45,Croatia,Diesel,HRV
2021,700.7,Croatia,Diesel,HRV
2021,687.16,Croatia,Diesel,HRV
2021,683.46,Croatia,Diesel,HRV
2021,677.79,Croatia,Diesel,HRV
2021,661.93,Croatia,Diesel,HRV
2021,659.61,Croatia,Diesel,HRV
2021,663.94,Croatia,Diesel,HRV
2021,660.95,Croatia,Diesel,HRV
2021,640.93,Croatia,Diesel,HRV
2021,633.14,Croatia,Diesel,HRV
2021,631.31,Croatia,Diesel,HRV
2021,621.93,Croatia,Diesel,HRV
2021,624.48,Croatia,Diesel,HRV
2021,634.63,Croatia,Diesel,HRV
2021,648.22,Croatia,Diesel,HRV
2021,631.68,Croatia,Diesel,HRV
2021,623.38,Croatia,Diesel,HRV
2021,623.42,Croatia,Diesel,HRV
2021,610.19,Croatia,Diesel,HRV
2021,592.18,Croatia,Diesel,HRV
2021,574.2,Croatia,Diesel,HRV
2021,571.92,Croatia,Diesel,HRV
2021,573.58,Croatia,Diesel,HRV
2021,558.68,Croatia,Diesel,HRV
2021,548.28,Croatia,Diesel,HRV
2020,542.89,Croatia,Diesel,HRV
2020,533.94,Croatia,Diesel,HRV
2020,533.26,Croatia,Diesel,HRV
2020,514.07,Croatia,Diesel,HRV
2020,508.36,Croatia,Diesel,HRV
2020,487.7,Croatia,Diesel,HRV
2020,481.44,Croatia,Diesel,HRV
2020,493.77,Croatia,Diesel,HRV
2020,497.55,Croatia,Diesel,HRV
2020,496.2,Croatia,Diesel,HRV
2020,486.36,Croatia,Diesel,HRV
2020,482.35,Croatia,Diesel,HRV
2020,486.78,Croatia,Diesel,HRV
2020,481.08,Croatia,Diesel,HRV
2020,498.78,Croatia,Diesel,HRV
2020,514.01,Croatia,Diesel,HRV
2020,516.9,Croatia,Diesel,HRV
2020,517.72,Croatia,Diesel,HRV
2020,521.12,Croatia,Diesel,HRV
2020,525.47,Croatia,Diesel,HRV
2020,533.58,Croatia,Diesel,HRV
2020,526.43,Croatia,Diesel,HRV
2020,530.29,Croatia,Diesel,HRV
2020,521.79,Croatia,Diesel,HRV
2020,515.7,Croatia,Diesel,HRV
2020,504.58,Croatia,Diesel,HRV
2020,494.69,Croatia,Diesel,HRV
2020,484.32,Croatia,Diesel,HRV
2020,467.2,Croatia,Diesel,HRV
2020,469.07,Croatia,Diesel,HRV
2020,437.73,Croatia,Diesel,HRV
2020,426.57,Croatia,Diesel,HRV
2020,399.63,Croatia,Diesel,HRV
2020,398.73,Croatia,Diesel,HRV
2020,432.81,Croatia,Diesel,HRV
2020,458.26,Croatia,Diesel,HRV
2020,475.46,Croatia,Diesel,HRV
2020,489.87,Croatia,Diesel,HRV
2020,513.8,Croatia,Diesel,HRV
2020,548.92,Croatia,Diesel,HRV
2020,566.99,Croatia,Diesel,HRV
2020,610.52,Croatia,Diesel,HRV
2020,604.53,Croatia,Diesel,HRV
2020,597.01,Croatia,Diesel,HRV
2020,606.41,Croatia,Diesel,HRV
2020,634.39,Croatia,Diesel,HRV
2020,650.41,Croatia,Diesel,HRV
2020,676.73,Croatia,Diesel,HRV
2020,680.34,Croatia,Diesel,HRV
2020,683.95,Croatia,Diesel,HRV
2019,653.32,Croatia,Diesel,HRV
2019,659.03,Croatia,Diesel,HRV
2019,647.59,Croatia,Diesel,HRV
2019,652.24,Croatia,Diesel,HRV
2019,651.08,Croatia,Diesel,HRV
2019,647.71,Croatia,Diesel,HRV
2019,650.31,Croatia,Diesel,HRV
2019,647.68,Croatia,Diesel,HRV
2019,649.98,Croatia,Diesel,HRV
2019,645.15,Croatia,Diesel,HRV
2019,661.25,Croatia,Diesel,HRV
2019,675.86,Croatia,Diesel,HRV
2019,655.94,Croatia,Diesel,HRV
2019,646.21,Croatia,Diesel,HRV
2019,636.32,Croatia,Diesel,HRV
2019,638.87,Croatia,Diesel,HRV
2019,630.3,Croatia,Diesel,HRV
2019,625.96,Croatia,Diesel,HRV
2019,651.08,Croatia,Diesel,HRV
2019,648.19,Croatia,Diesel,HRV
2019,642.77,Croatia,Diesel,HRV
2019,647.04,Croatia,Diesel,HRV
2019,632.56,Croatia,Diesel,HRV
2019,638.98,Croatia,Diesel,HRV
2019,628.04,Croatia,Diesel,HRV
2019,618.89,Croatia,Diesel,HRV
2019,617.49,Croatia,Diesel,HRV
2019,649.38,Croatia,Diesel,HRV
2019,668.54,Croatia,Diesel,HRV
2019,680.26,Croatia,Diesel,HRV
2019,670.22,Croatia,Diesel,HRV
2019,676.34,Croatia,Diesel,HRV
2019,676.92,Croatia,Diesel,HRV
2019,667.95,Croatia,Diesel,HRV
2019,653.25,Croatia,Diesel,HRV
2019,644.9,Croatia,Diesel,HRV
2019,637.37,Croatia,Diesel,HRV
2019,649.75,Croatia,Diesel,HRV
2019,653.83,Croatia,Diesel,HRV
2019,654.96,Croatia,Diesel,HRV
2019,651.3,Croatia,Diesel,HRV
2019,639.44,Croatia,Diesel,HRV
2019,628.13,Croatia,Diesel,HRV
2019,622.07,Croatia,Diesel,HRV
2019,621.51,Croatia,Diesel,HRV
2019,615.67,Croatia,Diesel,HRV
2019,603.87,Croatia,Diesel,HRV
2019,576.5,Croatia,Diesel,HRV
2019,559.43,Croatia,Diesel,HRV
2018,607.88,Croatia,Diesel,HRV
2018,605.39,Croatia,Diesel,HRV
2018,633.08,Croatia,Diesel,HRV
2018,667.95,Croatia,Diesel,HRV
2018,679.19,Croatia,Diesel,HRV
2018,696.7,Croatia,Diesel,HRV
2018,698.65,Croatia,Diesel,HRV
2018,698.64,Croatia,Diesel,HRV
2018,717.5,Croatia,Diesel,HRV
2018,720.42,Croatia,Diesel,HRV
2018,689.47,Croatia,Diesel,HRV
2018,672.78,Croatia,Diesel,HRV
2018,677.68,Croatia,Diesel,HRV
2018,679.75,Croatia,Diesel,HRV
2018,677.39,Croatia,Diesel,HRV
2018,664.19,Croatia,Diesel,HRV
2018,658.18,Croatia,Diesel,HRV
2018,656.65,Croatia,Diesel,HRV
2018,650.38,Croatia,Diesel,HRV
2018,655.59,Croatia,Diesel,HRV
2018,642.01,Croatia,Diesel,HRV
2018,657.82,Croatia,Diesel,HRV
2018,660.49,Croatia,Diesel,HRV
2018,652.52,Croatia,Diesel,HRV
2018,650.87,Croatia,Diesel,HRV
2018,652.57,Croatia,Diesel,HRV
2018,657.06,Croatia,Diesel,HRV
2018,674.26,Croatia,Diesel,HRV
2018,681.83,Croatia,Diesel,HRV
2018,668.24,Croatia,Diesel,HRV
2018,654.18,Croatia,Diesel,HRV
2018,623.34,Croatia,Diesel,HRV
2018,617.75,Croatia,Diesel,HRV
2018,602.75,Croatia,Diesel,HRV
2018,600.06,Croatia,Diesel,HRV
2018,584.07,Croatia,Diesel,HRV
2018,586.01,Croatia,Diesel,HRV
2018,558.02,Croatia,Diesel,HRV
2018,557.78,Croatia,Diesel,HRV
2018,564.78,Croatia,Diesel,HRV
2018,563.75,Croatia,Diesel,HRV
2018,545.76,Croatia,Diesel,HRV
2018,562.59,Croatia,Diesel,HRV
2018,581.82,Croatia,Diesel,HRV
2018,592.39,Croatia,Diesel,HRV
2018,590.69,Croatia,Diesel,HRV
2018,595.31,Croatia,Diesel,HRV
2018,588.97,Croatia,Diesel,HRV
2018,586.4,Croatia,Diesel,HRV
2018,577.74,Croatia,Diesel,HRV
2017,559.57,Croatia,Diesel,HRV
2017,564.41,Croatia,Diesel,HRV
2017,565.14,Croatia,Diesel,HRV
2017,563.16,Croatia,Diesel,HRV
2017,570.11,Croatia,Diesel,HRV
2017,556.08,Croatia,Diesel,HRV
2017,541.08,Croatia,Diesel,HRV
2017,543.15,Croatia,Diesel,HRV
2017,535.71,Croatia,Diesel,HRV
2017,536.69,Croatia,Diesel,HRV
2017,547.44,Croatia,Diesel,HRV
2017,532.16,Croatia,Diesel,HRV
2017,525.91,Croatia,Diesel,HRV
2017,521.93,Croatia,Diesel,HRV
2017,511.67,Croatia,Diesel,HRV
2017,503.3,Croatia,Diesel,HRV
2017,500.42,Croatia,Diesel,HRV
2017,509.26,Croatia,Diesel,HRV
2017,515.41,Croatia,Diesel,HRV
2017,505.17,Croatia,Diesel,HRV
2017,498.39,Croatia,Diesel,HRV
2017,490.81,Croatia,Diesel,HRV
2017,495.37,Croatia,Diesel,HRV
2017,486.2,Croatia,Diesel,HRV
2017,477.53,Croatia,Diesel,HRV
2017,482.1,Croatia,Diesel,HRV
2017,483.36,Croatia,Diesel,HRV
2017,501.92,Croatia,Diesel,HRV
2017,524.05,Croatia,Diesel,HRV
2017,520.35,Croatia,Diesel,HRV
2017,505.38,Croatia,Diesel,HRV
2017,506.59,Croatia,Diesel,HRV
2017,524.78,Croatia,Diesel,HRV
2017,538.8,Croatia,Diesel,HRV
2017,555,Croatia,Diesel,HRV
2017,520.46,Croatia,Diesel,HRV
2017,512.16,Croatia,Diesel,HRV
2017,517.13,Croatia,Diesel,HRV
2017,538.95,Croatia,Diesel,HRV
2017,550.93,Croatia,Diesel,HRV
2017,558.13,Croatia,Diesel,HRV
2017,552.5,Croatia,Diesel,HRV
2017,550.45,Croatia,Diesel,HRV
2017,551.52,Croatia,Diesel,HRV
2017,547.19,Croatia,Diesel,HRV
2017,542.12,Croatia,Diesel,HRV
2017,548.59,Croatia,Diesel,HRV
2017,556.25,Croatia,Diesel,HRV
2017,552.6,Croatia,Diesel,HRV
2017,544.93,Croatia,Diesel,HRV
2025,865.6158130010239,Hungary,Diesel,HUN
2025,880.8717667853319,Hungary,Diesel,HUN
2025,877.0987728076071,Hungary,Diesel,HUN
2025,877.7818659007625,Hungary,Diesel,HUN
2025,861.0421124794947,Hungary,Diesel,HUN
2025,886.0957972503546,Hungary,Diesel,HUN
2025,895.0697325426602,Hungary,Diesel,HUN
2025,879.5314252562366,Hungary,Diesel,HUN
2025,864.1561686119418,Hungary,Diesel,HUN
2024,849.5560226471947,Hungary,Diesel,HUN
2024,854.7485270029093,Hungary,Diesel,HUN
2024,854.7485270029093,Hungary,Diesel,HUN
2024,856.0468571428572,Hungary,Diesel,HUN
2024,849.5176527292444,Hungary,Diesel,HUN
2024,855.8479672019133,Hungary,Diesel,HUN
2024,839.2385612919011,Hungary,Diesel,HUN
2024,840.5854307545834,Hungary,Diesel,HUN
2024,812.9529460804746,Hungary,Diesel,HUN
2024,811.1880048415384,Hungary,Diesel,HUN
2024,816.5909611553784,Hungary,Diesel,HUN
2024,834.0766754828086,Hungary,Diesel,HUN
2024,805.4193941504179,Hungary,Diesel,HUN
2024,799.463011489619,Hungary,Diesel,HUN
2024,805.2477703455965,Hungary,Diesel,HUN
2024,810.3057664474519,Hungary,Diesel,HUN
2024,820.1197625962874,Hungary,Diesel,HUN
2024,833.9117564641447,Hungary,Diesel,HUN
2024,832.3599929155175,Hungary,Diesel,HUN
2024,861.7402818764629,Hungary,Diesel,HUN
2024,856.516541640178,Hungary,Diesel,HUN
2024,854.522223616514,Hungary,Diesel,HUN
2024,862.5957961783438,Hungary,Diesel,HUN
2024,869.1890518034127,Hungary,Diesel,HUN
2024,879.9286042709717,Hungary,Diesel,HUN
2024,879.3036483405118,Hungary,Diesel,HUN
2024,878.4937729866836,Hungary,Diesel,HUN
2024,874.8332995232782,Hungary,Diesel,HUN
2024,837.2819684542587,Hungary,Diesel,HUN
2024,816.9520487124192,Hungary,Diesel,HUN
2024,835.5967552376086,Hungary,Diesel,HUN
2024,850.4933454639979,Hungary,Diesel,HUN
2024,846.5240503046805,Hungary,Diesel,HUN
2024,856.4086304909562,Hungary,Diesel,HUN
2024,866.3608300374956,Hungary,Diesel,HUN
2024,888.8487386375241,Hungary,Diesel,HUN
2024,926.5458999746129,Hungary,Diesel,HUN
2024,935.7901838934687,Hungary,Diesel,HUN
2024,945.8996351302739,Hungary,Diesel,HUN
2024,922.356027466938,Hungary,Diesel,HUN
2024,923.8547854785479,Hungary,Diesel,HUN
2024,910.22,Hungary,Diesel,HUN
2024,909.75,Hungary,Diesel,HUN
2024,918.78,Hungary,Diesel,HUN
2024,948.54,Hungary,Diesel,HUN
2024,958.37,Hungary,Diesel,HUN
2024,923.75,Hungary,Diesel,HUN
2024,928.6,Hungary,Diesel,HUN
2024,887.33,Hungary,Diesel,HUN
2024,879.68,Hungary,Diesel,HUN
2024,873.11,Hungary,Diesel,HUN
2024,840.85,Hungary,Diesel,HUN
2024,854.93,Hungary,Diesel,HUN
2023,899.74,Hungary,Diesel,HUN
2023,899.71,Hungary,Diesel,HUN
2023,929.66,Hungary,Diesel,HUN
2023,961.12,Hungary,Diesel,HUN
2023,950.57,Hungary,Diesel,HUN
2023,965.78,Hungary,Diesel,HUN
2023,1008.55,Hungary,Diesel,HUN
2023,1026.97,Hungary,Diesel,HUN
2023,1037.57,Hungary,Diesel,HUN
2023,1045.27,Hungary,Diesel,HUN
2023,1040.07,Hungary,Diesel,HUN
2023,1090.17,Hungary,Diesel,HUN
2023,1081.32,Hungary,Diesel,HUN
2023,1084.93,Hungary,Diesel,HUN
2023,1093.61,Hungary,Diesel,HUN
2023,1044,Hungary,Diesel,HUN
2023,1053.94,Hungary,Diesel,HUN
2023,1035.64,Hungary,Diesel,HUN
2023,1037.54,Hungary,Diesel,HUN
2023,1021.89,Hungary,Diesel,HUN
2023,974.95,Hungary,Diesel,HUN
2023,919.87,Hungary,Diesel,HUN
2023,905.45,Hungary,Diesel,HUN
2023,922.07,Hungary,Diesel,HUN
2023,865.44,Hungary,Diesel,HUN
2023,879.21,Hungary,Diesel,HUN
2023,905.14,Hungary,Diesel,HUN
2023,872.74,Hungary,Diesel,HUN
2023,877.1,Hungary,Diesel,HUN
2023,876.49,Hungary,Diesel,HUN
2023,875.67,Hungary,Diesel,HUN
2023,845.1,Hungary,Diesel,HUN
2023,852.94,Hungary,Diesel,HUN
2023,865.73,Hungary,Diesel,HUN
2023,889.62,Hungary,Diesel,HUN
2023,907.17,Hungary,Diesel,HUN
2023,934.59,Hungary,Diesel,HUN
2023,922.09,Hungary,Diesel,HUN
2023,947.61,Hungary,Diesel,HUN
2023,942.73,Hungary,Diesel,HUN
2023,921.18,Hungary,Diesel,HUN
2023,956.73,Hungary,Diesel,HUN
2023,984,Hungary,Diesel,HUN
2023,983.64,Hungary,Diesel,HUN
2023,1002.45,Hungary,Diesel,HUN
2023,1008.45,Hungary,Diesel,HUN
2023,1049.95,Hungary,Diesel,HUN
2023,1104.67,Hungary,Diesel,HUN
2023,1082.35,Hungary,Diesel,HUN
2023,1074.8,Hungary,Diesel,HUN
2023,1137.36,Hungary,Diesel,HUN
2023,1118.02,Hungary,Diesel,HUN
2022,1120.24,Hungary,Diesel,HUN
2022,1115.47,Hungary,Diesel,HUN
2022,1096.29,Hungary,Diesel,HUN
2022,902.87,Hungary,Diesel,HUN
2022,949.76,Hungary,Diesel,HUN
2022,972.13,Hungary,Diesel,HUN
2022,1010.79,Hungary,Diesel,HUN
2022,1052.65,Hungary,Diesel,HUN
2022,938.92,Hungary,Diesel,HUN
2022,1084.66,Hungary,Diesel,HUN
2022,1044.21,Hungary,Diesel,HUN
2022,966.88,Hungary,Diesel,HUN
2022,949.36,Hungary,Diesel,HUN
2022,979.63,Hungary,Diesel,HUN
2022,1003.98,Hungary,Diesel,HUN
2022,1030.95,Hungary,Diesel,HUN
2022,1058.13,Hungary,Diesel,HUN
2022,1034.48,Hungary,Diesel,HUN
2022,1002.33,Hungary,Diesel,HUN
2022,972.28,Hungary,Diesel,HUN
2022,1026.83,Hungary,Diesel,HUN
2022,1014.25,Hungary,Diesel,HUN
2022,938.44,Hungary,Diesel,HUN
2022,914.73,Hungary,Diesel,HUN
2022,902.11,Hungary,Diesel,HUN
2022,933.78,Hungary,Diesel,HUN
2022,940.59,Hungary,Diesel,HUN
2022,943,Hungary,Diesel,HUN
2022,939.69,Hungary,Diesel,HUN
2022,893.58,Hungary,Diesel,HUN
2022,888.59,Hungary,Diesel,HUN
2022,891.05,Hungary,Diesel,HUN
2022,879.07,Hungary,Diesel,HUN
2022,884.82,Hungary,Diesel,HUN
2022,883.63,Hungary,Diesel,HUN
2022,892.84,Hungary,Diesel,HUN
2022,869.77,Hungary,Diesel,HUN
2022,888.68,Hungary,Diesel,HUN
2022,862.93,Hungary,Diesel,HUN
2022,855.34,Hungary,Diesel,HUN
2022,816.79,Hungary,Diesel,HUN
2022,692.98,Hungary,Diesel,HUN
2022,719.64,Hungary,Diesel,HUN
2022,737.31,Hungary,Diesel,HUN
2022,738.2,Hungary,Diesel,HUN
2022,745.69,Hungary,Diesel,HUN
2022,737.84,Hungary,Diesel,HUN
2022,723.97,Hungary,Diesel,HUN
2022,734.67,Hungary,Diesel,HUN
2022,729.72,Hungary,Diesel,HUN
2022,702.34,Hungary,Diesel,HUN
2021,702.72,Hungary,Diesel,HUN
2021,701.19,Hungary,Diesel,HUN
2021,722.4,Hungary,Diesel,HUN
2021,714.81,Hungary,Diesel,HUN
2021,714.07,Hungary,Diesel,HUN
2021,720.14,Hungary,Diesel,HUN
2021,809.22,Hungary,Diesel,HUN
2021,812,Hungary,Diesel,HUN
2021,794.88,Hungary,Diesel,HUN
2021,788.8,Hungary,Diesel,HUN
2021,764,Hungary,Diesel,HUN
2021,743.47,Hungary,Diesel,HUN
2021,702.26,Hungary,Diesel,HUN
2021,685.35,Hungary,Diesel,HUN
2021,689.69,Hungary,Diesel,HUN
2021,688.08,Hungary,Diesel,HUN
2021,663.83,Hungary,Diesel,HUN
2021,668.1,Hungary,Diesel,HUN
2021,669.63,Hungary,Diesel,HUN
2021,676.13,Hungary,Diesel,HUN
2021,675.76,Hungary,Diesel,HUN
2021,651.62,Hungary,Diesel,HUN
2021,664.66,Hungary,Diesel,HUN
2021,666.64,Hungary,Diesel,HUN
2021,669.33,Hungary,Diesel,HUN
2021,667.86,Hungary,Diesel,HUN
2021,649.17,Hungary,Diesel,HUN
2021,644.98,Hungary,Diesel,HUN
2021,645.04,Hungary,Diesel,HUN
2021,636.63,Hungary,Diesel,HUN
2021,650.94,Hungary,Diesel,HUN
2021,639.2,Hungary,Diesel,HUN
2021,626.78,Hungary,Diesel,HUN
2021,608.6,Hungary,Diesel,HUN
2021,598.77,Hungary,Diesel,HUN
2021,596.59,Hungary,Diesel,HUN
2021,610.73,Hungary,Diesel,HUN
2021,606.9,Hungary,Diesel,HUN
2021,621.59,Hungary,Diesel,HUN
2021,606.46,Hungary,Diesel,HUN
2021,586.72,Hungary,Diesel,HUN
2021,589.74,Hungary,Diesel,HUN
2021,583.14,Hungary,Diesel,HUN
2021,572.18,Hungary,Diesel,HUN
2021,545.94,Hungary,Diesel,HUN
2021,547.18,Hungary,Diesel,HUN
2021,544.77,Hungary,Diesel,HUN
2021,535.72,Hungary,Diesel,HUN
2021,521.9,Hungary,Diesel,HUN
2020,500.56,Hungary,Diesel,HUN
2020,508.27,Hungary,Diesel,HUN
2020,498.98,Hungary,Diesel,HUN
2020,486.85,Hungary,Diesel,HUN
2020,470.86,Hungary,Diesel,HUN
2020,465.12,Hungary,Diesel,HUN
2020,457.16,Hungary,Diesel,HUN
2020,449.48,Hungary,Diesel,HUN
2020,453.78,Hungary,Diesel,HUN
2020,450.88,Hungary,Diesel,HUN
2020,461.32,Hungary,Diesel,HUN
2020,455.42,Hungary,Diesel,HUN
2020,443.97,Hungary,Diesel,HUN
2020,437.83,Hungary,Diesel,HUN
2020,457.56,Hungary,Diesel,HUN
2020,470.35,Hungary,Diesel,HUN
2020,487.6,Hungary,Diesel,HUN
2020,491.11,Hungary,Diesel,HUN
2020,495.51,Hungary,Diesel,HUN
2020,495.47,Hungary,Diesel,HUN
2020,505.54,Hungary,Diesel,HUN
2020,516.79,Hungary,Diesel,HUN
2020,506.79,Hungary,Diesel,HUN
2020,504.63,Hungary,Diesel,HUN
2020,496.89,Hungary,Diesel,HUN
2020,490.25,Hungary,Diesel,HUN
2020,480.36,Hungary,Diesel,HUN
2020,475.76,Hungary,Diesel,HUN
2020,469.45,Hungary,Diesel,HUN
2020,470.98,Hungary,Diesel,HUN
2020,447.25,Hungary,Diesel,HUN
2020,421.65,Hungary,Diesel,HUN
2020,409.07,Hungary,Diesel,HUN
2020,394.8,Hungary,Diesel,HUN
2020,404.97,Hungary,Diesel,HUN
2020,415.68,Hungary,Diesel,HUN
2020,412.7,Hungary,Diesel,HUN
2020,420.97,Hungary,Diesel,HUN
2020,430.98,Hungary,Diesel,HUN
2020,495.49,Hungary,Diesel,HUN
2020,544.57,Hungary,Diesel,HUN
2020,582.92,Hungary,Diesel,HUN
2020,584.5,Hungary,Diesel,HUN
2020,578.38,Hungary,Diesel,HUN
2020,578.59,Hungary,Diesel,HUN
2020,598.4,Hungary,Diesel,HUN
2020,618.43,Hungary,Diesel,HUN
2020,641.67,Hungary,Diesel,HUN
2020,652.74,Hungary,Diesel,HUN
2020,661.45,Hungary,Diesel,HUN
2019,628.25,Hungary,Diesel,HUN
2019,631.19,Hungary,Diesel,HUN
2019,628.78,Hungary,Diesel,HUN
2019,620.69,Hungary,Diesel,HUN
2019,614.02,Hungary,Diesel,HUN
2019,609.24,Hungary,Diesel,HUN
2019,630.91,Hungary,Diesel,HUN
2019,629.82,Hungary,Diesel,HUN
2019,630.36,Hungary,Diesel,HUN
2019,620.71,Hungary,Diesel,HUN
2019,631.31,Hungary,Diesel,HUN
2019,642.96,Hungary,Diesel,HUN
2019,633.67,Hungary,Diesel,HUN
2019,626.34,Hungary,Diesel,HUN
2019,612.77,Hungary,Diesel,HUN
2019,603.19,Hungary,Diesel,HUN
2019,597.23,Hungary,Diesel,HUN
2019,600.63,Hungary,Diesel,HUN
2019,614.93,Hungary,Diesel,HUN
2019,621.04,Hungary,Diesel,HUN
2019,608.73,Hungary,Diesel,HUN
2019,622.34,Hungary,Diesel,HUN
2019,604.59,Hungary,Diesel,HUN
2019,606.84,Hungary,Diesel,HUN
2019,609.11,Hungary,Diesel,HUN
2019,589.27,Hungary,Diesel,HUN
2019,597.67,Hungary,Diesel,HUN
2019,626.25,Hungary,Diesel,HUN
2019,647.99,Hungary,Diesel,HUN
2019,659.03,Hungary,Diesel,HUN
2019,645.41,Hungary,Diesel,HUN
2019,652.08,Hungary,Diesel,HUN
2019,661.82,Hungary,Diesel,HUN
2019,641.77,Hungary,Diesel,HUN
2019,628.68,Hungary,Diesel,HUN
2019,620.85,Hungary,Diesel,HUN
2019,603.46,Hungary,Diesel,HUN
2019,613.64,Hungary,Diesel,HUN
2019,624.23,Hungary,Diesel,HUN
2019,628.46,Hungary,Diesel,HUN
2019,628.4,Hungary,Diesel,HUN
2019,615.67,Hungary,Diesel,HUN
2019,604.34,Hungary,Diesel,HUN
2019,593.11,Hungary,Diesel,HUN
2019,592.28,Hungary,Diesel,HUN
2019,600.14,Hungary,Diesel,HUN
2019,594.62,Hungary,Diesel,HUN
2019,560.5,Hungary,Diesel,HUN
2019,570.66,Hungary,Diesel,HUN
2018,603.87,Hungary,Diesel,HUN
2018,609.21,Hungary,Diesel,HUN
2018,624.49,Hungary,Diesel,HUN
2018,663.86,Hungary,Diesel,HUN
2018,679.64,Hungary,Diesel,HUN
2018,684.97,Hungary,Diesel,HUN
2018,697.9,Hungary,Diesel,HUN
2018,688.03,Hungary,Diesel,HUN
2018,699.59,Hungary,Diesel,HUN
2018,707.27,Hungary,Diesel,HUN
2018,684.58,Hungary,Diesel,HUN
2018,660.39,Hungary,Diesel,HUN
2018,658.28,Hungary,Diesel,HUN
2018,662.64,Hungary,Diesel,HUN
2018,661.86,Hungary,Diesel,HUN
2018,642.65,Hungary,Diesel,HUN
2018,635.9,Hungary,Diesel,HUN
2018,640.24,Hungary,Diesel,HUN
2018,630.04,Hungary,Diesel,HUN
2018,645.66,Hungary,Diesel,HUN
2018,636.01,Hungary,Diesel,HUN
2018,620.87,Hungary,Diesel,HUN
2018,650.04,Hungary,Diesel,HUN
2018,651.7,Hungary,Diesel,HUN
2018,617.73,Hungary,Diesel,HUN
2018,625.48,Hungary,Diesel,HUN
2018,631.03,Hungary,Diesel,HUN
2018,640.09,Hungary,Diesel,HUN
2018,656.7,Hungary,Diesel,HUN
2018,650.41,Hungary,Diesel,HUN
2018,637.13,Hungary,Diesel,HUN
2018,611.2,Hungary,Diesel,HUN
2018,607.57,Hungary,Diesel,HUN
2018,601.88,Hungary,Diesel,HUN
2018,588.23,Hungary,Diesel,HUN
2018,575.16,Hungary,Diesel,HUN
2018,572.11,Hungary,Diesel,HUN
2018,550.83,Hungary,Diesel,HUN
2018,554.55,Hungary,Diesel,HUN
2018,553.19,Hungary,Diesel,HUN
2018,561.7,Hungary,Diesel,HUN
2018,543.64,Hungary,Diesel,HUN
2018,546.26,Hungary,Diesel,HUN
2018,571.1,Hungary,Diesel,HUN
2018,580.98,Hungary,Diesel,HUN
2018,581.44,Hungary,Diesel,HUN
2018,591.43,Hungary,Diesel,HUN
2018,587.7,Hungary,Diesel,HUN
2018,588.9,Hungary,Diesel,HUN
2018,583.1,Hungary,Diesel,HUN
2017,570.41,Hungary,Diesel,HUN
2017,565.66,Hungary,Diesel,HUN
2017,572.28,Hungary,Diesel,HUN
2017,575.77,Hungary,Diesel,HUN
2017,583.46,Hungary,Diesel,HUN
2017,572.59,Hungary,Diesel,HUN
2017,567.5,Hungary,Diesel,HUN
2017,547.59,Hungary,Diesel,HUN
2017,556.61,Hungary,Diesel,HUN
2017,553.05,Hungary,Diesel,HUN
2017,557.61,Hungary,Diesel,HUN
2017,548.72,Hungary,Diesel,HUN
2017,536.66,Hungary,Diesel,HUN
2017,532.41,Hungary,Diesel,HUN
2017,534,Hungary,Diesel,HUN
2017,511.83,Hungary,Diesel,HUN
2017,515.47,Hungary,Diesel,HUN
2017,524.33,Hungary,Diesel,HUN
2017,522.03,Hungary,Diesel,HUN
2017,523.67,Hungary,Diesel,HUN
2017,508.22,Hungary,Diesel,HUN
2017,508.36,Hungary,Diesel,HUN
2017,506.45,Hungary,Diesel,HUN
2017,503.39,Hungary,Diesel,HUN
2017,489.4,Hungary,Diesel,HUN
2017,488.11,Hungary,Diesel,HUN
2017,496.45,Hungary,Diesel,HUN
2017,506.83,Hungary,Diesel,HUN
2017,521.32,Hungary,Diesel,HUN
2017,529.03,Hungary,Diesel,HUN
2017,524.7,Hungary,Diesel,HUN
2017,516.67,Hungary,Diesel,HUN
2017,527.27,Hungary,Diesel,HUN
2017,535.56,Hungary,Diesel,HUN
2017,563.96,Hungary,Diesel,HUN
2017,541.4,Hungary,Diesel,HUN
2017,529.13,Hungary,Diesel,HUN
2017,530.9,Hungary,Diesel,HUN
2017,537.05,Hungary,Diesel,HUN
2017,557.08,Hungary,Diesel,HUN
2017,562.95,Hungary,Diesel,HUN
2017,562.25,Hungary,Diesel,HUN
2017,565.04,Hungary,Diesel,HUN
2017,565.67,Hungary,Diesel,HUN
2017,558.63,Hungary,Diesel,HUN
2017,554.93,Hungary,Diesel,HUN
2017,557.49,Hungary,Diesel,HUN
2017,566.96,Hungary,Diesel,HUN
2017,577.85,Hungary,Diesel,HUN
2017,569.25,Hungary,Diesel,HUN
2025,832.69,Ireland,Diesel,IRL
2025,835.86,Ireland,Diesel,IRL
2025,840.91,Ireland,Diesel,IRL
2025,843.26,Ireland,Diesel,IRL
2025,839.44,Ireland,Diesel,IRL
2025,822.29,Ireland,Diesel,IRL
2025,807.82,Ireland,Diesel,IRL
2025,792.12,Ireland,Diesel,IRL
2025,777.65,Ireland,Diesel,IRL
2024,777.82,Ireland,Diesel,IRL
2024,778.39,Ireland,Diesel,IRL
2024,778.22,Ireland,Diesel,IRL
2024,774.48,Ireland,Diesel,IRL
2024,760.09,Ireland,Diesel,IRL
2024,748.22,Ireland,Diesel,IRL
2024,741.72,Ireland,Diesel,IRL
2024,737.49,Ireland,Diesel,IRL
2024,737.17,Ireland,Diesel,IRL
2024,732.53,Ireland,Diesel,IRL
2024,735.28,Ireland,Diesel,IRL
2024,698.63,Ireland,Diesel,IRL
2024,716.99,Ireland,Diesel,IRL
2024,726.91,Ireland,Diesel,IRL
2024,737.07,Ireland,Diesel,IRL
2024,750,Ireland,Diesel,IRL
2024,759.84,Ireland,Diesel,IRL
2024,767.72,Ireland,Diesel,IRL
2024,774.96,Ireland,Diesel,IRL
2024,781.87,Ireland,Diesel,IRL
2024,792.28,Ireland,Diesel,IRL
2024,808.45,Ireland,Diesel,IRL
2024,815.2,Ireland,Diesel,IRL
2024,819.76,Ireland,Diesel,IRL
2024,814.96,Ireland,Diesel,IRL
2024,805.77,Ireland,Diesel,IRL
2024,800.57,Ireland,Diesel,IRL
2024,803.33,Ireland,Diesel,IRL
2024,807.56,Ireland,Diesel,IRL
2024,815.61,Ireland,Diesel,IRL
2024,826.67,Ireland,Diesel,IRL
2024,837.72,Ireland,Diesel,IRL
2024,851.63,Ireland,Diesel,IRL
2024,872.03,Ireland,Diesel,IRL
2024,878.86,Ireland,Diesel,IRL
2024,880.73,Ireland,Diesel,IRL
2024,874.06,Ireland,Diesel,IRL
2024,862.68,Ireland,Diesel,IRL
2024,847.64,Ireland,Diesel,IRL
2024,862.93,Ireland,Diesel,IRL
2024,861.46,Ireland,Diesel,IRL
2024,863.74,Ireland,Diesel,IRL
2024,862.36,Ireland,Diesel,IRL
2024,859.92,Ireland,Diesel,IRL
2024,853.66,Ireland,Diesel,IRL
2024,838.21,Ireland,Diesel,IRL
2024,838.29,Ireland,Diesel,IRL
2024,825.2,Ireland,Diesel,IRL
2024,821.46,Ireland,Diesel,IRL
2024,819.51,Ireland,Diesel,IRL
2024,820.57,Ireland,Diesel,IRL
2024,819.1,Ireland,Diesel,IRL
2024,821.14,Ireland,Diesel,IRL
2023,833.17,Ireland,Diesel,IRL
2023,849.59,Ireland,Diesel,IRL
2023,863.09,Ireland,Diesel,IRL
2023,884.71,Ireland,Diesel,IRL
2023,907.24,Ireland,Diesel,IRL
2023,929.02,Ireland,Diesel,IRL
2023,936.83,Ireland,Diesel,IRL
2023,944.23,Ireland,Diesel,IRL
2023,950,Ireland,Diesel,IRL
2023,956.91,Ireland,Diesel,IRL
2023,961.06,Ireland,Diesel,IRL
2023,984.39,Ireland,Diesel,IRL
2023,977.23,Ireland,Diesel,IRL
2023,957.4,Ireland,Diesel,IRL
2023,928.45,Ireland,Diesel,IRL
2023,905.28,Ireland,Diesel,IRL
2023,873.01,Ireland,Diesel,IRL
2023,891.79,Ireland,Diesel,IRL
2023,867.56,Ireland,Diesel,IRL
2023,826.18,Ireland,Diesel,IRL
2023,783.17,Ireland,Diesel,IRL
2023,764.55,Ireland,Diesel,IRL
2023,755.53,Ireland,Diesel,IRL
2023,754.31,Ireland,Diesel,IRL
2023,753.74,Ireland,Diesel,IRL
2023,752.84,Ireland,Diesel,IRL
2023,741.79,Ireland,Diesel,IRL
2023,724.06,Ireland,Diesel,IRL
2023,707.8,Ireland,Diesel,IRL
2023,693.17,Ireland,Diesel,IRL
2023,736.66,Ireland,Diesel,IRL
2023,743.33,Ireland,Diesel,IRL
2023,767.96,Ireland,Diesel,IRL
2023,797.64,Ireland,Diesel,IRL
2023,819.18,Ireland,Diesel,IRL
2023,830.97,Ireland,Diesel,IRL
2023,838.29,Ireland,Diesel,IRL
2023,846.91,Ireland,Diesel,IRL
2023,870.24,Ireland,Diesel,IRL
2023,892.76,Ireland,Diesel,IRL
2023,895.04,Ireland,Diesel,IRL
2023,892.92,Ireland,Diesel,IRL
2023,899.1,Ireland,Diesel,IRL
2023,935.99,Ireland,Diesel,IRL
2023,960.14,Ireland,Diesel,IRL
2023,979.32,Ireland,Diesel,IRL
2023,976.31,Ireland,Diesel,IRL
2023,957.7,Ireland,Diesel,IRL
2023,949.4,Ireland,Diesel,IRL
2023,943.22,Ireland,Diesel,IRL
2023,931.44,Ireland,Diesel,IRL
2023,936.96,Ireland,Diesel,IRL
2022,950.14,Ireland,Diesel,IRL
2022,1001.76,Ireland,Diesel,IRL
2022,1051.44,Ireland,Diesel,IRL
2022,1108.18,Ireland,Diesel,IRL
2022,1159.65,Ireland,Diesel,IRL
2022,1205.09,Ireland,Diesel,IRL
2022,1220.05,Ireland,Diesel,IRL
2022,1221.44,Ireland,Diesel,IRL
2022,1219.24,Ireland,Diesel,IRL
2022,1214.44,Ireland,Diesel,IRL
2022,1182.49,Ireland,Diesel,IRL
2022,1094.13,Ireland,Diesel,IRL
2022,1077.87,Ireland,Diesel,IRL
2022,1102.26,Ireland,Diesel,IRL
2022,1134.78,Ireland,Diesel,IRL
2022,1159.17,Ireland,Diesel,IRL
2022,1167.3,Ireland,Diesel,IRL
2022,1118.52,Ireland,Diesel,IRL
2022,1094.13,Ireland,Diesel,IRL
2022,1110.39,Ireland,Diesel,IRL
2022,1159.17,Ireland,Diesel,IRL
2022,1189.09,Ireland,Diesel,IRL
2022,1207.95,Ireland,Diesel,IRL
2022,1250.55,Ireland,Diesel,IRL
2022,1297.38,Ireland,Diesel,IRL
2022,1313.64,Ireland,Diesel,IRL
2022,1321.77,Ireland,Diesel,IRL
2022,1289.25,Ireland,Diesel,IRL
2022,1248.6,Ireland,Diesel,IRL
2022,1175.43,Ireland,Diesel,IRL
2022,1142.91,Ireland,Diesel,IRL
2022,1147.55,Ireland,Diesel,IRL
2022,1159.17,Ireland,Diesel,IRL
2022,1142.91,Ireland,Diesel,IRL
2022,1118.52,Ireland,Diesel,IRL
2022,1118.52,Ireland,Diesel,IRL
2022,1124.21,Ireland,Diesel,IRL
2022,1142.91,Ireland,Diesel,IRL
2022,1118.52,Ireland,Diesel,IRL
2022,1102.26,Ireland,Diesel,IRL
2022,1142.91,Ireland,Diesel,IRL
2022,955.92,Ireland,Diesel,IRL
2022,842.1,Ireland,Diesel,IRL
2022,801.86,Ireland,Diesel,IRL
2022,817.71,Ireland,Diesel,IRL
2022,786.65,Ireland,Diesel,IRL
2022,785.19,Ireland,Diesel,IRL
2022,768.93,Ireland,Diesel,IRL
2022,728.28,Ireland,Diesel,IRL
2022,728.52,Ireland,Diesel,IRL
2022,725.27,Ireland,Diesel,IRL
2021,743.48,Ireland,Diesel,IRL
2021,748.44,Ireland,Diesel,IRL
2021,761.04,Ireland,Diesel,IRL
2021,779.5,Ireland,Diesel,IRL
2021,762.59,Ireland,Diesel,IRL
2021,761.94,Ireland,Diesel,IRL
2021,757.14,Ireland,Diesel,IRL
2021,740.88,Ireland,Diesel,IRL
2021,712.75,Ireland,Diesel,IRL
2021,712.75,Ireland,Diesel,IRL
2021,685.51,Ireland,Diesel,IRL
2021,660.39,Ireland,Diesel,IRL
2021,620.96,Ireland,Diesel,IRL
2021,630.07,Ireland,Diesel,IRL
2021,631.53,Ireland,Diesel,IRL
2021,628.44,Ireland,Diesel,IRL
2021,628.2,Ireland,Diesel,IRL
2021,627.55,Ireland,Diesel,IRL
2021,626.08,Ireland,Diesel,IRL
2021,622.51,Ireland,Diesel,IRL
2021,620.96,Ireland,Diesel,IRL
2021,624.86,Ireland,Diesel,IRL
2021,621.12,Ireland,Diesel,IRL
2021,618.85,Ireland,Diesel,IRL
2021,610.96,Ireland,Diesel,IRL
2021,598.52,Ireland,Diesel,IRL
2021,592.51,Ireland,Diesel,IRL
2021,589.34,Ireland,Diesel,IRL
2021,582.91,Ireland,Diesel,IRL
2021,582.1,Ireland,Diesel,IRL
2021,582.75,Ireland,Diesel,IRL
2021,576.82,Ireland,Diesel,IRL
2021,570.88,Ireland,Diesel,IRL
2021,567.38,Ireland,Diesel,IRL
2021,570.23,Ireland,Diesel,IRL
2021,570.23,Ireland,Diesel,IRL
2021,574.05,Ireland,Diesel,IRL
2021,568.12,Ireland,Diesel,IRL
2021,565.43,Ireland,Diesel,IRL
2021,555.03,Ireland,Diesel,IRL
2021,528.93,Ireland,Diesel,IRL
2021,512.26,Ireland,Diesel,IRL
2021,514.45,Ireland,Diesel,IRL
2021,499.5,Ireland,Diesel,IRL
2021,488.42,Ireland,Diesel,IRL
2021,480.41,Ireland,Diesel,IRL
2021,475.03,Ireland,Diesel,IRL
2021,471.23,Ireland,Diesel,IRL
2021,463.05,Ireland,Diesel,IRL
2020,440.41,Ireland,Diesel,IRL
2020,438.34,Ireland,Diesel,IRL
2020,432.39,Ireland,Diesel,IRL
2020,418.17,Ireland,Diesel,IRL
2020,416.02,Ireland,Diesel,IRL
2020,416.93,Ireland,Diesel,IRL
2020,417.76,Ireland,Diesel,IRL
2020,414.06,Ireland,Diesel,IRL
2020,407.93,Ireland,Diesel,IRL
2020,410.65,Ireland,Diesel,IRL
2020,420.39,Ireland,Diesel,IRL
2020,422.37,Ireland,Diesel,IRL
2020,430.72,Ireland,Diesel,IRL
2020,433.78,Ireland,Diesel,IRL
2020,439.48,Ireland,Diesel,IRL
2020,438.82,Ireland,Diesel,IRL
2020,430.38,Ireland,Diesel,IRL
2020,437.78,Ireland,Diesel,IRL
2020,432.34,Ireland,Diesel,IRL
2020,433.39,Ireland,Diesel,IRL
2020,433.56,Ireland,Diesel,IRL
2020,429.9,Ireland,Diesel,IRL
2020,431.2,Ireland,Diesel,IRL
2020,425.1,Ireland,Diesel,IRL
2020,420.55,Ireland,Diesel,IRL
2020,421.6,Ireland,Diesel,IRL
2020,418.92,Ireland,Diesel,IRL
2020,414.04,Ireland,Diesel,IRL
2020,410.3,Ireland,Diesel,IRL
2020,406.81,Ireland,Diesel,IRL
2020,406.89,Ireland,Diesel,IRL
2020,409.98,Ireland,Diesel,IRL
2020,411.44,Ireland,Diesel,IRL
2020,415.51,Ireland,Diesel,IRL
2020,424.12,Ireland,Diesel,IRL
2020,426.4,Ireland,Diesel,IRL
2020,438.03,Ireland,Diesel,IRL
2020,455.51,Ireland,Diesel,IRL
2020,473.88,Ireland,Diesel,IRL
2020,565.91,Ireland,Diesel,IRL
2020,565.91,Ireland,Diesel,IRL
2020,573.15,Ireland,Diesel,IRL
2020,575.34,Ireland,Diesel,IRL
2020,582.5,Ireland,Diesel,IRL
2020,588.11,Ireland,Diesel,IRL
2020,595.83,Ireland,Diesel,IRL
2020,596.4,Ireland,Diesel,IRL
2020,594.86,Ireland,Diesel,IRL
2020,594.77,Ireland,Diesel,IRL
2020,585.75,Ireland,Diesel,IRL
2019,568.03,Ireland,Diesel,IRL
2019,564.29,Ireland,Diesel,IRL
2019,557.86,Ireland,Diesel,IRL
2019,555.51,Ireland,Diesel,IRL
2019,554.29,Ireland,Diesel,IRL
2019,553.31,Ireland,Diesel,IRL
2019,557.46,Ireland,Diesel,IRL
2019,559.41,Ireland,Diesel,IRL
2019,561.52,Ireland,Diesel,IRL
2019,565.18,Ireland,Diesel,IRL
2019,570.98,Ireland,Diesel,IRL
2019,568.13,Ireland,Diesel,IRL
2019,568.3,Ireland,Diesel,IRL
2019,564.48,Ireland,Diesel,IRL
2019,572.77,Ireland,Diesel,IRL
2019,567.4,Ireland,Diesel,IRL
2019,571.63,Ireland,Diesel,IRL
2019,576.02,Ireland,Diesel,IRL
2019,578.78,Ireland,Diesel,IRL
2019,561.71,Ireland,Diesel,IRL
2019,558.62,Ireland,Diesel,IRL
2019,555.37,Ireland,Diesel,IRL
2019,563.42,Ireland,Diesel,IRL
2019,565.53,Ireland,Diesel,IRL
2019,583.01,Ireland,Diesel,IRL
2019,587.08,Ireland,Diesel,IRL
2019,593.83,Ireland,Diesel,IRL
2019,596.83,Ireland,Diesel,IRL
2019,600.25,Ireland,Diesel,IRL
2019,600.25,Ireland,Diesel,IRL
2019,597.73,Ireland,Diesel,IRL
2019,598.54,Ireland,Diesel,IRL
2019,597.97,Ireland,Diesel,IRL
2019,596.18,Ireland,Diesel,IRL
2019,597.73,Ireland,Diesel,IRL
2019,589.6,Ireland,Diesel,IRL
2019,581.47,Ireland,Diesel,IRL
2019,581.47,Ireland,Diesel,IRL
2019,581.47,Ireland,Diesel,IRL
2019,581.47,Ireland,Diesel,IRL
2019,581.47,Ireland,Diesel,IRL
2019,557.08,Ireland,Diesel,IRL
2019,557.08,Ireland,Diesel,IRL
2019,557.08,Ireland,Diesel,IRL
2019,557.08,Ireland,Diesel,IRL
2019,557.08,Ireland,Diesel,IRL
2019,524.56,Ireland,Diesel,IRL
2019,557.08,Ireland,Diesel,IRL
2019,557.08,Ireland,Diesel,IRL
2018,572.52,Ireland,Diesel,IRL
2018,605.86,Ireland,Diesel,IRL
2018,638.38,Ireland,Diesel,IRL
2018,630.25,Ireland,Diesel,IRL
2018,638.38,Ireland,Diesel,IRL
2018,638.38,Ireland,Diesel,IRL
2018,662.77,Ireland,Diesel,IRL
2018,646.51,Ireland,Diesel,IRL
2018,654.64,Ireland,Diesel,IRL
2018,654.64,Ireland,Diesel,IRL
2018,638.38,Ireland,Diesel,IRL
2018,638.38,Ireland,Diesel,IRL
2018,605.86,Ireland,Diesel,IRL
2018,638.38,Ireland,Diesel,IRL
2018,605.86,Ireland,Diesel,IRL
2018,605.86,Ireland,Diesel,IRL
2018,589.6,Ireland,Diesel,IRL
2018,589.6,Ireland,Diesel,IRL
2018,597.73,Ireland,Diesel,IRL
2018,630.25,Ireland,Diesel,IRL
2018,638.38,Ireland,Diesel,IRL
2018,589.6,Ireland,Diesel,IRL
2018,613.99,Ireland,Diesel,IRL
2018,605.86,Ireland,Diesel,IRL
2018,581.47,Ireland,Diesel,IRL
2018,638.38,Ireland,Diesel,IRL
2018,589.6,Ireland,Diesel,IRL
2018,630.25,Ireland,Diesel,IRL
2018,597.73,Ireland,Diesel,IRL
2018,613.99,Ireland,Diesel,IRL
2018,581.49,Ireland,Diesel,IRL
2018,573.36,Ireland,Diesel,IRL
2018,557.1,Ireland,Diesel,IRL
2018,557.1,Ireland,Diesel,IRL
2018,557.1,Ireland,Diesel,IRL
2018,540.84,Ireland,Diesel,IRL
2018,540.84,Ireland,Diesel,IRL
2018,540.84,Ireland,Diesel,IRL
2018,524.58,Ireland,Diesel,IRL
2018,540.84,Ireland,Diesel,IRL
2018,548.97,Ireland,Diesel,IRL
2018,540.84,Ireland,Diesel,IRL
2018,548.97,Ireland,Diesel,IRL
2018,548.97,Ireland,Diesel,IRL
2018,548.97,Ireland,Diesel,IRL
2018,557.1,Ireland,Diesel,IRL
2018,557.1,Ireland,Diesel,IRL
2018,557.1,Ireland,Diesel,IRL
2018,524.58,Ireland,Diesel,IRL
2018,540.84,Ireland,Diesel,IRL
2017,557.1,Ireland,Diesel,IRL
2017,557.1,Ireland,Diesel,IRL
2017,557.1,Ireland,Diesel,IRL
2017,557.1,Ireland,Diesel,IRL
2017,557.1,Ireland,Diesel,IRL
2017,524.58,Ireland,Diesel,IRL
2017,508.32,Ireland,Diesel,IRL
2017,500.19,Ireland,Diesel,IRL
2017,492.06,Ireland,Diesel,IRL
2017,516.45,Ireland,Diesel,IRL
2017,500.19,Ireland,Diesel,IRL
2017,508.32,Ireland,Diesel,IRL
2017,500.19,Ireland,Diesel,IRL
2017,483.93,Ireland,Diesel,IRL
2017,492.06,Ireland,Diesel,IRL
2017,475.8,Ireland,Diesel,IRL
2017,475.8,Ireland,Diesel,IRL
2017,475.8,Ireland,Diesel,IRL
2017,475.8,Ireland,Diesel,IRL
2017,475.8,Ireland,Diesel,IRL
2017,459.54,Ireland,Diesel,IRL
2017,475.8,Ireland,Diesel,IRL
2017,483.93,Ireland,Diesel,IRL
2017,475.8,Ireland,Diesel,IRL
2017,459.54,Ireland,Diesel,IRL
2017,492.06,Ireland,Diesel,IRL
2017,508.32,Ireland,Diesel,IRL
2017,475.8,Ireland,Diesel,IRL
2017,524.58,Ireland,Diesel,IRL
2017,500.19,Ireland,Diesel,IRL
2017,532.71,Ireland,Diesel,IRL
2017,500.19,Ireland,Diesel,IRL
2017,540.84,Ireland,Diesel,IRL
2017,516.45,Ireland,Diesel,IRL
2017,532.71,Ireland,Diesel,IRL
2017,540.84,Ireland,Diesel,IRL
2017,508.32,Ireland,Diesel,IRL
2017,508.32,Ireland,Diesel,IRL
2017,532.71,Ireland,Diesel,IRL
2017,532.71,Ireland,Diesel,IRL
2017,532.71,Ireland,Diesel,IRL
2017,548.97,Ireland,Diesel,IRL
2017,532.71,Ireland,Diesel,IRL
2017,524.58,Ireland,Diesel,IRL
2017,524.58,Ireland,Diesel,IRL
2017,532.71,Ireland,Diesel,IRL
2017,524.58,Ireland,Diesel,IRL
2017,540.84,Ireland,Diesel,IRL
2017,524.58,Ireland,Diesel,IRL
2017,516.45,Ireland,Diesel,IRL
2025,791.68,Italy,Diesel,ITA
2025,798.13,Italy,Diesel,ITA
2025,798.45,Italy,Diesel,ITA
2025,800.93,Italy,Diesel,ITA
2025,800.93,Italy,Diesel,ITA
2025,808.4,Italy,Diesel,ITA
2025,798.09,Italy,Diesel,ITA
2025,769.84,Italy,Diesel,ITA
2025,752.98,Italy,Diesel,ITA
2024,740,Italy,Diesel,ITA
2024,737.75,Italy,Diesel,ITA
2024,733.26,Italy,Diesel,ITA
2024,739.5,Italy,Diesel,ITA
2024,744.52,Italy,Diesel,ITA
2024,734.14,Italy,Diesel,ITA
2024,722.29,Italy,Diesel,ITA
2024,723.03,Italy,Diesel,ITA
2024,720.25,Italy,Diesel,ITA
2024,723.13,Italy,Diesel,ITA
2024,731.21,Italy,Diesel,ITA
2024,726.84,Italy,Diesel,ITA
2024,704.21,Italy,Diesel,ITA
2024,706.79,Italy,Diesel,ITA
2024,712.25,Italy,Diesel,ITA
2024,723.32,Italy,Diesel,ITA
2024,739.53,Italy,Diesel,ITA
2024,749.87,Italy,Diesel,ITA
2024,763.12,Italy,Diesel,ITA
2024,774.74,Italy,Diesel,ITA
2024,780.3,Italy,Diesel,ITA
2024,790.18,Italy,Diesel,ITA
2024,801.16,Italy,Diesel,ITA
2024,810.82,Italy,Diesel,ITA
2024,817.85,Italy,Diesel,ITA
2024,818.44,Italy,Diesel,ITA
2024,806.8,Italy,Diesel,ITA
2024,789,Italy,Diesel,ITA
2024,771.39,Italy,Diesel,ITA
2024,771.94,Italy,Diesel,ITA
2024,785.02,Italy,Diesel,ITA
2024,794.41,Italy,Diesel,ITA
2024,803.3,Italy,Diesel,ITA
2024,819.73,Italy,Diesel,ITA
2024,837.69,Italy,Diesel,ITA
2024,849.71,Italy,Diesel,ITA
2024,860.06,Italy,Diesel,ITA
2024,863.64,Italy,Diesel,ITA
2024,857,Italy,Diesel,ITA
2024,852.31,Italy,Diesel,ITA
2024,858.6,Italy,Diesel,ITA
2024,849.79,Italy,Diesel,ITA
2024,858.59,Italy,Diesel,ITA
2024,868.44,Italy,Diesel,ITA
2024,879.62,Italy,Diesel,ITA
2024,884.7,Italy,Diesel,ITA
2024,859.23,Italy,Diesel,ITA
2024,846.21,Italy,Diesel,ITA
2024,830.87,Italy,Diesel,ITA
2024,804.03,Italy,Diesel,ITA
2024,796.14,Italy,Diesel,ITA
2024,801.08,Italy,Diesel,ITA
2024,801.17,Italy,Diesel,ITA
2023,802.34,Italy,Diesel,ITA
2023,802.34,Italy,Diesel,ITA
2023,820.06,Italy,Diesel,ITA
2023,836.21,Italy,Diesel,ITA
2023,846.05,Italy,Diesel,ITA
2023,855.17,Italy,Diesel,ITA
2023,877.91,Italy,Diesel,ITA
2023,897.12,Italy,Diesel,ITA
2023,911.57,Italy,Diesel,ITA
2023,926.62,Italy,Diesel,ITA
2023,937.76,Italy,Diesel,ITA
2023,957.71,Italy,Diesel,ITA
2023,966.3,Italy,Diesel,ITA
2023,971.32,Italy,Diesel,ITA
2023,959.67,Italy,Diesel,ITA
2023,920.88,Italy,Diesel,ITA
2023,903.59,Italy,Diesel,ITA
2023,896.82,Italy,Diesel,ITA
2023,895.17,Italy,Diesel,ITA
2023,880.72,Italy,Diesel,ITA
2023,855.07,Italy,Diesel,ITA
2023,813.83,Italy,Diesel,ITA
2023,783.9,Italy,Diesel,ITA
2023,778.72,Italy,Diesel,ITA
2023,762.74,Italy,Diesel,ITA
2023,763.76,Italy,Diesel,ITA
2023,768.11,Italy,Diesel,ITA
2023,757.48,Italy,Diesel,ITA
2023,750.17,Italy,Diesel,ITA
2023,744.44,Italy,Diesel,ITA
2023,745.14,Italy,Diesel,ITA
2023,735.33,Italy,Diesel,ITA
2023,738.45,Italy,Diesel,ITA
2023,759.53,Italy,Diesel,ITA
2023,784.92,Italy,Diesel,ITA
2023,813.43,Italy,Diesel,ITA
2023,830.54,Italy,Diesel,ITA
2023,831.14,Italy,Diesel,ITA
2023,830.69,Italy,Diesel,ITA
2023,858.56,Italy,Diesel,ITA
2023,859.49,Italy,Diesel,ITA
2023,868.32,Italy,Diesel,ITA
2023,865.44,Italy,Diesel,ITA
2023,875.8,Italy,Diesel,ITA
2023,887.99,Italy,Diesel,ITA
2023,901.59,Italy,Diesel,ITA
2023,937.55,Italy,Diesel,ITA
2023,950.08,Italy,Diesel,ITA
2023,919.57,Italy,Diesel,ITA
2023,910.21,Italy,Diesel,ITA
2023,913.85,Italy,Diesel,ITA
2023,932.47,Italy,Diesel,ITA
2022,917.66,Italy,Diesel,ITA
2022,940.09,Italy,Diesel,ITA
2022,983.49,Italy,Diesel,ITA
2022,1079.06,Italy,Diesel,ITA
2022,1065.33,Italy,Diesel,ITA
2022,1116.14,Italy,Diesel,ITA
2022,1151.01,Italy,Diesel,ITA
2022,1156.01,Italy,Diesel,ITA
2022,1161.73,Italy,Diesel,ITA
2022,1173.65,Italy,Diesel,ITA
2022,1175.77,Italy,Diesel,ITA
2022,1098.98,Italy,Diesel,ITA
2022,1057.46,Italy,Diesel,ITA
2022,1076.64,Italy,Diesel,ITA
2022,1110.54,Italy,Diesel,ITA
2022,1130.79,Italy,Diesel,ITA
2022,1139.49,Italy,Diesel,ITA
2022,1115.13,Italy,Diesel,ITA
2022,1062.44,Italy,Diesel,ITA
2022,1072.38,Italy,Diesel,ITA
2022,1117.26,Italy,Diesel,ITA
2022,1150.35,Italy,Diesel,ITA
2022,1185.44,Italy,Diesel,ITA
2022,1223.49,Italy,Diesel,ITA
2022,1256.89,Italy,Diesel,ITA
2022,1290.41,Italy,Diesel,ITA
2022,1299.67,Italy,Diesel,ITA
2022,1276.9,Italy,Diesel,ITA
2022,1218.89,Italy,Diesel,ITA
2022,1150.24,Italy,Diesel,ITA
2022,1118.49,Italy,Diesel,ITA
2022,1124.36,Italy,Diesel,ITA
2022,1130.93,Italy,Diesel,ITA
2022,1133.09,Italy,Diesel,ITA
2022,1100.73,Italy,Diesel,ITA
2022,1081.3,Italy,Diesel,ITA
2022,1075.68,Italy,Diesel,ITA
2022,1098.31,Italy,Diesel,ITA
2022,1155.45,Italy,Diesel,ITA
2022,1124.04,Italy,Diesel,ITA
2022,1148.69,Italy,Diesel,ITA
2022,882.05,Italy,Diesel,ITA
2022,809.21,Italy,Diesel,ITA
2022,794.37,Italy,Diesel,ITA
2022,782.76,Italy,Diesel,ITA
2022,768.33,Italy,Diesel,ITA
2022,749.23,Italy,Diesel,ITA
2022,732.71,Italy,Diesel,ITA
2022,710.67,Italy,Diesel,ITA
2022,692.44,Italy,Diesel,ITA
2022,684.17,Italy,Diesel,ITA
2021,683.53,Italy,Diesel,ITA
2021,686.18,Italy,Diesel,ITA
2021,692.23,Italy,Diesel,ITA
2021,700.21,Italy,Diesel,ITA
2021,703.35,Italy,Diesel,ITA
2021,704.67,Italy,Diesel,ITA
2021,705.42,Italy,Diesel,ITA
2021,704.8,Italy,Diesel,ITA
2021,700.55,Italy,Diesel,ITA
2021,688.49,Italy,Diesel,ITA
2021,667.13,Italy,Diesel,ITA
2021,642.21,Italy,Diesel,ITA
2021,631.35,Italy,Diesel,ITA
2021,625.75,Italy,Diesel,ITA
2021,620.35,Italy,Diesel,ITA
2021,615.47,Italy,Diesel,ITA
2021,612.08,Italy,Diesel,ITA
2021,614.92,Italy,Diesel,ITA
2021,618.46,Italy,Diesel,ITA
2021,620.29,Italy,Diesel,ITA
2021,620.44,Italy,Diesel,ITA
2021,620.77,Italy,Diesel,ITA
2021,622.63,Italy,Diesel,ITA
2021,618.59,Italy,Diesel,ITA
2021,607.63,Italy,Diesel,ITA
2021,600.44,Italy,Diesel,ITA
2021,590.92,Italy,Diesel,ITA
2021,583.26,Italy,Diesel,ITA
2021,577.32,Italy,Diesel,ITA
2021,569.48,Italy,Diesel,ITA
2021,572.21,Italy,Diesel,ITA
2021,573.3,Italy,Diesel,ITA
2021,568.83,Italy,Diesel,ITA
2021,561.97,Italy,Diesel,ITA
2021,560.96,Italy,Diesel,ITA
2021,559.37,Italy,Diesel,ITA
2021,558.98,Italy,Diesel,ITA
2021,563.17,Italy,Diesel,ITA
2021,567.01,Italy,Diesel,ITA
2021,559.71,Italy,Diesel,ITA
2021,547.51,Italy,Diesel,ITA
2021,537.07,Italy,Diesel,ITA
2021,522.69,Italy,Diesel,ITA
2021,507.96,Italy,Diesel,ITA
2021,497.89,Italy,Diesel,ITA
2021,489.62,Italy,Diesel,ITA
2021,486.25,Italy,Diesel,ITA
2021,480.51,Italy,Diesel,ITA
2021,468.65,Italy,Diesel,ITA
2020,451.71,Italy,Diesel,ITA
2020,438.59,Italy,Diesel,ITA
2020,434.89,Italy,Diesel,ITA
2020,427.89,Italy,Diesel,ITA
2020,418.76,Italy,Diesel,ITA
2020,411.53,Italy,Diesel,ITA
2020,406.14,Italy,Diesel,ITA
2020,411.1,Italy,Diesel,ITA
2020,414.17,Italy,Diesel,ITA
2020,415.78,Italy,Diesel,ITA
2020,416.21,Italy,Diesel,ITA
2020,417.59,Italy,Diesel,ITA
2020,419.44,Italy,Diesel,ITA
2020,421.46,Italy,Diesel,ITA
2020,427.09,Italy,Diesel,ITA
2020,433.12,Italy,Diesel,ITA
2020,436.03,Italy,Diesel,ITA
2020,436.34,Italy,Diesel,ITA
2020,435.51,Italy,Diesel,ITA
2020,435.32,Italy,Diesel,ITA
2020,438.62,Italy,Diesel,ITA
2020,439.76,Italy,Diesel,ITA
2020,440.66,Italy,Diesel,ITA
2020,440.24,Italy,Diesel,ITA
2020,438.17,Italy,Diesel,ITA
2020,436.31,Italy,Diesel,ITA
2020,426.08,Italy,Diesel,ITA
2020,420.71,Italy,Diesel,ITA
2020,415.71,Italy,Diesel,ITA
2020,416.08,Italy,Diesel,ITA
2020,412.41,Italy,Diesel,ITA
2020,405.05,Italy,Diesel,ITA
2020,409.48,Italy,Diesel,ITA
2020,421.25,Italy,Diesel,ITA
2020,437.57,Italy,Diesel,ITA
2020,453.44,Italy,Diesel,ITA
2020,471.14,Italy,Diesel,ITA
2020,487.36,Italy,Diesel,ITA
2020,504.3,Italy,Diesel,ITA
2020,521.15,Italy,Diesel,ITA
2020,541.78,Italy,Diesel,ITA
2020,556.5,Italy,Diesel,ITA
2020,562.45,Italy,Diesel,ITA
2020,564.04,Italy,Diesel,ITA
2020,571.67,Italy,Diesel,ITA
2020,586.67,Italy,Diesel,ITA
2020,597.62,Italy,Diesel,ITA
2020,602.74,Italy,Diesel,ITA
2020,606.67,Italy,Diesel,ITA
2020,603.26,Italy,Diesel,ITA
2019,591.1,Italy,Diesel,ITA
2019,592.5,Italy,Diesel,ITA
2019,592.7,Italy,Diesel,ITA
2019,587.71,Italy,Diesel,ITA
2019,587.51,Italy,Diesel,ITA
2019,587.76,Italy,Diesel,ITA
2019,586.89,Italy,Diesel,ITA
2019,585.82,Italy,Diesel,ITA
2019,587.47,Italy,Diesel,ITA
2019,589.94,Italy,Diesel,ITA
2019,595,Italy,Diesel,ITA
2019,600.36,Italy,Diesel,ITA
2019,598.25,Italy,Diesel,ITA
2019,581.9,Italy,Diesel,ITA
2019,575.21,Italy,Diesel,ITA
2019,575.22,Italy,Diesel,ITA
2019,576.73,Italy,Diesel,ITA
2019,578.34,Italy,Diesel,ITA
2019,585,Italy,Diesel,ITA
2019,594.72,Italy,Diesel,ITA
2019,594.31,Italy,Diesel,ITA
2019,601.46,Italy,Diesel,ITA
2019,599.38,Italy,Diesel,ITA
2019,596.45,Italy,Diesel,ITA
2019,594.77,Italy,Diesel,ITA
2019,596.28,Italy,Diesel,ITA
2019,601.26,Italy,Diesel,ITA
2019,609.99,Italy,Diesel,ITA
2019,623.88,Italy,Diesel,ITA
2019,632.3,Italy,Diesel,ITA
2019,626.66,Italy,Diesel,ITA
2019,627.13,Italy,Diesel,ITA
2019,627.74,Italy,Diesel,ITA
2019,628.26,Italy,Diesel,ITA
2019,616.62,Italy,Diesel,ITA
2019,611.42,Italy,Diesel,ITA
2019,610.23,Italy,Diesel,ITA
2019,609.8,Italy,Diesel,ITA
2019,609.14,Italy,Diesel,ITA
2019,606.51,Italy,Diesel,ITA
2019,601.35,Italy,Diesel,ITA
2019,595.59,Italy,Diesel,ITA
2019,580.9,Italy,Diesel,ITA
2019,572.5,Italy,Diesel,ITA
2019,567.53,Italy,Diesel,ITA
2019,563.49,Italy,Diesel,ITA
2019,559.88,Italy,Diesel,ITA
2019,551.46,Italy,Diesel,ITA
2019,553.81,Italy,Diesel,ITA
2018,580.11,Italy,Diesel,ITA
2018,591.35,Italy,Diesel,ITA
2018,613.32,Italy,Diesel,ITA
2018,633.87,Italy,Diesel,ITA
2018,648.01,Italy,Diesel,ITA
2018,656.68,Italy,Diesel,ITA
2018,663.12,Italy,Diesel,ITA
2018,665.64,Italy,Diesel,ITA
2018,667.14,Italy,Diesel,ITA
2018,665.81,Italy,Diesel,ITA
2018,651.77,Italy,Diesel,ITA
2018,635.39,Italy,Diesel,ITA
2018,632.53,Italy,Diesel,ITA
2018,632.94,Italy,Diesel,ITA
2018,632.17,Italy,Diesel,ITA
2018,622.91,Italy,Diesel,ITA
2018,617.73,Italy,Diesel,ITA
2018,616.3,Italy,Diesel,ITA
2018,616.92,Italy,Diesel,ITA
2018,617.19,Italy,Diesel,ITA
2018,616.49,Italy,Diesel,ITA
2018,617.94,Italy,Diesel,ITA
2018,621.08,Italy,Diesel,ITA
2018,621.85,Italy,Diesel,ITA
2018,621.58,Italy,Diesel,ITA
2018,625.45,Italy,Diesel,ITA
2018,632.4,Italy,Diesel,ITA
2018,635.18,Italy,Diesel,ITA
2018,635.64,Italy,Diesel,ITA
2018,629.5,Italy,Diesel,ITA
2018,613.35,Italy,Diesel,ITA
2018,598.54,Italy,Diesel,ITA
2018,587.73,Italy,Diesel,ITA
2018,581.7,Italy,Diesel,ITA
2018,571.3,Italy,Diesel,ITA
2018,562.35,Italy,Diesel,ITA
2018,556.79,Italy,Diesel,ITA
2018,548.85,Italy,Diesel,ITA
2018,546.03,Italy,Diesel,ITA
2018,548.55,Italy,Diesel,ITA
2018,550.35,Italy,Diesel,ITA
2018,545.45,Italy,Diesel,ITA
2018,550.19,Italy,Diesel,ITA
2018,565.62,Italy,Diesel,ITA
2018,569.15,Italy,Diesel,ITA
2018,569.3,Italy,Diesel,ITA
2018,568.27,Italy,Diesel,ITA
2018,563.94,Italy,Diesel,ITA
2018,559.39,Italy,Diesel,ITA
2018,551.93,Italy,Diesel,ITA
2017,546.82,Italy,Diesel,ITA
2017,541.05,Italy,Diesel,ITA
2017,543.03,Italy,Diesel,ITA
2017,542.34,Italy,Diesel,ITA
2017,544.33,Italy,Diesel,ITA
2017,541.3,Italy,Diesel,ITA
2017,531.58,Italy,Diesel,ITA
2017,522.24,Italy,Diesel,ITA
2017,520.68,Italy,Diesel,ITA
2017,516.03,Italy,Diesel,ITA
2017,517.66,Italy,Diesel,ITA
2017,516.08,Italy,Diesel,ITA
2017,508.21,Italy,Diesel,ITA
2017,510.04,Italy,Diesel,ITA
2017,504.62,Italy,Diesel,ITA
2017,496.14,Italy,Diesel,ITA
2017,492.35,Italy,Diesel,ITA
2017,493.24,Italy,Diesel,ITA
2017,492.23,Italy,Diesel,ITA
2017,490.68,Italy,Diesel,ITA
2017,482.15,Italy,Diesel,ITA
2017,478.39,Italy,Diesel,ITA
2017,476.63,Italy,Diesel,ITA
2017,479.67,Italy,Diesel,ITA
2017,478.77,Italy,Diesel,ITA
2017,482.3,Italy,Diesel,ITA
2017,491.54,Italy,Diesel,ITA
2017,498.38,Italy,Diesel,ITA
2017,506.12,Italy,Diesel,ITA
2017,510.36,Italy,Diesel,ITA
2017,510.47,Italy,Diesel,ITA
2017,512.76,Italy,Diesel,ITA
2017,523.34,Italy,Diesel,ITA
2017,534.67,Italy,Diesel,ITA
2017,538.74,Italy,Diesel,ITA
2017,524.08,Italy,Diesel,ITA
2017,516.21,Italy,Diesel,ITA
2017,519.74,Italy,Diesel,ITA
2017,524.87,Italy,Diesel,ITA
2017,531.78,Italy,Diesel,ITA
2017,533.08,Italy,Diesel,ITA
2017,532.6,Italy,Diesel,ITA
2017,532.35,Italy,Diesel,ITA
2017,530.12,Italy,Diesel,ITA
2017,528.17,Italy,Diesel,ITA
2017,526.42,Italy,Diesel,ITA
2017,527.95,Italy,Diesel,ITA
2017,530.24,Italy,Diesel,ITA
2017,534.16,Italy,Diesel,ITA
2017,523.5,Italy,Diesel,ITA
2025,799.51,Lithuania,Diesel,LTU
2025,815.81,Lithuania,Diesel,LTU
2025,815.35,Lithuania,Diesel,LTU
2025,805.47,Lithuania,Diesel,LTU
2025,803.72,Lithuania,Diesel,LTU
2025,818.3,Lithuania,Diesel,LTU
2025,835.57,Lithuania,Diesel,LTU
2025,801.3,Lithuania,Diesel,LTU
2025,791.37,Lithuania,Diesel,LTU
2024,778.32,Lithuania,Diesel,LTU
2024,780.03,Lithuania,Diesel,LTU
2024,771.92,Lithuania,Diesel,LTU
2024,763.66,Lithuania,Diesel,LTU
2024,766,Lithuania,Diesel,LTU
2024,748.86,Lithuania,Diesel,LTU
2024,728.88,Lithuania,Diesel,LTU
2024,716.18,Lithuania,Diesel,LTU
2024,703.69,Lithuania,Diesel,LTU
2024,711.83,Lithuania,Diesel,LTU
2024,715.5,Lithuania,Diesel,LTU
2024,720.68,Lithuania,Diesel,LTU
2024,692.93,Lithuania,Diesel,LTU
2024,687.37,Lithuania,Diesel,LTU
2024,687.7,Lithuania,Diesel,LTU
2024,692.53,Lithuania,Diesel,LTU
2024,708.4,Lithuania,Diesel,LTU
2024,723.31,Lithuania,Diesel,LTU
2024,738,Lithuania,Diesel,LTU
2024,744.92,Lithuania,Diesel,LTU
2024,752.77,Lithuania,Diesel,LTU
2024,766.78,Lithuania,Diesel,LTU
2024,781.26,Lithuania,Diesel,LTU
2024,789.61,Lithuania,Diesel,LTU
2024,797.47,Lithuania,Diesel,LTU
2024,796.79,Lithuania,Diesel,LTU
2024,790.47,Lithuania,Diesel,LTU
2024,789.46,Lithuania,Diesel,LTU
2024,773.02,Lithuania,Diesel,LTU
2024,754.82,Lithuania,Diesel,LTU
2024,762.65,Lithuania,Diesel,LTU
2024,769.77,Lithuania,Diesel,LTU
2024,775.72,Lithuania,Diesel,LTU
2024,786.61,Lithuania,Diesel,LTU
2024,834.99,Lithuania,Diesel,LTU
2024,834.99,Lithuania,Diesel,LTU
2024,852.64,Lithuania,Diesel,LTU
2024,860.57,Lithuania,Diesel,LTU
2024,857.65,Lithuania,Diesel,LTU
2024,855.54,Lithuania,Diesel,LTU
2024,884.17,Lithuania,Diesel,LTU
2024,884.17,Lithuania,Diesel,LTU
2024,909.81,Lithuania,Diesel,LTU
2024,918.12,Lithuania,Diesel,LTU
2024,930.21,Lithuania,Diesel,LTU
2024,943.31,Lithuania,Diesel,LTU
2024,924.9,Lithuania,Diesel,LTU
2024,891.02,Lithuania,Diesel,LTU
2024,861.78,Lithuania,Diesel,LTU
2024,848.09,Lithuania,Diesel,LTU
2024,876.36,Lithuania,Diesel,LTU
2024,876.21,Lithuania,Diesel,LTU
2024,860.25,Lithuania,Diesel,LTU
2023,862.47,Lithuania,Diesel,LTU
2023,856.99,Lithuania,Diesel,LTU
2023,868.96,Lithuania,Diesel,LTU
2023,886.69,Lithuania,Diesel,LTU
2023,883.9,Lithuania,Diesel,LTU
2023,875.16,Lithuania,Diesel,LTU
2023,882.67,Lithuania,Diesel,LTU
2023,904.75,Lithuania,Diesel,LTU
2023,913.55,Lithuania,Diesel,LTU
2023,929.62,Lithuania,Diesel,LTU
2023,929.55,Lithuania,Diesel,LTU
2023,942.74,Lithuania,Diesel,LTU
2023,960.82,Lithuania,Diesel,LTU
2023,959.39,Lithuania,Diesel,LTU
2023,949.96,Lithuania,Diesel,LTU
2023,918.55,Lithuania,Diesel,LTU
2023,889.73,Lithuania,Diesel,LTU
2023,890.79,Lithuania,Diesel,LTU
2023,875.04,Lithuania,Diesel,LTU
2023,864.45,Lithuania,Diesel,LTU
2023,846.46,Lithuania,Diesel,LTU
2023,800.24,Lithuania,Diesel,LTU
2023,762.79,Lithuania,Diesel,LTU
2023,750.12,Lithuania,Diesel,LTU
2023,739.25,Lithuania,Diesel,LTU
2023,740.37,Lithuania,Diesel,LTU
2023,750.05,Lithuania,Diesel,LTU
2023,727.98,Lithuania,Diesel,LTU
2023,708.32,Lithuania,Diesel,LTU
2023,698.77,Lithuania,Diesel,LTU
2023,699.41,Lithuania,Diesel,LTU
2023,704.49,Lithuania,Diesel,LTU
2023,711.65,Lithuania,Diesel,LTU
2023,735.05,Lithuania,Diesel,LTU
2023,772.26,Lithuania,Diesel,LTU
2023,803.4,Lithuania,Diesel,LTU
2023,818.64,Lithuania,Diesel,LTU
2023,823.74,Lithuania,Diesel,LTU
2023,832.71,Lithuania,Diesel,LTU
2023,847.63,Lithuania,Diesel,LTU
2023,876,Lithuania,Diesel,LTU
2023,919.77,Lithuania,Diesel,LTU
2023,943.94,Lithuania,Diesel,LTU
2023,941.6,Lithuania,Diesel,LTU
2023,967.56,Lithuania,Diesel,LTU
2023,984.4,Lithuania,Diesel,LTU
2023,1009.13,Lithuania,Diesel,LTU
2023,1026.43,Lithuania,Diesel,LTU
2023,1004.71,Lithuania,Diesel,LTU
2023,993.94,Lithuania,Diesel,LTU
2023,987.14,Lithuania,Diesel,LTU
2023,992.74,Lithuania,Diesel,LTU
2022,995.4,Lithuania,Diesel,LTU
2022,1003.56,Lithuania,Diesel,LTU
2022,1043.16,Lithuania,Diesel,LTU
2022,1074.02,Lithuania,Diesel,LTU
2022,1101.68,Lithuania,Diesel,LTU
2022,1140.94,Lithuania,Diesel,LTU
2022,1173.89,Lithuania,Diesel,LTU
2022,1191.82,Lithuania,Diesel,LTU
2022,1202.5,Lithuania,Diesel,LTU
2022,1204.78,Lithuania,Diesel,LTU
2022,1207.77,Lithuania,Diesel,LTU
2022,1174.25,Lithuania,Diesel,LTU
2022,1085.77,Lithuania,Diesel,LTU
2022,1094.26,Lithuania,Diesel,LTU
2022,1107.87,Lithuania,Diesel,LTU
2022,1141.74,Lithuania,Diesel,LTU
2022,1150.32,Lithuania,Diesel,LTU
2022,1149.79,Lithuania,Diesel,LTU
2022,1105.51,Lithuania,Diesel,LTU
2022,1081.51,Lithuania,Diesel,LTU
2022,1096.93,Lithuania,Diesel,LTU
2022,1133.19,Lithuania,Diesel,LTU
2022,1166.02,Lithuania,Diesel,LTU
2022,1193.67,Lithuania,Diesel,LTU
2022,1225.4,Lithuania,Diesel,LTU
2022,1259.75,Lithuania,Diesel,LTU
2022,1286.88,Lithuania,Diesel,LTU
2022,1288.25,Lithuania,Diesel,LTU
2022,1224.94,Lithuania,Diesel,LTU
2022,1167.81,Lithuania,Diesel,LTU
2022,1095.99,Lithuania,Diesel,LTU
2022,1092.32,Lithuania,Diesel,LTU
2022,1107.49,Lithuania,Diesel,LTU
2022,1093.34,Lithuania,Diesel,LTU
2022,1085.61,Lithuania,Diesel,LTU
2022,1054.91,Lithuania,Diesel,LTU
2022,1074.2,Lithuania,Diesel,LTU
2022,1096.12,Lithuania,Diesel,LTU
2022,1130.8,Lithuania,Diesel,LTU
2022,1129.78,Lithuania,Diesel,LTU
2022,1169.82,Lithuania,Diesel,LTU
2022,1009.15,Lithuania,Diesel,LTU
2022,889.71,Lithuania,Diesel,LTU
2022,836.33,Lithuania,Diesel,LTU
2022,824.99,Lithuania,Diesel,LTU
2022,817.33,Lithuania,Diesel,LTU
2022,791.15,Lithuania,Diesel,LTU
2022,775.42,Lithuania,Diesel,LTU
2022,760.05,Lithuania,Diesel,LTU
2022,748.88,Lithuania,Diesel,LTU
2022,741.93,Lithuania,Diesel,LTU
2021,751.8,Lithuania,Diesel,LTU
2021,740.98,Lithuania,Diesel,LTU
2021,744.83,Lithuania,Diesel,LTU
2021,754.79,Lithuania,Diesel,LTU
2021,749.47,Lithuania,Diesel,LTU
2021,758.03,Lithuania,Diesel,LTU
2021,738.44,Lithuania,Diesel,LTU
2021,709.82,Lithuania,Diesel,LTU
2021,738.58,Lithuania,Diesel,LTU
2021,715,Lithuania,Diesel,LTU
2021,697.07,Lithuania,Diesel,LTU
2021,662.4,Lithuania,Diesel,LTU
2021,635.25,Lithuania,Diesel,LTU
2021,619.83,Lithuania,Diesel,LTU
2021,615.79,Lithuania,Diesel,LTU
2021,624.46,Lithuania,Diesel,LTU
2021,597.79,Lithuania,Diesel,LTU
2021,598.38,Lithuania,Diesel,LTU
2021,605.62,Lithuania,Diesel,LTU
2021,604.16,Lithuania,Diesel,LTU
2021,605.5,Lithuania,Diesel,LTU
2021,602.63,Lithuania,Diesel,LTU
2021,601.4,Lithuania,Diesel,LTU
2021,593.11,Lithuania,Diesel,LTU
2021,574.24,Lithuania,Diesel,LTU
2021,571.2,Lithuania,Diesel,LTU
2021,565.98,Lithuania,Diesel,LTU
2021,560.42,Lithuania,Diesel,LTU
2021,556.4,Lithuania,Diesel,LTU
2021,544.3,Lithuania,Diesel,LTU
2021,559.79,Lithuania,Diesel,LTU
2021,543.56,Lithuania,Diesel,LTU
2021,541.4,Lithuania,Diesel,LTU
2021,531.64,Lithuania,Diesel,LTU
2021,530.8,Lithuania,Diesel,LTU
2021,531.6,Lithuania,Diesel,LTU
2021,533.5,Lithuania,Diesel,LTU
2021,557.24,Lithuania,Diesel,LTU
2021,559.02,Lithuania,Diesel,LTU
2021,565.39,Lithuania,Diesel,LTU
2021,558.19,Lithuania,Diesel,LTU
2021,559.06,Lithuania,Diesel,LTU
2021,544.55,Lithuania,Diesel,LTU
2021,526.07,Lithuania,Diesel,LTU
2021,511.49,Lithuania,Diesel,LTU
2021,492.8,Lithuania,Diesel,LTU
2021,492.08,Lithuania,Diesel,LTU
2021,489.2,Lithuania,Diesel,LTU
2021,474.3,Lithuania,Diesel,LTU
2020,464.15,Lithuania,Diesel,LTU
2020,452.85,Lithuania,Diesel,LTU
2020,439.28,Lithuania,Diesel,LTU
2020,426.96,Lithuania,Diesel,LTU
2020,422.21,Lithuania,Diesel,LTU
2020,407.74,Lithuania,Diesel,LTU
2020,412.74,Lithuania,Diesel,LTU
2020,400.36,Lithuania,Diesel,LTU
2020,402.89,Lithuania,Diesel,LTU
2020,405.64,Lithuania,Diesel,LTU
2020,410.38,Lithuania,Diesel,LTU
2020,410.5,Lithuania,Diesel,LTU
2020,417.09,Lithuania,Diesel,LTU
2020,420.74,Lithuania,Diesel,LTU
2020,427.14,Lithuania,Diesel,LTU
2020,432.79,Lithuania,Diesel,LTU
2020,437.61,Lithuania,Diesel,LTU
2020,433.59,Lithuania,Diesel,LTU
2020,435.21,Lithuania,Diesel,LTU
2020,431.08,Lithuania,Diesel,LTU
2020,437.5,Lithuania,Diesel,LTU
2020,444.21,Lithuania,Diesel,LTU
2020,445.85,Lithuania,Diesel,LTU
2020,433.21,Lithuania,Diesel,LTU
2020,422.64,Lithuania,Diesel,LTU
2020,413.1,Lithuania,Diesel,LTU
2020,397.83,Lithuania,Diesel,LTU
2020,386.37,Lithuania,Diesel,LTU
2020,381.72,Lithuania,Diesel,LTU
2020,371.23,Lithuania,Diesel,LTU
2020,374.25,Lithuania,Diesel,LTU
2020,355.09,Lithuania,Diesel,LTU
2020,358.06,Lithuania,Diesel,LTU
2020,374.33,Lithuania,Diesel,LTU
2020,395.03,Lithuania,Diesel,LTU
2020,414.83,Lithuania,Diesel,LTU
2020,427.96,Lithuania,Diesel,LTU
2020,437.72,Lithuania,Diesel,LTU
2020,458.31,Lithuania,Diesel,LTU
2020,500.33,Lithuania,Diesel,LTU
2020,545.44,Lithuania,Diesel,LTU
2020,567.45,Lithuania,Diesel,LTU
2020,569.12,Lithuania,Diesel,LTU
2020,563.91,Lithuania,Diesel,LTU
2020,578.02,Lithuania,Diesel,LTU
2020,594.07,Lithuania,Diesel,LTU
2020,600.26,Lithuania,Diesel,LTU
2020,603.28,Lithuania,Diesel,LTU
2020,602.21,Lithuania,Diesel,LTU
2020,604.07,Lithuania,Diesel,LTU
2019,598.36,Lithuania,Diesel,LTU
2019,597.73,Lithuania,Diesel,LTU
2019,600.7,Lithuania,Diesel,LTU
2019,597.92,Lithuania,Diesel,LTU
2019,596.76,Lithuania,Diesel,LTU
2019,597.24,Lithuania,Diesel,LTU
2019,598.6,Lithuania,Diesel,LTU
2019,596.68,Lithuania,Diesel,LTU
2019,594.45,Lithuania,Diesel,LTU
2019,595.15,Lithuania,Diesel,LTU
2019,594.99,Lithuania,Diesel,LTU
2019,602.55,Lithuania,Diesel,LTU
2019,614.4,Lithuania,Diesel,LTU
2019,597.49,Lithuania,Diesel,LTU
2019,593.61,Lithuania,Diesel,LTU
2019,597.38,Lithuania,Diesel,LTU
2019,600.42,Lithuania,Diesel,LTU
2019,600.81,Lithuania,Diesel,LTU
2019,599.28,Lithuania,Diesel,LTU
2019,604.1,Lithuania,Diesel,LTU
2019,595.86,Lithuania,Diesel,LTU
2019,593.31,Lithuania,Diesel,LTU
2019,592.83,Lithuania,Diesel,LTU
2019,587.62,Lithuania,Diesel,LTU
2019,593.82,Lithuania,Diesel,LTU
2019,583.45,Lithuania,Diesel,LTU
2019,600.89,Lithuania,Diesel,LTU
2019,613.23,Lithuania,Diesel,LTU
2019,627.57,Lithuania,Diesel,LTU
2019,628.46,Lithuania,Diesel,LTU
2019,641.19,Lithuania,Diesel,LTU
2019,630.25,Lithuania,Diesel,LTU
2019,630.58,Lithuania,Diesel,LTU
2019,626.27,Lithuania,Diesel,LTU
2019,616.38,Lithuania,Diesel,LTU
2019,606.41,Lithuania,Diesel,LTU
2019,599.53,Lithuania,Diesel,LTU
2019,595.88,Lithuania,Diesel,LTU
2019,594.26,Lithuania,Diesel,LTU
2019,591.41,Lithuania,Diesel,LTU
2019,600.92,Lithuania,Diesel,LTU
2019,581.13,Lithuania,Diesel,LTU
2019,563.55,Lithuania,Diesel,LTU
2019,554.17,Lithuania,Diesel,LTU
2019,561.78,Lithuania,Diesel,LTU
2019,554.79,Lithuania,Diesel,LTU
2019,560.16,Lithuania,Diesel,LTU
2019,561.52,Lithuania,Diesel,LTU
2019,549.08,Lithuania,Diesel,LTU
2018,574.43,Lithuania,Diesel,LTU
2018,590.31,Lithuania,Diesel,LTU
2018,600.26,Lithuania,Diesel,LTU
2018,641.31,Lithuania,Diesel,LTU
2018,654.17,Lithuania,Diesel,LTU
2018,677.42,Lithuania,Diesel,LTU
2018,671.69,Lithuania,Diesel,LTU
2018,678.35,Lithuania,Diesel,LTU
2018,681.37,Lithuania,Diesel,LTU
2018,687.09,Lithuania,Diesel,LTU
2018,684.76,Lithuania,Diesel,LTU
2018,647.73,Lithuania,Diesel,LTU
2018,630.79,Lithuania,Diesel,LTU
2018,631.01,Lithuania,Diesel,LTU
2018,642.98,Lithuania,Diesel,LTU
2018,637.25,Lithuania,Diesel,LTU
2018,626.6,Lithuania,Diesel,LTU
2018,617.69,Lithuania,Diesel,LTU
2018,607.84,Lithuania,Diesel,LTU
2018,617.41,Lithuania,Diesel,LTU
2018,606.22,Lithuania,Diesel,LTU
2018,596.63,Lithuania,Diesel,LTU
2018,626.29,Lithuania,Diesel,LTU
2018,630.99,Lithuania,Diesel,LTU
2018,620.35,Lithuania,Diesel,LTU
2018,621.61,Lithuania,Diesel,LTU
2018,618.58,Lithuania,Diesel,LTU
2018,624.71,Lithuania,Diesel,LTU
2018,631.14,Lithuania,Diesel,LTU
2018,631.35,Lithuania,Diesel,LTU
2018,619.07,Lithuania,Diesel,LTU
2018,606.07,Lithuania,Diesel,LTU
2018,576.69,Lithuania,Diesel,LTU
2018,561.46,Lithuania,Diesel,LTU
2018,555.75,Lithuania,Diesel,LTU
2018,549.25,Lithuania,Diesel,LTU
2018,553.09,Lithuania,Diesel,LTU
2018,545.07,Lithuania,Diesel,LTU
2018,551.63,Lithuania,Diesel,LTU
2018,541.79,Lithuania,Diesel,LTU
2018,546.14,Lithuania,Diesel,LTU
2018,547.03,Lithuania,Diesel,LTU
2018,543.25,Lithuania,Diesel,LTU
2018,556.6,Lithuania,Diesel,LTU
2018,559.42,Lithuania,Diesel,LTU
2018,556.83,Lithuania,Diesel,LTU
2018,559.67,Lithuania,Diesel,LTU
2018,559.02,Lithuania,Diesel,LTU
2018,549.52,Lithuania,Diesel,LTU
2018,528.96,Lithuania,Diesel,LTU
2017,531.24,Lithuania,Diesel,LTU
2017,538,Lithuania,Diesel,LTU
2017,534.25,Lithuania,Diesel,LTU
2017,534.32,Lithuania,Diesel,LTU
2017,543.57,Lithuania,Diesel,LTU
2017,535.86,Lithuania,Diesel,LTU
2017,519.58,Lithuania,Diesel,LTU
2017,505.85,Lithuania,Diesel,LTU
2017,512.11,Lithuania,Diesel,LTU
2017,512.9,Lithuania,Diesel,LTU
2017,508.81,Lithuania,Diesel,LTU
2017,501.66,Lithuania,Diesel,LTU
2017,501.31,Lithuania,Diesel,LTU
2017,497.59,Lithuania,Diesel,LTU
2017,504.15,Lithuania,Diesel,LTU
2017,497.63,Lithuania,Diesel,LTU
2017,504.92,Lithuania,Diesel,LTU
2017,499.34,Lithuania,Diesel,LTU
2017,502.14,Lithuania,Diesel,LTU
2017,495.62,Lithuania,Diesel,LTU
2017,488.81,Lithuania,Diesel,LTU
2017,485.56,Lithuania,Diesel,LTU
2017,487.14,Lithuania,Diesel,LTU
2017,479.21,Lithuania,Diesel,LTU
2017,470.9,Lithuania,Diesel,LTU
2017,482.9,Lithuania,Diesel,LTU
2017,495.13,Lithuania,Diesel,LTU
2017,507.9,Lithuania,Diesel,LTU
2017,513.95,Lithuania,Diesel,LTU
2017,524,Lithuania,Diesel,LTU
2017,525.23,Lithuania,Diesel,LTU
2017,529.37,Lithuania,Diesel,LTU
2017,538.03,Lithuania,Diesel,LTU
2017,541.67,Lithuania,Diesel,LTU
2017,547.86,Lithuania,Diesel,LTU
2017,540.26,Lithuania,Diesel,LTU
2017,532.62,Lithuania,Diesel,LTU
2017,514.66,Lithuania,Diesel,LTU
2017,533.46,Lithuania,Diesel,LTU
2017,536.57,Lithuania,Diesel,LTU
2017,555.18,Lithuania,Diesel,LTU
2017,555.97,Lithuania,Diesel,LTU
2017,555.31,Lithuania,Diesel,LTU
2017,540.52,Lithuania,Diesel,LTU
2017,548.96,Lithuania,Diesel,LTU
2017,543.73,Lithuania,Diesel,LTU
2017,545.32,Lithuania,Diesel,LTU
2017,545.43,Lithuania,Diesel,LTU
2017,539.22,Lithuania,Diesel,LTU
2017,521.47,Lithuania,Diesel,LTU
2025,817.54,Luxembourg,Diesel,LUX
2025,851.72,Luxembourg,Diesel,LUX
2025,852.58,Luxembourg,Diesel,LUX
2025,820.95,Luxembourg,Diesel,LUX
2025,832.92,Luxembourg,Diesel,LUX
2025,852.58,Luxembourg,Diesel,LUX
2025,876.51,Luxembourg,Diesel,LUX
2025,827.79,Luxembourg,Diesel,LUX
2025,810.7,Luxembourg,Diesel,LUX
2024,813.84,Luxembourg,Diesel,LUX
2024,813.84,Luxembourg,Diesel,LUX
2024,801.88,Luxembourg,Diesel,LUX
2024,797.6,Luxembourg,Diesel,LUX
2024,797.6,Luxembourg,Diesel,LUX
2024,800.17,Luxembourg,Diesel,LUX
2024,783.07,Luxembourg,Diesel,LUX
2024,801.02,Luxembourg,Diesel,LUX
2024,752.3,Luxembourg,Diesel,LUX
2024,777.09,Luxembourg,Diesel,LUX
2024,760.85,Luxembourg,Diesel,LUX
2024,777.94,Luxembourg,Diesel,LUX
2024,777.94,Luxembourg,Diesel,LUX
2024,748.03,Luxembourg,Diesel,LUX
2024,748.03,Luxembourg,Diesel,LUX
2024,728.37,Luxembourg,Diesel,LUX
2024,750.59,Luxembourg,Diesel,LUX
2024,765.12,Luxembourg,Diesel,LUX
2024,765.12,Luxembourg,Diesel,LUX
2024,797.6,Luxembourg,Diesel,LUX
2024,797.6,Luxembourg,Diesel,LUX
2024,815.55,Luxembourg,Diesel,LUX
2024,815.55,Luxembourg,Diesel,LUX
2024,830.93,Luxembourg,Diesel,LUX
2024,848.03,Luxembourg,Diesel,LUX
2024,862.56,Luxembourg,Diesel,LUX
2024,862.56,Luxembourg,Diesel,LUX
2024,852.3,Luxembourg,Diesel,LUX
2024,831.79,Luxembourg,Diesel,LUX
2024,791.62,Luxembourg,Diesel,LUX
2024,822.39,Luxembourg,Diesel,LUX
2024,822.39,Luxembourg,Diesel,LUX
2024,819.82,Luxembourg,Diesel,LUX
2024,839.48,Luxembourg,Diesel,LUX
2024,826.66,Luxembourg,Diesel,LUX
2024,853.16,Luxembourg,Diesel,LUX
2024,853.16,Luxembourg,Diesel,LUX
2024,896.75,Luxembourg,Diesel,LUX
2024,925.81,Luxembourg,Diesel,LUX
2024,889.91,Luxembourg,Diesel,LUX
2024,904.44,Luxembourg,Diesel,LUX
2024,885.64,Luxembourg,Diesel,LUX
2024,885.64,Luxembourg,Diesel,LUX
2024,885.64,Luxembourg,Diesel,LUX
2024,907.86,Luxembourg,Diesel,LUX
2024,933.5,Luxembourg,Diesel,LUX
2024,912.13,Luxembourg,Diesel,LUX
2024,898.46,Luxembourg,Diesel,LUX
2024,864.27,Luxembourg,Diesel,LUX
2024,848.88,Luxembourg,Diesel,LUX
2024,830.08,Luxembourg,Diesel,LUX
2024,830.08,Luxembourg,Diesel,LUX
2024,830.08,Luxembourg,Diesel,LUX
2023,863.49,Luxembourg,Diesel,LUX
2023,831.59,Luxembourg,Diesel,LUX
2023,867.8,Luxembourg,Diesel,LUX
2023,867.8,Luxembourg,Diesel,LUX
2023,900.56,Luxembourg,Diesel,LUX
2023,900.56,Luxembourg,Diesel,LUX
2023,885.91,Luxembourg,Diesel,LUX
2023,962.63,Luxembourg,Diesel,LUX
2023,952.28,Luxembourg,Diesel,LUX
2023,983.32,Luxembourg,Diesel,LUX
2023,971.25,Luxembourg,Diesel,LUX
2023,951.42,Luxembourg,Diesel,LUX
2023,1032.46,Luxembourg,Diesel,LUX
2023,1032.46,Luxembourg,Diesel,LUX
2023,1070.39,Luxembourg,Diesel,LUX
2023,983.32,Luxembourg,Diesel,LUX
2023,954.01,Luxembourg,Diesel,LUX
2023,969.53,Luxembourg,Diesel,LUX
2023,939.35,Luxembourg,Diesel,LUX
2023,962.63,Luxembourg,Diesel,LUX
2023,927.28,Luxembourg,Diesel,LUX
2023,896.25,Luxembourg,Diesel,LUX
2023,831.59,Luxembourg,Diesel,LUX
2023,831.59,Luxembourg,Diesel,LUX
2023,812.63,Luxembourg,Diesel,LUX
2023,800.56,Luxembourg,Diesel,LUX
2023,835.91,Luxembourg,Diesel,LUX
2023,807.46,Luxembourg,Diesel,LUX
2023,807.46,Luxembourg,Diesel,LUX
2023,774.7,Luxembourg,Diesel,LUX
2023,790.22,Luxembourg,Diesel,LUX
2023,779.87,Luxembourg,Diesel,LUX
2023,769.53,Luxembourg,Diesel,LUX
2023,757.46,Luxembourg,Diesel,LUX
2023,773.84,Luxembourg,Diesel,LUX
2023,825.56,Luxembourg,Diesel,LUX
2023,847.97,Luxembourg,Diesel,LUX
2023,847.97,Luxembourg,Diesel,LUX
2023,835.91,Luxembourg,Diesel,LUX
2023,855.73,Luxembourg,Diesel,LUX
2023,855.73,Luxembourg,Diesel,LUX
2023,912.63,Luxembourg,Diesel,LUX
2023,925.56,Luxembourg,Diesel,LUX
2023,895.39,Luxembourg,Diesel,LUX
2023,908.32,Luxembourg,Diesel,LUX
2023,934.18,Luxembourg,Diesel,LUX
2023,921.25,Luxembourg,Diesel,LUX
2023,996.25,Luxembourg,Diesel,LUX
2023,991.94,Luxembourg,Diesel,LUX
2023,962.63,Luxembourg,Diesel,LUX
2023,927.28,Luxembourg,Diesel,LUX
2023,972.97,Luxembourg,Diesel,LUX
2022,948.42,Luxembourg,Diesel,LUX
2022,982.61,Luxembourg,Diesel,LUX
2022,907.39,Luxembourg,Diesel,LUX
2022,1011.67,Luxembourg,Diesel,LUX
2022,1002.26,Luxembourg,Diesel,LUX
2022,1068.08,Luxembourg,Diesel,LUX
2022,1143.29,Luxembourg,Diesel,LUX
2022,1147.56,Luxembourg,Diesel,LUX
2022,1277.48,Luxembourg,Diesel,LUX
2022,1310.81,Luxembourg,Diesel,LUX
2022,1325.34,Luxembourg,Diesel,LUX
2022,1267.22,Luxembourg,Diesel,LUX
2022,1156.11,Luxembourg,Diesel,LUX
2022,1130.47,Luxembourg,Diesel,LUX
2022,1106.54,Luxembourg,Diesel,LUX
2022,1187.73,Luxembourg,Diesel,LUX
2022,1144.14,Luxembourg,Diesel,LUX
2022,1271.49,Luxembourg,Diesel,LUX
2022,1189.44,Luxembourg,Diesel,LUX
2022,1115.08,Luxembourg,Diesel,LUX
2022,1111.66,Luxembourg,Diesel,LUX
2022,1199.7,Luxembourg,Diesel,LUX
2022,1142.43,Luxembourg,Diesel,LUX
2022,1209.95,Luxembourg,Diesel,LUX
2022,1225.34,Luxembourg,Diesel,LUX
2022,1227.05,Luxembourg,Diesel,LUX
2022,1326.19,Luxembourg,Diesel,LUX
2022,1353.54,Luxembourg,Diesel,LUX
2022,1339.01,Luxembourg,Diesel,LUX
2022,1268.07,Luxembourg,Diesel,LUX
2022,1177.47,Luxembourg,Diesel,LUX
2022,1103.97,Luxembourg,Diesel,LUX
2022,1139.01,Luxembourg,Diesel,LUX
2022,1201.41,Luxembourg,Diesel,LUX
2022,1221.06,Luxembourg,Diesel,LUX
2022,1148.41,Luxembourg,Diesel,LUX
2022,1021.92,Luxembourg,Diesel,LUX
2022,1085.17,Luxembourg,Diesel,LUX
2022,1245.85,Luxembourg,Diesel,LUX
2022,1088.59,Luxembourg,Diesel,LUX
2022,1032.18,Luxembourg,Diesel,LUX
2022,1060.38,Luxembourg,Diesel,LUX
2022,865.51,Luxembourg,Diesel,LUX
2022,865.51,Luxembourg,Diesel,LUX
2022,865.51,Luxembourg,Diesel,LUX
2022,844.14,Luxembourg,Diesel,LUX
2022,814.23,Luxembourg,Diesel,LUX
2022,814.23,Luxembourg,Diesel,LUX
2022,787.73,Luxembourg,Diesel,LUX
2022,787.73,Luxembourg,Diesel,LUX
2022,764.66,Luxembourg,Diesel,LUX
2021,739.17,Luxembourg,Diesel,LUX
2021,739.17,Luxembourg,Diesel,LUX
2021,716.95,Luxembourg,Diesel,LUX
2021,787.03,Luxembourg,Diesel,LUX
2021,787.03,Luxembourg,Diesel,LUX
2021,787.03,Luxembourg,Diesel,LUX
2021,787.03,Luxembourg,Diesel,LUX
2021,807.55,Luxembourg,Diesel,LUX
2021,787.89,Luxembourg,Diesel,LUX
2021,787.89,Luxembourg,Diesel,LUX
2021,771.65,Luxembourg,Diesel,LUX
2021,730.62,Luxembourg,Diesel,LUX
2021,686.18,Luxembourg,Diesel,LUX
2021,686.18,Luxembourg,Diesel,LUX
2021,651.99,Luxembourg,Diesel,LUX
2021,651.99,Luxembourg,Diesel,LUX
2021,651.99,Luxembourg,Diesel,LUX
2021,639.17,Luxembourg,Diesel,LUX
2021,639.17,Luxembourg,Diesel,LUX
2021,647.72,Luxembourg,Diesel,LUX
2021,647.72,Luxembourg,Diesel,LUX
2021,627.2,Luxembourg,Diesel,LUX
2021,651.99,Luxembourg,Diesel,LUX
2021,637.46,Luxembourg,Diesel,LUX
2021,633.19,Luxembourg,Diesel,LUX
2021,633.19,Luxembourg,Diesel,LUX
2021,633.19,Luxembourg,Diesel,LUX
2021,619.51,Luxembourg,Diesel,LUX
2021,619.51,Luxembourg,Diesel,LUX
2021,601.56,Luxembourg,Diesel,LUX
2021,601.56,Luxembourg,Diesel,LUX
2021,601.56,Luxembourg,Diesel,LUX
2021,601.56,Luxembourg,Diesel,LUX
2021,579.34,Luxembourg,Diesel,LUX
2021,579.34,Luxembourg,Diesel,LUX
2021,563.1,Luxembourg,Diesel,LUX
2021,563.1,Luxembourg,Diesel,LUX
2021,563.1,Luxembourg,Diesel,LUX
2021,575.07,Luxembourg,Diesel,LUX
2021,593.02,Luxembourg,Diesel,LUX
2021,569.08,Luxembourg,Diesel,LUX
2021,581.9,Luxembourg,Diesel,LUX
2021,566.52,Luxembourg,Diesel,LUX
2021,551.14,Luxembourg,Diesel,LUX
2021,537.46,Luxembourg,Diesel,LUX
2021,513.53,Luxembourg,Diesel,LUX
2021,509.26,Luxembourg,Diesel,LUX
2021,509.26,Luxembourg,Diesel,LUX
2021,490.45,Luxembourg,Diesel,LUX
2020,478.33,Luxembourg,Diesel,LUX
2020,478.33,Luxembourg,Diesel,LUX
2020,478.33,Luxembourg,Diesel,LUX
2020,478.33,Luxembourg,Diesel,LUX
2020,459.53,Luxembourg,Diesel,LUX
2020,459.53,Luxembourg,Diesel,LUX
2020,438.16,Luxembourg,Diesel,LUX
2020,426.2,Luxembourg,Diesel,LUX
2020,444.15,Luxembourg,Diesel,LUX
2020,444.15,Luxembourg,Diesel,LUX
2020,444.15,Luxembourg,Diesel,LUX
2020,430.47,Luxembourg,Diesel,LUX
2020,430.47,Luxembourg,Diesel,LUX
2020,430.47,Luxembourg,Diesel,LUX
2020,430.47,Luxembourg,Diesel,LUX
2020,462.09,Luxembourg,Diesel,LUX
2020,462.09,Luxembourg,Diesel,LUX
2020,474.06,Luxembourg,Diesel,LUX
2020,474.06,Luxembourg,Diesel,LUX
2020,474.06,Luxembourg,Diesel,LUX
2020,474.06,Luxembourg,Diesel,LUX
2020,474.06,Luxembourg,Diesel,LUX
2020,474.06,Luxembourg,Diesel,LUX
2020,474.06,Luxembourg,Diesel,LUX
2020,461.24,Luxembourg,Diesel,LUX
2020,461.24,Luxembourg,Diesel,LUX
2020,461.24,Luxembourg,Diesel,LUX
2020,445,Luxembourg,Diesel,LUX
2020,427.91,Luxembourg,Diesel,LUX
2020,412.52,Luxembourg,Diesel,LUX
2020,412.52,Luxembourg,Diesel,LUX
2020,381.75,Luxembourg,Diesel,LUX
2020,381.75,Luxembourg,Diesel,LUX
2020,358.68,Luxembourg,Diesel,LUX
2020,358.68,Luxembourg,Diesel,LUX
2020,395.43,Luxembourg,Diesel,LUX
2020,415.94,Luxembourg,Diesel,LUX
2020,433.89,Luxembourg,Diesel,LUX
2020,418.5,Luxembourg,Diesel,LUX
2020,490.3,Luxembourg,Diesel,LUX
2020,550.13,Luxembourg,Diesel,LUX
2020,571.5,Luxembourg,Diesel,LUX
2020,597.99,Luxembourg,Diesel,LUX
2020,597.99,Luxembourg,Diesel,LUX
2020,574.91,Luxembourg,Diesel,LUX
2020,603.12,Luxembourg,Diesel,LUX
2020,617.65,Luxembourg,Diesel,LUX
2020,637.31,Luxembourg,Diesel,LUX
2020,672.35,Luxembourg,Diesel,LUX
2020,614.23,Luxembourg,Diesel,LUX
2019,594.57,Luxembourg,Diesel,LUX
2019,594.57,Luxembourg,Diesel,LUX
2019,594.57,Luxembourg,Diesel,LUX
2019,594.57,Luxembourg,Diesel,LUX
2019,594.57,Luxembourg,Diesel,LUX
2019,594.57,Luxembourg,Diesel,LUX
2019,594.57,Luxembourg,Diesel,LUX
2019,594.57,Luxembourg,Diesel,LUX
2019,594.57,Luxembourg,Diesel,LUX
2019,602.26,Luxembourg,Diesel,LUX
2019,602.26,Luxembourg,Diesel,LUX
2019,618.5,Luxembourg,Diesel,LUX
2019,607.39,Luxembourg,Diesel,LUX
2019,607.39,Luxembourg,Diesel,LUX
2019,587.74,Luxembourg,Diesel,LUX
2019,587.74,Luxembourg,Diesel,LUX
2019,587.74,Luxembourg,Diesel,LUX
2019,572.35,Luxembourg,Diesel,LUX
2019,572.35,Luxembourg,Diesel,LUX
2019,593.72,Luxembourg,Diesel,LUX
2019,593.72,Luxembourg,Diesel,LUX
2019,596.28,Luxembourg,Diesel,LUX
2019,577.48,Luxembourg,Diesel,LUX
2019,577.48,Luxembourg,Diesel,LUX
2019,577.48,Luxembourg,Diesel,LUX
2019,566.37,Luxembourg,Diesel,LUX
2019,553.55,Luxembourg,Diesel,LUX
2019,553.55,Luxembourg,Diesel,LUX
2019,610.81,Luxembourg,Diesel,LUX
2019,610.81,Luxembourg,Diesel,LUX
2019,621.92,Luxembourg,Diesel,LUX
2019,621.92,Luxembourg,Diesel,LUX
2019,621.92,Luxembourg,Diesel,LUX
2019,620.56,Luxembourg,Diesel,LUX
2019,606.88,Luxembourg,Diesel,LUX
2019,593.21,Luxembourg,Diesel,LUX
2019,593.21,Luxembourg,Diesel,LUX
2019,593.21,Luxembourg,Diesel,LUX
2019,606.03,Luxembourg,Diesel,LUX
2019,606.03,Luxembourg,Diesel,LUX
2019,606.03,Luxembourg,Diesel,LUX
2019,606.03,Luxembourg,Diesel,LUX
2019,588.08,Luxembourg,Diesel,LUX
2019,576.11,Luxembourg,Diesel,LUX
2019,576.11,Luxembourg,Diesel,LUX
2019,576.11,Luxembourg,Diesel,LUX
2019,576.11,Luxembourg,Diesel,LUX
2019,562.44,Luxembourg,Diesel,LUX
2019,545.34,Luxembourg,Diesel,LUX
2018,591.5,Luxembourg,Diesel,LUX
2018,591.5,Luxembourg,Diesel,LUX
2018,604.32,Luxembourg,Diesel,LUX
2018,621.41,Luxembourg,Diesel,LUX
2018,658.16,Luxembourg,Diesel,LUX
2018,658.16,Luxembourg,Diesel,LUX
2018,664.15,Luxembourg,Diesel,LUX
2018,664.15,Luxembourg,Diesel,LUX
2018,664.15,Luxembourg,Diesel,LUX
2018,676.97,Luxembourg,Diesel,LUX
2018,676.97,Luxembourg,Diesel,LUX
2018,650.47,Luxembourg,Diesel,LUX
2018,632.52,Luxembourg,Diesel,LUX
2018,643.63,Luxembourg,Diesel,LUX
2018,633.38,Luxembourg,Diesel,LUX
2018,633.38,Luxembourg,Diesel,LUX
2018,621.41,Luxembourg,Diesel,LUX
2018,621.41,Luxembourg,Diesel,LUX
2018,621.41,Luxembourg,Diesel,LUX
2018,609.44,Luxembourg,Diesel,LUX
2018,609.44,Luxembourg,Diesel,LUX
2018,609.44,Luxembourg,Diesel,LUX
2018,609.44,Luxembourg,Diesel,LUX
2018,626.54,Luxembourg,Diesel,LUX
2018,606.88,Luxembourg,Diesel,LUX
2018,619.7,Luxembourg,Diesel,LUX
2018,619.7,Luxembourg,Diesel,LUX
2018,619.7,Luxembourg,Diesel,LUX
2018,631.67,Luxembourg,Diesel,LUX
2018,631.67,Luxembourg,Diesel,LUX
2018,631.67,Luxembourg,Diesel,LUX
2018,612.86,Luxembourg,Diesel,LUX
2018,588.08,Luxembourg,Diesel,LUX
2018,588.08,Luxembourg,Diesel,LUX
2018,575.26,Luxembourg,Diesel,LUX
2018,575.26,Luxembourg,Diesel,LUX
2018,543.63,Luxembourg,Diesel,LUX
2018,543.63,Luxembourg,Diesel,LUX
2018,528.25,Luxembourg,Diesel,LUX
2018,528.25,Luxembourg,Diesel,LUX
2018,547.91,Luxembourg,Diesel,LUX
2018,532.52,Luxembourg,Diesel,LUX
2018,514.57,Luxembourg,Diesel,LUX
2018,534.23,Luxembourg,Diesel,LUX
2018,569.27,Luxembourg,Diesel,LUX
2018,569.27,Luxembourg,Diesel,LUX
2018,569.27,Luxembourg,Diesel,LUX
2018,569.27,Luxembourg,Diesel,LUX
2018,569.27,Luxembourg,Diesel,LUX
2018,569.27,Luxembourg,Diesel,LUX
2017,556.45,Luxembourg,Diesel,LUX
2017,543.63,Luxembourg,Diesel,LUX
2017,543.63,Luxembourg,Diesel,LUX
2017,543.63,Luxembourg,Diesel,LUX
2017,543.63,Luxembourg,Diesel,LUX
2017,556.45,Luxembourg,Diesel,LUX
2017,535.09,Luxembourg,Diesel,LUX
2017,535.09,Luxembourg,Diesel,LUX
2017,535.09,Luxembourg,Diesel,LUX
2017,522.26,Luxembourg,Diesel,LUX
2017,522.26,Luxembourg,Diesel,LUX
2017,535.94,Luxembourg,Diesel,LUX
2017,522.26,Luxembourg,Diesel,LUX
2017,506.88,Luxembourg,Diesel,LUX
2017,506.88,Luxembourg,Diesel,LUX
2017,488.08,Luxembourg,Diesel,LUX
2017,492.35,Luxembourg,Diesel,LUX
2017,492.35,Luxembourg,Diesel,LUX
2017,492.35,Luxembourg,Diesel,LUX
2017,492.35,Luxembourg,Diesel,LUX
2017,476.97,Luxembourg,Diesel,LUX
2017,476.97,Luxembourg,Diesel,LUX
2017,481.24,Luxembourg,Diesel,LUX
2017,481.24,Luxembourg,Diesel,LUX
2017,465,Luxembourg,Diesel,LUX
2017,465,Luxembourg,Diesel,LUX
2017,475.26,Luxembourg,Diesel,LUX
2017,475.26,Luxembourg,Diesel,LUX
2017,495.77,Luxembourg,Diesel,LUX
2017,495.77,Luxembourg,Diesel,LUX
2017,495.77,Luxembourg,Diesel,LUX
2017,482.09,Luxembourg,Diesel,LUX
2017,482.09,Luxembourg,Diesel,LUX
2017,504.32,Luxembourg,Diesel,LUX
2017,519.7,Luxembourg,Diesel,LUX
2017,519.7,Luxembourg,Diesel,LUX
2017,507.74,Luxembourg,Diesel,LUX
2017,507.74,Luxembourg,Diesel,LUX
2017,507.74,Luxembourg,Diesel,LUX
2017,526.54,Luxembourg,Diesel,LUX
2017,543.63,Luxembourg,Diesel,LUX
2017,543.63,Luxembourg,Diesel,LUX
2017,543.63,Luxembourg,Diesel,LUX
2017,533.38,Luxembourg,Diesel,LUX
2017,533.38,Luxembourg,Diesel,LUX
2017,533.38,Luxembourg,Diesel,LUX
2017,533.38,Luxembourg,Diesel,LUX
2017,543.63,Luxembourg,Diesel,LUX
2017,543.63,Luxembourg,Diesel,LUX
2017,543.63,Luxembourg,Diesel,LUX
2025,571.23,Latvia,Diesel,LVA
2025,814.85,Latvia,Diesel,LVA
2025,815.37,Latvia,Diesel,LVA
2025,803.55,Latvia,Diesel,LVA
2025,795.7,Latvia,Diesel,LVA
2025,835.09,Latvia,Diesel,LVA
2025,832.47,Latvia,Diesel,LVA
2025,811.54,Latvia,Diesel,LVA
2025,804.23,Latvia,Diesel,LVA
2024,775.5,Latvia,Diesel,LVA
2024,775.5,Latvia,Diesel,LVA
2024,775.5,Latvia,Diesel,LVA
2024,774.68,Latvia,Diesel,LVA
2024,777.84,Latvia,Diesel,LVA
2024,762.97,Latvia,Diesel,LVA
2024,698.5,Latvia,Diesel,LVA
2024,698.5,Latvia,Diesel,LVA
2024,753.19,Latvia,Diesel,LVA
2024,773.44,Latvia,Diesel,LVA
2024,1022.53,Latvia,Diesel,LVA
2024,751.45,Latvia,Diesel,LVA
2024,705.94,Latvia,Diesel,LVA
2024,698.5,Latvia,Diesel,LVA
2024,739.14,Latvia,Diesel,LVA
2024,729.63,Latvia,Diesel,LVA
2024,751.95,Latvia,Diesel,LVA
2024,768.34,Latvia,Diesel,LVA
2024,785.28,Latvia,Diesel,LVA
2024,804.51,Latvia,Diesel,LVA
2024,815.09,Latvia,Diesel,LVA
2024,827.84,Latvia,Diesel,LVA
2024,830.32,Latvia,Diesel,LVA
2024,846.3,Latvia,Diesel,LVA
2024,851.62,Latvia,Diesel,LVA
2024,861.59,Latvia,Diesel,LVA
2024,833.08,Latvia,Diesel,LVA
2024,804.01,Latvia,Diesel,LVA
2024,818.89,Latvia,Diesel,LVA
2024,799.88,Latvia,Diesel,LVA
2024,827.16,Latvia,Diesel,LVA
2024,830.87,Latvia,Diesel,LVA
2024,834.73,Latvia,Diesel,LVA
2024,856.49,Latvia,Diesel,LVA
2024,889.97,Latvia,Diesel,LVA
2024,893,Latvia,Diesel,LVA
2024,907.73,Latvia,Diesel,LVA
2024,908.15,Latvia,Diesel,LVA
2024,910.77,Latvia,Diesel,LVA
2024,887.49,Latvia,Diesel,LVA
2024,894.78,Latvia,Diesel,LVA
2024,889.97,Latvia,Diesel,LVA
2024,915.73,Latvia,Diesel,LVA
2024,916,Latvia,Diesel,LVA
2024,911.92,Latvia,Diesel,LVA
2024,911.92,Latvia,Diesel,LVA
2024,893.03,Latvia,Diesel,LVA
2024,872.61,Latvia,Diesel,LVA
2024,853.13,Latvia,Diesel,LVA
2024,846.52,Latvia,Diesel,LVA
2024,830.93,Latvia,Diesel,LVA
2024,837.54,Latvia,Diesel,LVA
2024,838.95,Latvia,Diesel,LVA
2023,838.95,Latvia,Diesel,LVA
2023,838.95,Latvia,Diesel,LVA
2023,856.42,Latvia,Diesel,LVA
2023,866.34,Latvia,Diesel,LVA
2023,867.76,Latvia,Diesel,LVA
2023,853,Latvia,Diesel,LVA
2023,926.91,Latvia,Diesel,LVA
2023,956.19,Latvia,Diesel,LVA
2023,958.67,Latvia,Diesel,LVA
2023,960.2,Latvia,Diesel,LVA
2023,961.38,Latvia,Diesel,LVA
2023,973.55,Latvia,Diesel,LVA
2023,969.53,Latvia,Diesel,LVA
2023,967.05,Latvia,Diesel,LVA
2023,949.55,Latvia,Diesel,LVA
2023,923.52,Latvia,Diesel,LVA
2023,909.47,Latvia,Diesel,LVA
2023,880.71,Latvia,Diesel,LVA
2023,873.69,Latvia,Diesel,LVA
2023,855.01,Latvia,Diesel,LVA
2023,780.27,Latvia,Diesel,LVA
2023,804.68,Latvia,Diesel,LVA
2023,752.2,Latvia,Diesel,LVA
2023,751.61,Latvia,Diesel,LVA
2023,710.85,Latvia,Diesel,LVA
2023,714.97,Latvia,Diesel,LVA
2023,721.93,Latvia,Diesel,LVA
2023,714.03,Latvia,Diesel,LVA
2023,702.45,Latvia,Diesel,LVA
2023,697.22,Latvia,Diesel,LVA
2023,719.54,Latvia,Diesel,LVA
2023,718.74,Latvia,Diesel,LVA
2023,710.41,Latvia,Diesel,LVA
2023,770.5,Latvia,Diesel,LVA
2023,792.68,Latvia,Diesel,LVA
2023,804.21,Latvia,Diesel,LVA
2023,814.85,Latvia,Diesel,LVA
2023,834,Latvia,Diesel,LVA
2023,858.93,Latvia,Diesel,LVA
2023,836.17,Latvia,Diesel,LVA
2023,880.38,Latvia,Diesel,LVA
2023,876.93,Latvia,Diesel,LVA
2023,881.26,Latvia,Diesel,LVA
2023,884.47,Latvia,Diesel,LVA
2023,932.94,Latvia,Diesel,LVA
2023,936.52,Latvia,Diesel,LVA
2023,965.45,Latvia,Diesel,LVA
2023,998.5,Latvia,Diesel,LVA
2023,974.4,Latvia,Diesel,LVA
2023,950.63,Latvia,Diesel,LVA
2023,952.36,Latvia,Diesel,LVA
2023,918.38,Latvia,Diesel,LVA
2022,927.95,Latvia,Diesel,LVA
2022,937.73,Latvia,Diesel,LVA
2022,974.7,Latvia,Diesel,LVA
2022,1018.09,Latvia,Diesel,LVA
2022,1068.91,Latvia,Diesel,LVA
2022,1118.91,Latvia,Diesel,LVA
2022,1168.5,Latvia,Diesel,LVA
2022,1189.16,Latvia,Diesel,LVA
2022,1202.52,Latvia,Diesel,LVA
2022,1192.19,Latvia,Diesel,LVA
2022,1166.06,Latvia,Diesel,LVA
2022,1076.34,Latvia,Diesel,LVA
2022,1024.14,Latvia,Diesel,LVA
2022,1026.71,Latvia,Diesel,LVA
2022,1059.7,Latvia,Diesel,LVA
2022,1087.71,Latvia,Diesel,LVA
2022,1092.09,Latvia,Diesel,LVA
2022,1071.96,Latvia,Diesel,LVA
2022,1026.89,Latvia,Diesel,LVA
2022,1039.74,Latvia,Diesel,LVA
2022,1076.52,Latvia,Diesel,LVA
2022,1107.21,Latvia,Diesel,LVA
2022,1137.33,Latvia,Diesel,LVA
2022,1172.17,Latvia,Diesel,LVA
2022,1219.81,Latvia,Diesel,LVA
2022,1273.87,Latvia,Diesel,LVA
2022,1311.72,Latvia,Diesel,LVA
2022,1282.28,Latvia,Diesel,LVA
2022,1223.33,Latvia,Diesel,LVA
2022,1175.46,Latvia,Diesel,LVA
2022,1098.95,Latvia,Diesel,LVA
2022,1122.5,Latvia,Diesel,LVA
2022,1136.27,Latvia,Diesel,LVA
2022,1140.86,Latvia,Diesel,LVA
2022,1115.33,Latvia,Diesel,LVA
2022,1075.52,Latvia,Diesel,LVA
2022,1065.52,Latvia,Diesel,LVA
2022,1090.03,Latvia,Diesel,LVA
2022,1083.42,Latvia,Diesel,LVA
2022,1002.38,Latvia,Diesel,LVA
2022,1071.23,Latvia,Diesel,LVA
2022,894.95,Latvia,Diesel,LVA
2022,789.44,Latvia,Diesel,LVA
2022,761.34,Latvia,Diesel,LVA
2022,743.57,Latvia,Diesel,LVA
2022,733.1,Latvia,Diesel,LVA
2022,713.13,Latvia,Diesel,LVA
2022,688.48,Latvia,Diesel,LVA
2022,673.89,Latvia,Diesel,LVA
2022,657.24,Latvia,Diesel,LVA
2022,643.38,Latvia,Diesel,LVA
2021,651.92,Latvia,Diesel,LVA
2021,667.16,Latvia,Diesel,LVA
2021,684.3,Latvia,Diesel,LVA
2021,707.82,Latvia,Diesel,LVA
2021,727.82,Latvia,Diesel,LVA
2021,728.5,Latvia,Diesel,LVA
2021,733.87,Latvia,Diesel,LVA
2021,734.15,Latvia,Diesel,LVA
2021,723.23,Latvia,Diesel,LVA
2021,698.99,Latvia,Diesel,LVA
2021,654.21,Latvia,Diesel,LVA
2021,637.57,Latvia,Diesel,LVA
2021,616.06,Latvia,Diesel,LVA
2021,597.46,Latvia,Diesel,LVA
2021,590.92,Latvia,Diesel,LVA
2021,584.98,Latvia,Diesel,LVA
2021,584.98,Latvia,Diesel,LVA
2021,590.45,Latvia,Diesel,LVA
2021,595.15,Latvia,Diesel,LVA
2021,592.18,Latvia,Diesel,LVA
2021,588.01,Latvia,Diesel,LVA
2021,598.62,Latvia,Diesel,LVA
2021,588.97,Latvia,Diesel,LVA
2021,594.9,Latvia,Diesel,LVA
2021,596.55,Latvia,Diesel,LVA
2021,583.46,Latvia,Diesel,LVA
2021,582.09,Latvia,Diesel,LVA
2021,572.44,Latvia,Diesel,LVA
2021,571.06,Latvia,Diesel,LVA
2021,570.11,Latvia,Diesel,LVA
2021,571.62,Latvia,Diesel,LVA
2021,565.97,Latvia,Diesel,LVA
2021,559.08,Latvia,Diesel,LVA
2021,554.54,Latvia,Diesel,LVA
2021,554.54,Latvia,Diesel,LVA
2021,554.95,Latvia,Diesel,LVA
2021,552.2,Latvia,Diesel,LVA
2021,545.58,Latvia,Diesel,LVA
2021,544.9,Latvia,Diesel,LVA
2021,546.27,Latvia,Diesel,LVA
2021,540.77,Latvia,Diesel,LVA
2021,536.63,Latvia,Diesel,LVA
2021,533.87,Latvia,Diesel,LVA
2021,526.99,Latvia,Diesel,LVA
2021,504.26,Latvia,Diesel,LVA
2021,487.32,Latvia,Diesel,LVA
2021,474.57,Latvia,Diesel,LVA
2021,460.8,Latvia,Diesel,LVA
2021,444.27,Latvia,Diesel,LVA
2020,428.42,Latvia,Diesel,LVA
2020,413.96,Latvia,Diesel,LVA
2020,396.47,Latvia,Diesel,LVA
2020,379.53,Latvia,Diesel,LVA
2020,378.81,Latvia,Diesel,LVA
2020,383.38,Latvia,Diesel,LVA
2020,384.76,Latvia,Diesel,LVA
2020,388.9,Latvia,Diesel,LVA
2020,393.71,Latvia,Diesel,LVA
2020,397.16,Latvia,Diesel,LVA
2020,397.85,Latvia,Diesel,LVA
2020,402.26,Latvia,Diesel,LVA
2020,410.24,Latvia,Diesel,LVA
2020,413.96,Latvia,Diesel,LVA
2020,424.71,Latvia,Diesel,LVA
2020,432.28,Latvia,Diesel,LVA
2020,433.66,Latvia,Diesel,LVA
2020,430.9,Latvia,Diesel,LVA
2020,429.53,Latvia,Diesel,LVA
2020,436.42,Latvia,Diesel,LVA
2020,423.33,Latvia,Diesel,LVA
2020,448.4,Latvia,Diesel,LVA
2020,447.71,Latvia,Diesel,LVA
2020,435.32,Latvia,Diesel,LVA
2020,429.12,Latvia,Diesel,LVA
2020,449.09,Latvia,Diesel,LVA
2020,409.83,Latvia,Diesel,LVA
2020,409.83,Latvia,Diesel,LVA
2020,398.81,Latvia,Diesel,LVA
2020,379.53,Latvia,Diesel,LVA
2020,348.95,Latvia,Diesel,LVA
2020,316.85,Latvia,Diesel,LVA
2020,322.37,Latvia,Diesel,LVA
2020,329.95,Latvia,Diesel,LVA
2020,334.9,Latvia,Diesel,LVA
2020,333.38,Latvia,Diesel,LVA
2020,352.39,Latvia,Diesel,LVA
2020,419.75,Latvia,Diesel,LVA
2020,474.52,Latvia,Diesel,LVA
2020,496.17,Latvia,Diesel,LVA
2020,534.35,Latvia,Diesel,LVA
2020,546.25,Latvia,Diesel,LVA
2020,548.67,Latvia,Diesel,LVA
2020,536,Latvia,Diesel,LVA
2020,585.45,Latvia,Diesel,LVA
2020,618.79,Latvia,Diesel,LVA
2020,624.43,Latvia,Diesel,LVA
2020,603.77,Latvia,Diesel,LVA
2020,623.19,Latvia,Diesel,LVA
2020,619.33,Latvia,Diesel,LVA
2019,612.03,Latvia,Diesel,LVA
2019,602.52,Latvia,Diesel,LVA
2019,604.86,Latvia,Diesel,LVA
2019,605,Latvia,Diesel,LVA
2019,601.28,Latvia,Diesel,LVA
2019,604.04,Latvia,Diesel,LVA
2019,607.07,Latvia,Diesel,LVA
2019,608.58,Latvia,Diesel,LVA
2019,612.3,Latvia,Diesel,LVA
2019,616.43,Latvia,Diesel,LVA
2019,602.65,Latvia,Diesel,LVA
2019,601.56,Latvia,Diesel,LVA
2019,598.87,Latvia,Diesel,LVA
2019,596.29,Latvia,Diesel,LVA
2019,594.24,Latvia,Diesel,LVA
2019,597.25,Latvia,Diesel,LVA
2019,597.3,Latvia,Diesel,LVA
2019,598.2,Latvia,Diesel,LVA
2019,598.51,Latvia,Diesel,LVA
2019,597.38,Latvia,Diesel,LVA
2019,597.06,Latvia,Diesel,LVA
2019,597.16,Latvia,Diesel,LVA
2019,595.31,Latvia,Diesel,LVA
2019,596.38,Latvia,Diesel,LVA
2019,596.91,Latvia,Diesel,LVA
2019,597.99,Latvia,Diesel,LVA
2019,613.1,Latvia,Diesel,LVA
2019,619.57,Latvia,Diesel,LVA
2019,647.38,Latvia,Diesel,LVA
2019,647.58,Latvia,Diesel,LVA
2019,647.38,Latvia,Diesel,LVA
2019,648.92,Latvia,Diesel,LVA
2019,640.92,Latvia,Diesel,LVA
2019,636.09,Latvia,Diesel,LVA
2019,618.35,Latvia,Diesel,LVA
2019,610.49,Latvia,Diesel,LVA
2019,610.39,Latvia,Diesel,LVA
2019,608.74,Latvia,Diesel,LVA
2019,609,Latvia,Diesel,LVA
2019,609.8,Latvia,Diesel,LVA
2019,605.07,Latvia,Diesel,LVA
2019,596.81,Latvia,Diesel,LVA
2019,587.41,Latvia,Diesel,LVA
2019,580.59,Latvia,Diesel,LVA
2019,579.35,Latvia,Diesel,LVA
2019,580.33,Latvia,Diesel,LVA
2019,579.27,Latvia,Diesel,LVA
2019,580.42,Latvia,Diesel,LVA
2019,595.05,Latvia,Diesel,LVA
2018,612.78,Latvia,Diesel,LVA
2018,623.43,Latvia,Diesel,LVA
2018,638.87,Latvia,Diesel,LVA
2018,651.32,Latvia,Diesel,LVA
2018,651.52,Latvia,Diesel,LVA
2018,670.12,Latvia,Diesel,LVA
2018,670.34,Latvia,Diesel,LVA
2018,668.44,Latvia,Diesel,LVA
2018,667.76,Latvia,Diesel,LVA
2018,660.18,Latvia,Diesel,LVA
2018,643.15,Latvia,Diesel,LVA
2018,628.64,Latvia,Diesel,LVA
2018,628.38,Latvia,Diesel,LVA
2018,628.19,Latvia,Diesel,LVA
2018,620.85,Latvia,Diesel,LVA
2018,618.37,Latvia,Diesel,LVA
2018,617.3,Latvia,Diesel,LVA
2018,618.71,Latvia,Diesel,LVA
2018,615.89,Latvia,Diesel,LVA
2018,615.06,Latvia,Diesel,LVA
2018,620.69,Latvia,Diesel,LVA
2018,621.62,Latvia,Diesel,LVA
2018,622.46,Latvia,Diesel,LVA
2018,622.46,Latvia,Diesel,LVA
2018,620.51,Latvia,Diesel,LVA
2018,621.92,Latvia,Diesel,LVA
2018,624.41,Latvia,Diesel,LVA
2018,624.79,Latvia,Diesel,LVA
2018,612.57,Latvia,Diesel,LVA
2018,612.58,Latvia,Diesel,LVA
2018,588.96,Latvia,Diesel,LVA
2018,574.71,Latvia,Diesel,LVA
2018,567.64,Latvia,Diesel,LVA
2018,567.28,Latvia,Diesel,LVA
2018,559.99,Latvia,Diesel,LVA
2018,560.04,Latvia,Diesel,LVA
2018,560.07,Latvia,Diesel,LVA
2018,553.57,Latvia,Diesel,LVA
2018,560.99,Latvia,Diesel,LVA
2018,560.76,Latvia,Diesel,LVA
2018,559.75,Latvia,Diesel,LVA
2018,558.29,Latvia,Diesel,LVA
2018,558.19,Latvia,Diesel,LVA
2018,559.88,Latvia,Diesel,LVA
2018,562.49,Latvia,Diesel,LVA
2018,558.67,Latvia,Diesel,LVA
2018,558.93,Latvia,Diesel,LVA
2018,556.76,Latvia,Diesel,LVA
2018,551.38,Latvia,Diesel,LVA
2018,523.58,Latvia,Diesel,LVA
2017,554.58,Latvia,Diesel,LVA
2017,558.33,Latvia,Diesel,LVA
2017,554.39,Latvia,Diesel,LVA
2017,552.12,Latvia,Diesel,LVA
2017,548.34,Latvia,Diesel,LVA
2017,544.86,Latvia,Diesel,LVA
2017,534.11,Latvia,Diesel,LVA
2017,527.16,Latvia,Diesel,LVA
2017,527.48,Latvia,Diesel,LVA
2017,525.6,Latvia,Diesel,LVA
2017,521.55,Latvia,Diesel,LVA
2017,508,Latvia,Diesel,LVA
2017,503.41,Latvia,Diesel,LVA
2017,494.87,Latvia,Diesel,LVA
2017,480.64,Latvia,Diesel,LVA
2017,466.05,Latvia,Diesel,LVA
2017,464.44,Latvia,Diesel,LVA
2017,455.16,Latvia,Diesel,LVA
2017,459.52,Latvia,Diesel,LVA
2017,445.79,Latvia,Diesel,LVA
2017,444.69,Latvia,Diesel,LVA
2017,447.24,Latvia,Diesel,LVA
2017,462.01,Latvia,Diesel,LVA
2017,464.44,Latvia,Diesel,LVA
2017,464.93,Latvia,Diesel,LVA
2017,476.01,Latvia,Diesel,LVA
2017,483.8,Latvia,Diesel,LVA
2017,487.29,Latvia,Diesel,LVA
2017,497.86,Latvia,Diesel,LVA
2017,496.02,Latvia,Diesel,LVA
2017,499.28,Latvia,Diesel,LVA
2017,506.08,Latvia,Diesel,LVA
2017,530.08,Latvia,Diesel,LVA
2017,527.11,Latvia,Diesel,LVA
2017,527.89,Latvia,Diesel,LVA
2017,516.82,Latvia,Diesel,LVA
2017,518.61,Latvia,Diesel,LVA
2017,535.23,Latvia,Diesel,LVA
2017,546.16,Latvia,Diesel,LVA
2017,554.05,Latvia,Diesel,LVA
2017,554.05,Latvia,Diesel,LVA
2017,553.6,Latvia,Diesel,LVA
2017,553.61,Latvia,Diesel,LVA
2017,554.61,Latvia,Diesel,LVA
2017,555.16,Latvia,Diesel,LVA
2017,554.34,Latvia,Diesel,LVA
2017,562.55,Latvia,Diesel,LVA
2017,562.6,Latvia,Diesel,LVA
2017,554.53,Latvia,Diesel,LVA
2017,545.33,Latvia,Diesel,LVA
2025,553.02,Malta,Diesel,MLT
2025,553.02,Malta,Diesel,MLT
2025,553.02,Malta,Diesel,MLT
2025,553.02,Malta,Diesel,MLT
2025,553.02,Malta,Diesel,MLT
2025,553.02,Malta,Diesel,MLT
2025,553.02,Malta,Diesel,MLT
2025,553.02,Malta,Diesel,MLT
2025,553.02,Malta,Diesel,MLT
2024,553.02,Malta,Diesel,MLT
2024,553.02,Malta,Diesel,MLT
2024,553.02,Malta,Diesel,MLT
2024,553.02,Malta,Diesel,MLT
2024,553.02,Malta,Diesel,MLT
2024,553.02,Malta,Diesel,MLT
2024,553.02,Malta,Diesel,MLT
2024,553.02,Malta,Diesel,MLT
2024,553.02,Malta,Diesel,MLT
2024,553.02,Malta,Diesel,MLT
2024,553.02,Malta,Diesel,MLT
2024,553.02,Malta,Diesel,MLT
2024,553.02,Malta,Diesel,MLT
2024,553.02,Malta,Diesel,MLT
2024,553.02,Malta,Diesel,MLT
2024,553.02,Malta,Diesel,MLT
2024,553.02,Malta,Diesel,MLT
2024,553.02,Malta,Diesel,MLT
2024,553.02,Malta,Diesel,MLT
2024,553.02,Malta,Diesel,MLT
2024,553.02,Malta,Diesel,MLT
2024,553.02,Malta,Diesel,MLT
2024,553.02,Malta,Diesel,MLT
2024,553.02,Malta,Diesel,MLT
2024,553.02,Malta,Diesel,MLT
2024,553.02,Malta,Diesel,MLT
2024,553.02,Malta,Diesel,MLT
2024,553.02,Malta,Diesel,MLT
2024,553.02,Malta,Diesel,MLT
2024,553.02,Malta,Diesel,MLT
2024,553.02,Malta,Diesel,MLT
2024,553.02,Malta,Diesel,MLT
2024,553.02,Malta,Diesel,MLT
2024,553.02,Malta,Diesel,MLT
2024,553.02,Malta,Diesel,MLT
2024,553.02,Malta,Diesel,MLT
2024,553.02,Malta,Diesel,MLT
2024,553.02,Malta,Diesel,MLT
2024,553.02,Malta,Diesel,MLT
2024,553.02,Malta,Diesel,MLT
2024,553.02,Malta,Diesel,MLT
2024,553.02,Malta,Diesel,MLT
2024,553.02,Malta,Diesel,MLT
2024,553.02,Malta,Diesel,MLT
2024,553.02,Malta,Diesel,MLT
2024,553.02,Malta,Diesel,MLT
2024,553.02,Malta,Diesel,MLT
2024,553.02,Malta,Diesel,MLT
2024,553.02,Malta,Diesel,MLT
2024,553.02,Malta,Diesel,MLT
2024,553.02,Malta,Diesel,MLT
2024,553.02,Malta,Diesel,MLT
2024,553.02,Malta,Diesel,MLT
2023,553.02,Malta,Diesel,MLT
2023,553.02,Malta,Diesel,MLT
2023,553.02,Malta,Diesel,MLT
2023,553.02,Malta,Diesel,MLT
2023,553.02,Malta,Diesel,MLT
2023,553.02,Malta,Diesel,MLT
2023,553.02,Malta,Diesel,MLT
2023,553.02,Malta,Diesel,MLT
2023,553.02,Malta,Diesel,MLT
2023,553.02,Malta,Diesel,MLT
2023,553.02,Malta,Diesel,MLT
2023,553.02,Malta,Diesel,MLT
2023,553.02,Malta,Diesel,MLT
2023,553.02,Malta,Diesel,MLT
2023,553.02,Malta,Diesel,MLT
2023,553.02,Malta,Diesel,MLT
2023,553.02,Malta,Diesel,MLT
2023,553.02,Malta,Diesel,MLT
2023,553.02,Malta,Diesel,MLT
2023,553.02,Malta,Diesel,MLT
2023,553.02,Malta,Diesel,MLT
2023,553.02,Malta,Diesel,MLT
2023,553.02,Malta,Diesel,MLT
2023,553.02,Malta,Diesel,MLT
2023,553.02,Malta,Diesel,MLT
2023,553.02,Malta,Diesel,MLT
2023,553.02,Malta,Diesel,MLT
2023,553.02,Malta,Diesel,MLT
2023,553.02,Malta,Diesel,MLT
2023,553.02,Malta,Diesel,MLT
2023,553.02,Malta,Diesel,MLT
2023,553.02,Malta,Diesel,MLT
2023,553.02,Malta,Diesel,MLT
2023,553.02,Malta,Diesel,MLT
2023,553.02,Malta,Diesel,MLT
2023,553.02,Malta,Diesel,MLT
2023,553.02,Malta,Diesel,MLT
2023,553.02,Malta,Diesel,MLT
2023,553.02,Malta,Diesel,MLT
2023,553.02,Malta,Diesel,MLT
2023,553.02,Malta,Diesel,MLT
2023,553.02,Malta,Diesel,MLT
2023,553.02,Malta,Diesel,MLT
2023,553.02,Malta,Diesel,MLT
2023,553.02,Malta,Diesel,MLT
2023,553.02,Malta,Diesel,MLT
2023,553.02,Malta,Diesel,MLT
2023,553.02,Malta,Diesel,MLT
2023,553.02,Malta,Diesel,MLT
2023,553.02,Malta,Diesel,MLT
2023,553.02,Malta,Diesel,MLT
2023,553.02,Malta,Diesel,MLT
2022,553.02,Malta,Diesel,MLT
2022,553.02,Malta,Diesel,MLT
2022,553.02,Malta,Diesel,MLT
2022,553.02,Malta,Diesel,MLT
2022,553.02,Malta,Diesel,MLT
2022,553.02,Malta,Diesel,MLT
2022,553.02,Malta,Diesel,MLT
2022,553.02,Malta,Diesel,MLT
2022,553.02,Malta,Diesel,MLT
2022,553.02,Malta,Diesel,MLT
2022,553.02,Malta,Diesel,MLT
2022,553.02,Malta,Diesel,MLT
2022,553.02,Malta,Diesel,MLT
2022,553.02,Malta,Diesel,MLT
2022,553.02,Malta,Diesel,MLT
2022,553.02,Malta,Diesel,MLT
2022,553.02,Malta,Diesel,MLT
2022,553.02,Malta,Diesel,MLT
2022,553.02,Malta,Diesel,MLT
2022,553.02,Malta,Diesel,MLT
2022,553.02,Malta,Diesel,MLT
2022,553.02,Malta,Diesel,MLT
2022,553.02,Malta,Diesel,MLT
2022,553.02,Malta,Diesel,MLT
2022,553.02,Malta,Diesel,MLT
2022,553.02,Malta,Diesel,MLT
2022,553.02,Malta,Diesel,MLT
2022,553.02,Malta,Diesel,MLT
2022,553.02,Malta,Diesel,MLT
2022,553.02,Malta,Diesel,MLT
2022,553.02,Malta,Diesel,MLT
2022,553.02,Malta,Diesel,MLT
2022,553.02,Malta,Diesel,MLT
2022,553.02,Malta,Diesel,MLT
2022,553.02,Malta,Diesel,MLT
2022,553.02,Malta,Diesel,MLT
2022,553.02,Malta,Diesel,MLT
2022,553.02,Malta,Diesel,MLT
2022,553.02,Malta,Diesel,MLT
2022,553.02,Malta,Diesel,MLT
2022,553.02,Malta,Diesel,MLT
2022,553.02,Malta,Diesel,MLT
2022,553.02,Malta,Diesel,MLT
2022,553.02,Malta,Diesel,MLT
2022,553.02,Malta,Diesel,MLT
2022,553.02,Malta,Diesel,MLT
2022,553.02,Malta,Diesel,MLT
2022,553.02,Malta,Diesel,MLT
2022,553.02,Malta,Diesel,MLT
2022,553.02,Malta,Diesel,MLT
2022,553.02,Malta,Diesel,MLT
2021,553.02,Malta,Diesel,MLT
2021,553.02,Malta,Diesel,MLT
2021,553.02,Malta,Diesel,MLT
2021,553.02,Malta,Diesel,MLT
2021,553.02,Malta,Diesel,MLT
2021,553.02,Malta,Diesel,MLT
2021,553.02,Malta,Diesel,MLT
2021,553.02,Malta,Diesel,MLT
2021,553.02,Malta,Diesel,MLT
2021,553.02,Malta,Diesel,MLT
2021,553.02,Malta,Diesel,MLT
2021,553.02,Malta,Diesel,MLT
2021,553.02,Malta,Diesel,MLT
2021,553.02,Malta,Diesel,MLT
2021,553.02,Malta,Diesel,MLT
2021,553.02,Malta,Diesel,MLT
2021,553.02,Malta,Diesel,MLT
2021,553.02,Malta,Diesel,MLT
2021,553.02,Malta,Diesel,MLT
2021,553.02,Malta,Diesel,MLT
2021,553.02,Malta,Diesel,MLT
2021,553.02,Malta,Diesel,MLT
2021,553.02,Malta,Diesel,MLT
2021,553.02,Malta,Diesel,MLT
2021,553.02,Malta,Diesel,MLT
2021,553.02,Malta,Diesel,MLT
2021,553.02,Malta,Diesel,MLT
2021,553.02,Malta,Diesel,MLT
2021,553.02,Malta,Diesel,MLT
2021,553.02,Malta,Diesel,MLT
2021,553.02,Malta,Diesel,MLT
2021,553.02,Malta,Diesel,MLT
2021,553.02,Malta,Diesel,MLT
2021,553.02,Malta,Diesel,MLT
2021,553.02,Malta,Diesel,MLT
2021,553.02,Malta,Diesel,MLT
2021,553.02,Malta,Diesel,MLT
2021,553.02,Malta,Diesel,MLT
2021,553.02,Malta,Diesel,MLT
2021,553.02,Malta,Diesel,MLT
2021,553.02,Malta,Diesel,MLT
2021,553.02,Malta,Diesel,MLT
2021,553.02,Malta,Diesel,MLT
2021,553.02,Malta,Diesel,MLT
2021,553.02,Malta,Diesel,MLT
2021,553.02,Malta,Diesel,MLT
2021,553.02,Malta,Diesel,MLT
2021,553.02,Malta,Diesel,MLT
2021,553.02,Malta,Diesel,MLT
2020,553.02,Malta,Diesel,MLT
2020,553.02,Malta,Diesel,MLT
2020,553.02,Malta,Diesel,MLT
2020,553.02,Malta,Diesel,MLT
2020,553.02,Malta,Diesel,MLT
2020,553.02,Malta,Diesel,MLT
2020,553.02,Malta,Diesel,MLT
2020,553.02,Malta,Diesel,MLT
2020,553.02,Malta,Diesel,MLT
2020,553.02,Malta,Diesel,MLT
2020,553.02,Malta,Diesel,MLT
2020,553.02,Malta,Diesel,MLT
2020,553.02,Malta,Diesel,MLT
2020,553.02,Malta,Diesel,MLT
2020,553.02,Malta,Diesel,MLT
2020,553.02,Malta,Diesel,MLT
2020,553.02,Malta,Diesel,MLT
2020,553.02,Malta,Diesel,MLT
2020,553.02,Malta,Diesel,MLT
2020,553.02,Malta,Diesel,MLT
2020,553.02,Malta,Diesel,MLT
2020,553.02,Malta,Diesel,MLT
2020,553.02,Malta,Diesel,MLT
2020,553.02,Malta,Diesel,MLT
2020,553.02,Malta,Diesel,MLT
2020,553.02,Malta,Diesel,MLT
2020,553.02,Malta,Diesel,MLT
2020,553.02,Malta,Diesel,MLT
2020,612.35,Malta,Diesel,MLT
2020,612.35,Malta,Diesel,MLT
2020,612.35,Malta,Diesel,MLT
2020,612.35,Malta,Diesel,MLT
2020,612.35,Malta,Diesel,MLT
2020,612.35,Malta,Diesel,MLT
2020,612.35,Malta,Diesel,MLT
2020,612.35,Malta,Diesel,MLT
2020,612.35,Malta,Diesel,MLT
2020,612.35,Malta,Diesel,MLT
2020,612.35,Malta,Diesel,MLT
2020,612.35,Malta,Diesel,MLT
2020,612.35,Malta,Diesel,MLT
2020,612.35,Malta,Diesel,MLT
2020,612.35,Malta,Diesel,MLT
2020,612.35,Malta,Diesel,MLT
2020,612.35,Malta,Diesel,MLT
2020,612.35,Malta,Diesel,MLT
2020,612.35,Malta,Diesel,MLT
2020,612.35,Malta,Diesel,MLT
2020,612.35,Malta,Diesel,MLT
2020,612.35,Malta,Diesel,MLT
2019,612.35,Malta,Diesel,MLT
2019,612.35,Malta,Diesel,MLT
2019,612.35,Malta,Diesel,MLT
2019,612.35,Malta,Diesel,MLT
2019,612.35,Malta,Diesel,MLT
2019,612.35,Malta,Diesel,MLT
2019,612.35,Malta,Diesel,MLT
2019,612.35,Malta,Diesel,MLT
2019,612.35,Malta,Diesel,MLT
2019,612.35,Malta,Diesel,MLT
2019,612.35,Malta,Diesel,MLT
2019,612.35,Malta,Diesel,MLT
2019,612.35,Malta,Diesel,MLT
2019,612.35,Malta,Diesel,MLT
2019,612.35,Malta,Diesel,MLT
2019,612.35,Malta,Diesel,MLT
2019,612.35,Malta,Diesel,MLT
2019,612.35,Malta,Diesel,MLT
2019,612.35,Malta,Diesel,MLT
2019,612.35,Malta,Diesel,MLT
2019,569.97,Malta,Diesel,MLT
2019,569.97,Malta,Diesel,MLT
2019,569.97,Malta,Diesel,MLT
2019,569.97,Malta,Diesel,MLT
2019,569.97,Malta,Diesel,MLT
2019,569.97,Malta,Diesel,MLT
2019,569.97,Malta,Diesel,MLT
2019,569.97,Malta,Diesel,MLT
2019,569.97,Malta,Diesel,MLT
2019,569.97,Malta,Diesel,MLT
2019,569.97,Malta,Diesel,MLT
2019,569.97,Malta,Diesel,MLT
2019,569.97,Malta,Diesel,MLT
2019,569.97,Malta,Diesel,MLT
2019,569.97,Malta,Diesel,MLT
2019,569.97,Malta,Diesel,MLT
2019,569.97,Malta,Diesel,MLT
2019,569.97,Malta,Diesel,MLT
2019,569.97,Malta,Diesel,MLT
2019,569.97,Malta,Diesel,MLT
2019,569.97,Malta,Diesel,MLT
2019,569.97,Malta,Diesel,MLT
2019,569.97,Malta,Diesel,MLT
2019,569.97,Malta,Diesel,MLT
2019,569.97,Malta,Diesel,MLT
2019,569.97,Malta,Diesel,MLT
2019,569.97,Malta,Diesel,MLT
2019,569.97,Malta,Diesel,MLT
2019,569.97,Malta,Diesel,MLT
2018,569.97,Malta,Diesel,MLT
2018,569.97,Malta,Diesel,MLT
2018,569.97,Malta,Diesel,MLT
2018,569.97,Malta,Diesel,MLT
2018,569.97,Malta,Diesel,MLT
2018,569.97,Malta,Diesel,MLT
2018,569.97,Malta,Diesel,MLT
2018,569.97,Malta,Diesel,MLT
2018,569.97,Malta,Diesel,MLT
2018,569.97,Malta,Diesel,MLT
2018,569.97,Malta,Diesel,MLT
2018,569.97,Malta,Diesel,MLT
2018,569.97,Malta,Diesel,MLT
2018,569.97,Malta,Diesel,MLT
2018,569.97,Malta,Diesel,MLT
2018,569.97,Malta,Diesel,MLT
2018,569.97,Malta,Diesel,MLT
2018,569.97,Malta,Diesel,MLT
2018,569.97,Malta,Diesel,MLT
2018,569.97,Malta,Diesel,MLT
2018,527.6,Malta,Diesel,MLT
2018,527.6,Malta,Diesel,MLT
2018,527.6,Malta,Diesel,MLT
2018,527.6,Malta,Diesel,MLT
2018,527.6,Malta,Diesel,MLT
2018,527.6,Malta,Diesel,MLT
2018,527.6,Malta,Diesel,MLT
2018,527.6,Malta,Diesel,MLT
2018,527.6,Malta,Diesel,MLT
2018,527.6,Malta,Diesel,MLT
2018,527.6,Malta,Diesel,MLT
2018,527.6,Malta,Diesel,MLT
2018,527.6,Malta,Diesel,MLT
2018,527.6,Malta,Diesel,MLT
2018,527.6,Malta,Diesel,MLT
2018,527.6,Malta,Diesel,MLT
2018,527.6,Malta,Diesel,MLT
2018,527.6,Malta,Diesel,MLT
2018,527.6,Malta,Diesel,MLT
2018,527.6,Malta,Diesel,MLT
2018,527.6,Malta,Diesel,MLT
2018,527.6,Malta,Diesel,MLT
2018,527.6,Malta,Diesel,MLT
2018,527.6,Malta,Diesel,MLT
2018,527.6,Malta,Diesel,MLT
2018,527.6,Malta,Diesel,MLT
2018,527.6,Malta,Diesel,MLT
2018,527.6,Malta,Diesel,MLT
2018,527.6,Malta,Diesel,MLT
2018,527.6,Malta,Diesel,MLT
2017,527.6,Malta,Diesel,MLT
2017,527.6,Malta,Diesel,MLT
2017,527.6,Malta,Diesel,MLT
2017,527.6,Malta,Diesel,MLT
2017,527.6,Malta,Diesel,MLT
2017,527.6,Malta,Diesel,MLT
2017,527.6,Malta,Diesel,MLT
2017,527.6,Malta,Diesel,MLT
2017,527.6,Malta,Diesel,MLT
2017,527.6,Malta,Diesel,MLT
2017,527.6,Malta,Diesel,MLT
2017,527.6,Malta,Diesel,MLT
2017,527.6,Malta,Diesel,MLT
2017,527.6,Malta,Diesel,MLT
2017,527.6,Malta,Diesel,MLT
2017,527.6,Malta,Diesel,MLT
2017,527.6,Malta,Diesel,MLT
2017,527.6,Malta,Diesel,MLT
2017,527.6,Malta,Diesel,MLT
2017,527.6,Malta,Diesel,MLT
2017,527.6,Malta,Diesel,MLT
2017,527.6,Malta,Diesel,MLT
2017,527.6,Malta,Diesel,MLT
2017,527.6,Malta,Diesel,MLT
2017,527.6,Malta,Diesel,MLT
2017,527.6,Malta,Diesel,MLT
2017,527.6,Malta,Diesel,MLT
2017,527.6,Malta,Diesel,MLT
2017,527.6,Malta,Diesel,MLT
2017,527.6,Malta,Diesel,MLT
2017,527.6,Malta,Diesel,MLT
2017,527.6,Malta,Diesel,MLT
2017,527.6,Malta,Diesel,MLT
2017,527.6,Malta,Diesel,MLT
2017,527.6,Malta,Diesel,MLT
2017,527.6,Malta,Diesel,MLT
2017,527.6,Malta,Diesel,MLT
2017,527.6,Malta,Diesel,MLT
2017,527.6,Malta,Diesel,MLT
2017,527.6,Malta,Diesel,MLT
2017,527.6,Malta,Diesel,MLT
2017,527.6,Malta,Diesel,MLT
2017,527.6,Malta,Diesel,MLT
2017,527.6,Malta,Diesel,MLT
2017,527.6,Malta,Diesel,MLT
2017,527.6,Malta,Diesel,MLT
2017,527.6,Malta,Diesel,MLT
2017,527.6,Malta,Diesel,MLT
2017,527.6,Malta,Diesel,MLT
2017,527.6,Malta,Diesel,MLT
2025,906.33,Netherlands,Diesel,NLD
2025,917.07,Netherlands,Diesel,NLD
2025,917.07,Netherlands,Diesel,NLD
2025,917.07,Netherlands,Diesel,NLD
2025,922.03,Netherlands,Diesel,NLD
2025,936.08,Netherlands,Diesel,NLD
2025,949.3,Netherlands,Diesel,NLD
2025,917.9,Netherlands,Diesel,NLD
2025,909.63,Netherlands,Diesel,NLD
2024,896.41,Netherlands,Diesel,NLD
2024,901.37,Netherlands,Diesel,NLD
2024,903.85,Netherlands,Diesel,NLD
2024,905.5,Netherlands,Diesel,NLD
2024,920.38,Netherlands,Diesel,NLD
2024,941.04,Netherlands,Diesel,NLD
2024,915.42,Netherlands,Diesel,NLD
2024,868.31,Netherlands,Diesel,NLD
2024,843.52,Netherlands,Diesel,NLD
2024,847.65,Netherlands,Diesel,NLD
2024,840.21,Netherlands,Diesel,NLD
2024,844.35,Netherlands,Diesel,NLD
2024,819.55,Netherlands,Diesel,NLD
2024,788.97,Netherlands,Diesel,NLD
2024,798.06,Netherlands,Diesel,NLD
2024,803.02,Netherlands,Diesel,NLD
2024,817.9,Netherlands,Diesel,NLD
2024,831.12,Netherlands,Diesel,NLD
2024,838.56,Netherlands,Diesel,NLD
2024,861.7,Netherlands,Diesel,NLD
2024,870.79,Netherlands,Diesel,NLD
2024,884.84,Netherlands,Diesel,NLD
2024,892.28,Netherlands,Diesel,NLD
2024,903.02,Netherlands,Diesel,NLD
2024,912.11,Netherlands,Diesel,NLD
2024,926.16,Netherlands,Diesel,NLD
2024,921.2,Netherlands,Diesel,NLD
2024,906.33,Netherlands,Diesel,NLD
2024,888.97,Netherlands,Diesel,NLD
2024,865.83,Netherlands,Diesel,NLD
2024,875.75,Netherlands,Diesel,NLD
2024,877.4,Netherlands,Diesel,NLD
2024,888.15,Netherlands,Diesel,NLD
2024,912.94,Netherlands,Diesel,NLD
2024,931.95,Netherlands,Diesel,NLD
2024,949.3,Netherlands,Diesel,NLD
2024,963.35,Netherlands,Diesel,NLD
2024,981.54,Netherlands,Diesel,NLD
2024,982.36,Netherlands,Diesel,NLD
2024,961.7,Netherlands,Diesel,NLD
2024,965.01,Netherlands,Diesel,NLD
2024,955.09,Netherlands,Diesel,NLD
2024,960.87,Netherlands,Diesel,NLD
2024,969.14,Netherlands,Diesel,NLD
2024,977.4,Netherlands,Diesel,NLD
2024,991.45,Netherlands,Diesel,NLD
2024,979.88,Netherlands,Diesel,NLD
2024,948.48,Netherlands,Diesel,NLD
2024,932.77,Netherlands,Diesel,NLD
2024,916.25,Netherlands,Diesel,NLD
2024,912.94,Netherlands,Diesel,NLD
2024,903.02,Netherlands,Diesel,NLD
2024,893.11,Netherlands,Diesel,NLD
2023,889.8,Netherlands,Diesel,NLD
2023,892.28,Netherlands,Diesel,NLD
2023,912.11,Netherlands,Diesel,NLD
2023,932.77,Netherlands,Diesel,NLD
2023,947.65,Netherlands,Diesel,NLD
2023,960.05,Netherlands,Diesel,NLD
2023,988.97,Netherlands,Diesel,NLD
2023,1012.94,Netherlands,Diesel,NLD
2023,1020.38,Netherlands,Diesel,NLD
2023,1038.56,Netherlands,Diesel,NLD
2023,1036.08,Netherlands,Diesel,NLD
2023,1048.48,Netherlands,Diesel,NLD
2023,1075.75,Netherlands,Diesel,NLD
2023,1088.15,Netherlands,Diesel,NLD
2023,1093.11,Netherlands,Diesel,NLD
2023,1033.6,Netherlands,Diesel,NLD
2023,1011.29,Netherlands,Diesel,NLD
2023,983.19,Netherlands,Diesel,NLD
2023,980.71,Netherlands,Diesel,NLD
2023,980.71,Netherlands,Diesel,NLD
2023,963.35,Netherlands,Diesel,NLD
2023,916.25,Netherlands,Diesel,NLD
2023,860.87,Netherlands,Diesel,NLD
2023,849.3,Netherlands,Diesel,NLD
2023,838.56,Netherlands,Diesel,NLD
2023,833.6,Netherlands,Diesel,NLD
2023,844.79,Netherlands,Diesel,NLD
2023,835.7,Netherlands,Diesel,NLD
2023,829.91,Netherlands,Diesel,NLD
2023,815.86,Netherlands,Diesel,NLD
2023,821.65,Netherlands,Diesel,NLD
2023,819.17,Netherlands,Diesel,NLD
2023,815.04,Netherlands,Diesel,NLD
2023,806.77,Netherlands,Diesel,NLD
2023,835.7,Netherlands,Diesel,NLD
2023,860.49,Netherlands,Diesel,NLD
2023,897.68,Netherlands,Diesel,NLD
2023,913.38,Netherlands,Diesel,NLD
2023,905.94,Netherlands,Diesel,NLD
2023,907.6,Netherlands,Diesel,NLD
2023,891.9,Netherlands,Diesel,NLD
2023,939.83,Netherlands,Diesel,NLD
2023,958.84,Netherlands,Diesel,NLD
2023,929.91,Netherlands,Diesel,NLD
2023,946.44,Netherlands,Diesel,NLD
2023,965.45,Netherlands,Diesel,NLD
2023,1019.17,Netherlands,Diesel,NLD
2023,1077.85,Netherlands,Diesel,NLD
2023,1048.92,Netherlands,Diesel,NLD
2023,1035.7,Netherlands,Diesel,NLD
2023,1040.66,Netherlands,Diesel,NLD
2023,1046.44,Netherlands,Diesel,NLD
2022,1024.13,Netherlands,Diesel,NLD
2022,1021.65,Netherlands,Diesel,NLD
2022,990.24,Netherlands,Diesel,NLD
2022,1048.92,Netherlands,Diesel,NLD
2022,1056.36,Netherlands,Diesel,NLD
2022,1098.53,Netherlands,Diesel,NLD
2022,1175.37,Netherlands,Diesel,NLD
2022,1286.94,Netherlands,Diesel,NLD
2022,1335.7,Netherlands,Diesel,NLD
2022,1343.96,Netherlands,Diesel,NLD
2022,1324.95,Netherlands,Diesel,NLD
2022,1262.14,Netherlands,Diesel,NLD
2022,1185.28,Netherlands,Diesel,NLD
2022,1180.33,Netherlands,Diesel,NLD
2022,1210.08,Netherlands,Diesel,NLD
2022,1258.01,Netherlands,Diesel,NLD
2022,1266.28,Netherlands,Diesel,NLD
2022,1277.85,Netherlands,Diesel,NLD
2022,1177.85,Netherlands,Diesel,NLD
2022,1179.5,Netherlands,Diesel,NLD
2022,1199.33,Netherlands,Diesel,NLD
2022,1224.95,Netherlands,Diesel,NLD
2022,1224.13,Netherlands,Diesel,NLD
2022,1269.58,Netherlands,Diesel,NLD
2022,1319.99,Netherlands,Diesel,NLD
2022,1360.49,Netherlands,Diesel,NLD
2022,1380.33,Netherlands,Diesel,NLD
2022,1381.98,Netherlands,Diesel,NLD
2022,1366.28,Netherlands,Diesel,NLD
2022,1281.15,Netherlands,Diesel,NLD
2022,1196.03,Netherlands,Diesel,NLD
2022,1189.42,Netherlands,Diesel,NLD
2022,1217.52,Netherlands,Diesel,NLD
2022,1265.45,Netherlands,Diesel,NLD
2022,1245.61,Netherlands,Diesel,NLD
2022,1224.95,Netherlands,Diesel,NLD
2022,1229.91,Netherlands,Diesel,NLD
2022,1257.18,Netherlands,Diesel,NLD
2022,1270.98,Netherlands,Diesel,NLD
2022,1242.05,Netherlands,Diesel,NLD
2022,1298.25,Netherlands,Diesel,NLD
2022,1093.29,Netherlands,Diesel,NLD
2022,941.23,Netherlands,Diesel,NLD
2022,906.52,Netherlands,Diesel,NLD
2022,908.17,Netherlands,Diesel,NLD
2022,892.47,Netherlands,Diesel,NLD
2022,881.72,Netherlands,Diesel,NLD
2022,866.85,Netherlands,Diesel,NLD
2022,840.4,Netherlands,Diesel,NLD
2022,823.04,Netherlands,Diesel,NLD
2022,802.38,Netherlands,Diesel,NLD
2021,790.15,Netherlands,Diesel,NLD
2021,797.59,Netherlands,Diesel,NLD
2021,798.42,Netherlands,Diesel,NLD
2021,820.73,Netherlands,Diesel,NLD
2021,830.65,Netherlands,Diesel,NLD
2021,827.34,Netherlands,Diesel,NLD
2021,824.87,Netherlands,Diesel,NLD
2021,825.69,Netherlands,Diesel,NLD
2021,823.21,Netherlands,Diesel,NLD
2021,815.77,Netherlands,Diesel,NLD
2021,788.5,Netherlands,Diesel,NLD
2021,723.21,Netherlands,Diesel,NLD
2021,717.43,Netherlands,Diesel,NLD
2021,709.16,Netherlands,Diesel,NLD
2021,693.46,Netherlands,Diesel,NLD
2021,690.15,Netherlands,Diesel,NLD
2021,681.06,Netherlands,Diesel,NLD
2021,668.67,Netherlands,Diesel,NLD
2021,675.28,Netherlands,Diesel,NLD
2021,677.76,Netherlands,Diesel,NLD
2021,683.54,Netherlands,Diesel,NLD
2021,677.76,Netherlands,Diesel,NLD
2021,680.24,Netherlands,Diesel,NLD
2021,682.72,Netherlands,Diesel,NLD
2021,685.2,Netherlands,Diesel,NLD
2021,677.76,Netherlands,Diesel,NLD
2021,671.97,Netherlands,Diesel,NLD
2021,657.92,Netherlands,Diesel,NLD
2021,652.14,Netherlands,Diesel,NLD
2021,630.65,Netherlands,Diesel,NLD
2021,630.65,Netherlands,Diesel,NLD
2021,638.92,Netherlands,Diesel,NLD
2021,641.39,Netherlands,Diesel,NLD
2021,633.96,Netherlands,Diesel,NLD
2021,623.21,Netherlands,Diesel,NLD
2021,619.91,Netherlands,Diesel,NLD
2021,612.47,Netherlands,Diesel,NLD
2021,613.3,Netherlands,Diesel,NLD
2021,619.91,Netherlands,Diesel,NLD
2021,631.48,Netherlands,Diesel,NLD
2021,625.69,Netherlands,Diesel,NLD
2021,620.73,Netherlands,Diesel,NLD
2021,610.82,Netherlands,Diesel,NLD
2021,585.2,Netherlands,Diesel,NLD
2021,577.76,Netherlands,Diesel,NLD
2021,552.96,Netherlands,Diesel,NLD
2021,546.35,Netherlands,Diesel,NLD
2021,550.49,Netherlands,Diesel,NLD
2021,533.13,Netherlands,Diesel,NLD
2020,515.65,Netherlands,Diesel,NLD
2020,506.56,Netherlands,Diesel,NLD
2020,498.3,Netherlands,Diesel,NLD
2020,499.12,Netherlands,Diesel,NLD
2020,478.46,Netherlands,Diesel,NLD
2020,472.68,Netherlands,Diesel,NLD
2020,452.02,Netherlands,Diesel,NLD
2020,446.23,Netherlands,Diesel,NLD
2020,462.76,Netherlands,Diesel,NLD
2020,461.11,Netherlands,Diesel,NLD
2020,462.76,Netherlands,Diesel,NLD
2020,451.19,Netherlands,Diesel,NLD
2020,446.23,Netherlands,Diesel,NLD
2020,448.71,Netherlands,Diesel,NLD
2020,446.23,Netherlands,Diesel,NLD
2020,466.07,Netherlands,Diesel,NLD
2020,483.42,Netherlands,Diesel,NLD
2020,485.9,Netherlands,Diesel,NLD
2020,489.21,Netherlands,Diesel,NLD
2020,490.03,Netherlands,Diesel,NLD
2020,487.55,Netherlands,Diesel,NLD
2020,497.47,Netherlands,Diesel,NLD
2020,494.99,Netherlands,Diesel,NLD
2020,499.95,Netherlands,Diesel,NLD
2020,497.47,Netherlands,Diesel,NLD
2020,493.34,Netherlands,Diesel,NLD
2020,490.86,Netherlands,Diesel,NLD
2020,478.46,Netherlands,Diesel,NLD
2020,472.68,Netherlands,Diesel,NLD
2020,474.33,Netherlands,Diesel,NLD
2020,479.29,Netherlands,Diesel,NLD
2020,472.68,Netherlands,Diesel,NLD
2020,482.59,Netherlands,Diesel,NLD
2020,481.77,Netherlands,Diesel,NLD
2020,481.77,Netherlands,Diesel,NLD
2020,502.43,Netherlands,Diesel,NLD
2020,512.35,Netherlands,Diesel,NLD
2020,511.52,Netherlands,Diesel,NLD
2020,514.83,Netherlands,Diesel,NLD
2020,516.48,Netherlands,Diesel,NLD
2020,573.5,Netherlands,Diesel,NLD
2020,597.47,Netherlands,Diesel,NLD
2020,624.74,Netherlands,Diesel,NLD
2020,610.69,Netherlands,Diesel,NLD
2020,608.21,Netherlands,Diesel,NLD
2020,620.61,Netherlands,Diesel,NLD
2020,636.31,Netherlands,Diesel,NLD
2020,652.02,Netherlands,Diesel,NLD
2020,675.98,Netherlands,Diesel,NLD
2020,679.29,Netherlands,Diesel,NLD
2019,640.11,Netherlands,Diesel,NLD
2019,631.02,Netherlands,Diesel,NLD
2019,640.94,Netherlands,Diesel,NLD
2019,629.37,Netherlands,Diesel,NLD
2019,626.06,Netherlands,Diesel,NLD
2019,631.02,Netherlands,Diesel,NLD
2019,626.06,Netherlands,Diesel,NLD
2019,629.37,Netherlands,Diesel,NLD
2019,628.54,Netherlands,Diesel,NLD
2019,627.71,Netherlands,Diesel,NLD
2019,627.71,Netherlands,Diesel,NLD
2019,640.11,Netherlands,Diesel,NLD
2019,650.03,Netherlands,Diesel,NLD
2019,626.06,Netherlands,Diesel,NLD
2019,608.71,Netherlands,Diesel,NLD
2019,595.48,Netherlands,Diesel,NLD
2019,598.79,Netherlands,Diesel,NLD
2019,588.05,Netherlands,Diesel,NLD
2019,588.05,Netherlands,Diesel,NLD
2019,610.36,Netherlands,Diesel,NLD
2019,606.23,Netherlands,Diesel,NLD
2019,607.05,Netherlands,Diesel,NLD
2019,618.62,Netherlands,Diesel,NLD
2019,602.92,Netherlands,Diesel,NLD
2019,607.88,Netherlands,Diesel,NLD
2019,589.7,Netherlands,Diesel,NLD
2019,580.61,Netherlands,Diesel,NLD
2019,600.44,Netherlands,Diesel,NLD
2019,634.33,Netherlands,Diesel,NLD
2019,645.9,Netherlands,Diesel,NLD
2019,655.81,Netherlands,Diesel,NLD
2019,641.76,Netherlands,Diesel,NLD
2019,650.03,Netherlands,Diesel,NLD
2019,649.2,Netherlands,Diesel,NLD
2019,635.98,Netherlands,Diesel,NLD
2019,625.24,Netherlands,Diesel,NLD
2019,619.45,Netherlands,Diesel,NLD
2019,621.1,Netherlands,Diesel,NLD
2019,626.06,Netherlands,Diesel,NLD
2019,628.54,Netherlands,Diesel,NLD
2019,621.1,Netherlands,Diesel,NLD
2019,628.54,Netherlands,Diesel,NLD
2019,617.8,Netherlands,Diesel,NLD
2019,596.31,Netherlands,Diesel,NLD
2019,589.7,Netherlands,Diesel,NLD
2019,593,Netherlands,Diesel,NLD
2019,585.57,Netherlands,Diesel,NLD
2019,581.43,Netherlands,Diesel,NLD
2019,551.68,Netherlands,Diesel,NLD
2018,575.74,Netherlands,Diesel,NLD
2018,586.49,Netherlands,Diesel,NLD
2018,607.15,Netherlands,Diesel,NLD
2018,626.98,Netherlands,Diesel,NLD
2018,639.38,Netherlands,Diesel,NLD
2018,646.82,Netherlands,Diesel,NLD
2018,664.17,Netherlands,Diesel,NLD
2018,669.13,Netherlands,Diesel,NLD
2018,669.13,Netherlands,Diesel,NLD
2018,679.05,Netherlands,Diesel,NLD
2018,688.97,Netherlands,Diesel,NLD
2018,657.56,Netherlands,Diesel,NLD
2018,641.86,Netherlands,Diesel,NLD
2018,646.82,Netherlands,Diesel,NLD
2018,649.3,Netherlands,Diesel,NLD
2018,641.86,Netherlands,Diesel,NLD
2018,631.94,Netherlands,Diesel,NLD
2018,628.64,Netherlands,Diesel,NLD
2018,622.02,Netherlands,Diesel,NLD
2018,617.07,Netherlands,Diesel,NLD
2018,628.64,Netherlands,Diesel,NLD
2018,610.45,Netherlands,Diesel,NLD
2018,625.33,Netherlands,Diesel,NLD
2018,631.12,Netherlands,Diesel,NLD
2018,626.16,Netherlands,Diesel,NLD
2018,620.37,Netherlands,Diesel,NLD
2018,627.81,Netherlands,Diesel,NLD
2018,632.77,Netherlands,Diesel,NLD
2018,641.86,Netherlands,Diesel,NLD
2018,648.47,Netherlands,Diesel,NLD
2018,643.51,Netherlands,Diesel,NLD
2018,622.85,Netherlands,Diesel,NLD
2018,601.36,Netherlands,Diesel,NLD
2018,599.71,Netherlands,Diesel,NLD
2018,586.49,Netherlands,Diesel,NLD
2018,584.01,Netherlands,Diesel,NLD
2018,562.52,Netherlands,Diesel,NLD
2018,560.04,Netherlands,Diesel,NLD
2018,536.9,Netherlands,Diesel,NLD
2018,530.29,Netherlands,Diesel,NLD
2018,540.21,Netherlands,Diesel,NLD
2018,535.25,Netherlands,Diesel,NLD
2018,520.37,Netherlands,Diesel,NLD
2018,538.84,Netherlands,Diesel,NLD
2018,562.85,Netherlands,Diesel,NLD
2018,572.44,Netherlands,Diesel,NLD
2018,568.31,Netherlands,Diesel,NLD
2018,577.4,Netherlands,Diesel,NLD
2018,571.61,Netherlands,Diesel,NLD
2018,562.52,Netherlands,Diesel,NLD
2017,557.13,Netherlands,Diesel,NLD
2017,539.96,Netherlands,Diesel,NLD
2017,546.58,Netherlands,Diesel,NLD
2017,548.23,Netherlands,Diesel,NLD
2017,550.71,Netherlands,Diesel,NLD
2017,559.8,Netherlands,Diesel,NLD
2017,550.71,Netherlands,Diesel,NLD
2017,535.01,Netherlands,Diesel,NLD
2017,531.7,Netherlands,Diesel,NLD
2017,520.13,Netherlands,Diesel,NLD
2017,527.57,Netherlands,Diesel,NLD
2017,539.96,Netherlands,Diesel,NLD
2017,525.91,Netherlands,Diesel,NLD
2017,517.65,Netherlands,Diesel,NLD
2017,516,Netherlands,Diesel,NLD
2017,499.47,Netherlands,Diesel,NLD
2017,493.68,Netherlands,Diesel,NLD
2017,485.42,Netherlands,Diesel,NLD
2017,497.82,Netherlands,Diesel,NLD
2017,493.68,Netherlands,Diesel,NLD
2017,487.07,Netherlands,Diesel,NLD
2017,484.59,Netherlands,Diesel,NLD
2017,473.02,Netherlands,Diesel,NLD
2017,469.72,Netherlands,Diesel,NLD
2017,460.63,Netherlands,Diesel,NLD
2017,453.19,Netherlands,Diesel,NLD
2017,466.41,Netherlands,Diesel,NLD
2017,468.06,Netherlands,Diesel,NLD
2017,482.11,Netherlands,Diesel,NLD
2017,496.99,Netherlands,Diesel,NLD
2017,492.86,Netherlands,Diesel,NLD
2017,487.07,Netherlands,Diesel,NLD
2017,482.94,Netherlands,Diesel,NLD
2017,509.39,Netherlands,Diesel,NLD
2017,538.31,Netherlands,Diesel,NLD
2017,524.26,Netherlands,Diesel,NLD
2017,505.25,Netherlands,Diesel,NLD
2017,503.6,Netherlands,Diesel,NLD
2017,516,Netherlands,Diesel,NLD
2017,528.39,Netherlands,Diesel,NLD
2017,535.01,Netherlands,Diesel,NLD
2017,539.96,Netherlands,Diesel,NLD
2017,541.62,Netherlands,Diesel,NLD
2017,538.31,Netherlands,Diesel,NLD
2017,535.01,Netherlands,Diesel,NLD
2017,525.91,Netherlands,Diesel,NLD
2017,530.87,Netherlands,Diesel,NLD
2017,535.83,Netherlands,Diesel,NLD
2017,547.4,Netherlands,Diesel,NLD
2017,545.75,Netherlands,Diesel,NLD
2025,821.8758991080848,Poland,Diesel,POL
2025,833.8327904451684,Poland,Diesel,POL
2025,835.7769498858311,Poland,Diesel,POL
2025,837.5808228363429,Poland,Diesel,POL
2025,834.1190391669625,Poland,Diesel,POL
2025,842.8033086056929,Poland,Diesel,POL
2025,841.0331704566811,Poland,Diesel,POL
2025,811.9817394357955,Poland,Diesel,POL
2025,798.1701867444376,Poland,Diesel,POL
2024,787.4786074317195,Poland,Diesel,POL
2024,789.3292754301768,Poland,Diesel,POL
2024,787.138836772983,Poland,Diesel,POL
2024,795.6143028197123,Poland,Diesel,POL
2024,796.6600629297285,Poland,Diesel,POL
2024,784.7447030218826,Poland,Diesel,POL
2024,769.6912981191367,Poland,Diesel,POL
2024,772.1247697974218,Poland,Diesel,POL
2024,770.7436151348364,Poland,Diesel,POL
2024,773.2597701149426,Poland,Diesel,POL
2024,767.5969889982629,Poland,Diesel,POL
2024,761.6394283449514,Poland,Diesel,POL
2024,735.7051949554552,Poland,Diesel,POL
2024,745.8680003739365,Poland,Diesel,POL
2024,760.1146198830409,Poland,Diesel,POL
2024,773.3234991102369,Poland,Diesel,POL
2024,787.3539036933147,Poland,Diesel,POL
2024,806.7695906432748,Poland,Diesel,POL
2024,814.8008875394137,Poland,Diesel,POL
2024,829.792916041979,Poland,Diesel,POL
2024,825.9278182916069,Poland,Diesel,POL
2024,831.5757744388796,Poland,Diesel,POL
2024,839.123852997345,Poland,Diesel,POL
2024,851.1542534415813,Poland,Diesel,POL
2024,854.6111307212612,Poland,Diesel,POL
2024,852.8192061339942,Poland,Diesel,POL
2024,848.0282738095237,Poland,Diesel,POL
2024,850.1871962421227,Poland,Diesel,POL
2024,824.2064220183486,Poland,Diesel,POL
2024,836.6304347826087,Poland,Diesel,POL
2024,856.5129043559499,Poland,Diesel,POL
2024,867.9411557352008,Poland,Diesel,POL
2024,876.9614181929325,Poland,Diesel,POL
2024,880.8656089594028,Poland,Diesel,POL
2024,880.8868820192197,Poland,Diesel,POL
2024,874.7196855854814,Poland,Diesel,POL
2024,883.9770306566637,Poland,Diesel,POL
2024,890.0274814849317,Poland,Diesel,POL
2024,900.0187956675985,Poland,Diesel,POL
2024,895.0195494321354,Poland,Diesel,POL
2024,892.7,Poland,Diesel,POL
2024,874.71,Poland,Diesel,POL
2024,883.26,Poland,Diesel,POL
2024,878.81,Poland,Diesel,POL
2024,904.75,Poland,Diesel,POL
2024,905.45,Poland,Diesel,POL
2024,887.18,Poland,Diesel,POL
2024,871.19,Poland,Diesel,POL
2024,849.36,Poland,Diesel,POL
2024,834,Poland,Diesel,POL
2024,830.51,Poland,Diesel,POL
2024,839.88,Poland,Diesel,POL
2024,845.11,Poland,Diesel,POL
2023,868.24,Poland,Diesel,POL
2023,867.64,Poland,Diesel,POL
2023,878.74,Poland,Diesel,POL
2023,887.27,Poland,Diesel,POL
2023,890.67,Poland,Diesel,POL
2023,894.79,Poland,Diesel,POL
2023,888.89,Poland,Diesel,POL
2023,868.59,Poland,Diesel,POL
2023,824.69,Poland,Diesel,POL
2023,775.88,Poland,Diesel,POL
2023,766.25,Poland,Diesel,POL
2023,747.7,Poland,Diesel,POL
2023,731.17,Poland,Diesel,POL
2023,733.53,Poland,Diesel,POL
2023,739.71,Poland,Diesel,POL
2023,773.97,Poland,Diesel,POL
2023,831.06,Poland,Diesel,POL
2023,830.58,Poland,Diesel,POL
2023,818.98,Poland,Diesel,POL
2023,823.82,Poland,Diesel,POL
2023,827.98,Poland,Diesel,POL
2023,822.89,Poland,Diesel,POL
2023,799.58,Poland,Diesel,POL
2023,798.28,Poland,Diesel,POL
2023,785.51,Poland,Diesel,POL
2023,784.99,Poland,Diesel,POL
2023,793.83,Poland,Diesel,POL
2023,768.36,Poland,Diesel,POL
2023,778.57,Poland,Diesel,POL
2023,778.09,Poland,Diesel,POL
2023,759.08,Poland,Diesel,POL
2023,755.24,Poland,Diesel,POL
2023,765.83,Poland,Diesel,POL
2023,781.52,Poland,Diesel,POL
2023,807.34,Poland,Diesel,POL
2023,826.02,Poland,Diesel,POL
2023,848.64,Poland,Diesel,POL
2023,843.05,Poland,Diesel,POL
2023,845.58,Poland,Diesel,POL
2023,847.09,Poland,Diesel,POL
2023,870.8,Poland,Diesel,POL
2023,904.86,Poland,Diesel,POL
2023,903.46,Poland,Diesel,POL
2023,917.8,Poland,Diesel,POL
2023,943.07,Poland,Diesel,POL
2023,946.25,Poland,Diesel,POL
2023,992.14,Poland,Diesel,POL
2023,994.71,Poland,Diesel,POL
2023,990.39,Poland,Diesel,POL
2023,994.09,Poland,Diesel,POL
2023,1002.9,Poland,Diesel,POL
2023,1005.76,Poland,Diesel,POL
2022,1219.35,Poland,Diesel,POL
2022,1205.75,Poland,Diesel,POL
2022,1205.67,Poland,Diesel,POL
2022,1210.24,Poland,Diesel,POL
2022,1216.49,Poland,Diesel,POL
2022,1224.34,Poland,Diesel,POL
2022,1237.09,Poland,Diesel,POL
2022,1259.32,Poland,Diesel,POL
2022,1274.82,Poland,Diesel,POL
2022,1252.92,Poland,Diesel,POL
2022,1240.92,Poland,Diesel,POL
2022,1213.95,Poland,Diesel,POL
2022,1101.45,Poland,Diesel,POL
2022,1091.79,Poland,Diesel,POL
2022,1111.11,Poland,Diesel,POL
2022,1160.18,Poland,Diesel,POL
2022,1189.18,Poland,Diesel,POL
2022,1181.68,Poland,Diesel,POL
2022,1092.64,Poland,Diesel,POL
2022,1101.05,Poland,Diesel,POL
2022,1103.02,Poland,Diesel,POL
2022,1167.86,Poland,Diesel,POL
2022,1180.93,Poland,Diesel,POL
2022,1170.72,Poland,Diesel,POL
2022,1156.6,Poland,Diesel,POL
2022,1214.58,Poland,Diesel,POL
2022,1248.66,Poland,Diesel,POL
2022,1256.01,Poland,Diesel,POL
2022,1227.8,Poland,Diesel,POL
2022,1195.13,Poland,Diesel,POL
2022,1118.43,Poland,Diesel,POL
2022,1127.57,Poland,Diesel,POL
2022,1134.05,Poland,Diesel,POL
2022,1159.3,Poland,Diesel,POL
2022,1161.87,Poland,Diesel,POL
2022,1130.94,Poland,Diesel,POL
2022,1101.75,Poland,Diesel,POL
2022,1176.24,Poland,Diesel,POL
2022,1200.4,Poland,Diesel,POL
2022,1123.92,Poland,Diesel,POL
2022,1220.78,Poland,Diesel,POL
2022,1013.8,Poland,Diesel,POL
2022,851.46,Poland,Diesel,POL
2022,793.18,Poland,Diesel,POL
2022,773.29,Poland,Diesel,POL
2022,757.98,Poland,Diesel,POL
2022,736.73,Poland,Diesel,POL
2022,728.29,Poland,Diesel,POL
2022,716.49,Poland,Diesel,POL
2022,714.43,Poland,Diesel,POL
2022,712.71,Poland,Diesel,POL
2021,713.76,Poland,Diesel,POL
2021,734,Poland,Diesel,POL
2021,741.54,Poland,Diesel,POL
2021,730.47,Poland,Diesel,POL
2021,725.95,Poland,Diesel,POL
2021,731.48,Poland,Diesel,POL
2021,736.81,Poland,Diesel,POL
2021,731.94,Poland,Diesel,POL
2021,723.6,Poland,Diesel,POL
2021,721.23,Poland,Diesel,POL
2021,712.37,Poland,Diesel,POL
2021,703.93,Poland,Diesel,POL
2021,681.83,Poland,Diesel,POL
2021,670,Poland,Diesel,POL
2021,667.13,Poland,Diesel,POL
2021,660.13,Poland,Diesel,POL
2021,647.68,Poland,Diesel,POL
2021,640.76,Poland,Diesel,POL
2021,644.18,Poland,Diesel,POL
2021,644.51,Poland,Diesel,POL
2021,645.7,Poland,Diesel,POL
2021,640.47,Poland,Diesel,POL
2021,640.92,Poland,Diesel,POL
2021,645.26,Poland,Diesel,POL
2021,652.47,Poland,Diesel,POL
2021,654.88,Poland,Diesel,POL
2021,625.66,Poland,Diesel,POL
2021,618.68,Poland,Diesel,POL
2021,620.16,Poland,Diesel,POL
2021,616.45,Poland,Diesel,POL
2021,617.22,Poland,Diesel,POL
2021,608.24,Poland,Diesel,POL
2021,609.4,Poland,Diesel,POL
2021,608.12,Poland,Diesel,POL
2021,607.42,Poland,Diesel,POL
2021,608.48,Poland,Diesel,POL
2021,611.64,Poland,Diesel,POL
2021,595.11,Poland,Diesel,POL
2021,601.03,Poland,Diesel,POL
2021,590.09,Poland,Diesel,POL
2021,557.28,Poland,Diesel,POL
2021,564.79,Poland,Diesel,POL
2021,550.88,Poland,Diesel,POL
2021,533.95,Poland,Diesel,POL
2021,523.81,Poland,Diesel,POL
2021,517.92,Poland,Diesel,POL
2021,512.66,Poland,Diesel,POL
2021,509.5,Poland,Diesel,POL
2021,501.12,Poland,Diesel,POL
2020,489.57,Poland,Diesel,POL
2020,499.91,Poland,Diesel,POL
2020,484.21,Poland,Diesel,POL
2020,476.12,Poland,Diesel,POL
2020,466.43,Poland,Diesel,POL
2020,460.75,Poland,Diesel,POL
2020,459.25,Poland,Diesel,POL
2020,448.69,Poland,Diesel,POL
2020,437.5,Poland,Diesel,POL
2020,438.22,Poland,Diesel,POL
2020,455.61,Poland,Diesel,POL
2020,463.31,Poland,Diesel,POL
2020,460.56,Poland,Diesel,POL
2020,467.41,Poland,Diesel,POL
2020,472.09,Poland,Diesel,POL
2020,474.66,Poland,Diesel,POL
2020,478.56,Poland,Diesel,POL
2020,476.82,Poland,Diesel,POL
2020,475.97,Poland,Diesel,POL
2020,465.98,Poland,Diesel,POL
2020,462.46,Poland,Diesel,POL
2020,456.3,Poland,Diesel,POL
2020,449.18,Poland,Diesel,POL
2020,437.37,Poland,Diesel,POL
2020,433.6,Poland,Diesel,POL
2020,433.38,Poland,Diesel,POL
2020,433.16,Poland,Diesel,POL
2020,435.99,Poland,Diesel,POL
2020,431.69,Poland,Diesel,POL
2020,430.72,Poland,Diesel,POL
2020,412.95,Poland,Diesel,POL
2020,397.16,Poland,Diesel,POL
2020,387.77,Poland,Diesel,POL
2020,394.23,Poland,Diesel,POL
2020,407.9,Poland,Diesel,POL
2020,418.2,Poland,Diesel,POL
2020,436.91,Poland,Diesel,POL
2020,446.29,Poland,Diesel,POL
2020,467.97,Poland,Diesel,POL
2020,535.44,Poland,Diesel,POL
2020,580.57,Poland,Diesel,POL
2020,595.94,Poland,Diesel,POL
2020,610.37,Poland,Diesel,POL
2020,625.87,Poland,Diesel,POL
2020,629.42,Poland,Diesel,POL
2020,628.26,Poland,Diesel,POL
2020,636.09,Poland,Diesel,POL
2020,642.03,Poland,Diesel,POL
2020,649.91,Poland,Diesel,POL
2020,647.98,Poland,Diesel,POL
2019,622.61,Poland,Diesel,POL
2019,616.89,Poland,Diesel,POL
2019,612.08,Poland,Diesel,POL
2019,601.83,Poland,Diesel,POL
2019,600.72,Poland,Diesel,POL
2019,593.91,Poland,Diesel,POL
2019,594.86,Poland,Diesel,POL
2019,592.28,Poland,Diesel,POL
2019,591.93,Poland,Diesel,POL
2019,590.49,Poland,Diesel,POL
2019,590.93,Poland,Diesel,POL
2019,587.05,Poland,Diesel,POL
2019,589.14,Poland,Diesel,POL
2019,596.12,Poland,Diesel,POL
2019,592.59,Poland,Diesel,POL
2019,585.68,Poland,Diesel,POL
2019,593.64,Poland,Diesel,POL
2019,590.75,Poland,Diesel,POL
2019,606.97,Poland,Diesel,POL
2019,618.96,Poland,Diesel,POL
2019,623.08,Poland,Diesel,POL
2019,624.88,Poland,Diesel,POL
2019,620.88,Poland,Diesel,POL
2019,623.51,Poland,Diesel,POL
2019,625.75,Poland,Diesel,POL
2019,626.97,Poland,Diesel,POL
2019,634.03,Poland,Diesel,POL
2019,641.81,Poland,Diesel,POL
2019,640.62,Poland,Diesel,POL
2019,639.89,Poland,Diesel,POL
2019,637.74,Poland,Diesel,POL
2019,634.36,Poland,Diesel,POL
2019,637.84,Poland,Diesel,POL
2019,634.85,Poland,Diesel,POL
2019,635.21,Poland,Diesel,POL
2019,631.28,Poland,Diesel,POL
2019,620.37,Poland,Diesel,POL
2019,622.5,Poland,Diesel,POL
2019,619.67,Poland,Diesel,POL
2019,622.93,Poland,Diesel,POL
2019,607.7,Poland,Diesel,POL
2019,591.52,Poland,Diesel,POL
2019,596.21,Poland,Diesel,POL
2019,608.14,Poland,Diesel,POL
2019,611.69,Poland,Diesel,POL
2019,611.95,Poland,Diesel,POL
2019,604.86,Poland,Diesel,POL
2019,606.02,Poland,Diesel,POL
2019,612.02,Poland,Diesel,POL
2018,626.49,Poland,Diesel,POL
2018,631.38,Poland,Diesel,POL
2018,644.83,Poland,Diesel,POL
2018,656.53,Poland,Diesel,POL
2018,650.81,Poland,Diesel,POL
2018,659.53,Poland,Diesel,POL
2018,657.78,Poland,Diesel,POL
2018,640.52,Poland,Diesel,POL
2018,630.89,Poland,Diesel,POL
2018,631.18,Poland,Diesel,POL
2018,623.48,Poland,Diesel,POL
2018,619.42,Poland,Diesel,POL
2018,612.05,Poland,Diesel,POL
2018,612.85,Poland,Diesel,POL
2018,606.38,Poland,Diesel,POL
2018,608.67,Poland,Diesel,POL
2018,610.57,Poland,Diesel,POL
2018,601.2,Poland,Diesel,POL
2018,602.35,Poland,Diesel,POL
2018,607.12,Poland,Diesel,POL
2018,608.1,Poland,Diesel,POL
2018,602.87,Poland,Diesel,POL
2018,613.67,Poland,Diesel,POL
2018,606.13,Poland,Diesel,POL
2018,585.82,Poland,Diesel,POL
2018,593.25,Poland,Diesel,POL
2018,603.36,Poland,Diesel,POL
2018,616.47,Poland,Diesel,POL
2018,622.3,Poland,Diesel,POL
2018,620.23,Poland,Diesel,POL
2018,607.55,Poland,Diesel,POL
2018,608.69,Poland,Diesel,POL
2018,582.49,Poland,Diesel,POL
2018,576.88,Poland,Diesel,POL
2018,570.47,Poland,Diesel,POL
2018,566.71,Poland,Diesel,POL
2018,542.53,Poland,Diesel,POL
2018,540.31,Poland,Diesel,POL
2018,520.53,Poland,Diesel,POL
2018,517.6,Poland,Diesel,POL
2018,523.82,Poland,Diesel,POL
2018,528.61,Poland,Diesel,POL
2018,529.07,Poland,Diesel,POL
2018,532.82,Poland,Diesel,POL
2018,541.68,Poland,Diesel,POL
2018,547.79,Poland,Diesel,POL
2018,549.85,Poland,Diesel,POL
2018,552.76,Poland,Diesel,POL
2018,546.96,Poland,Diesel,POL
2018,543.31,Poland,Diesel,POL
2017,532.44,Poland,Diesel,POL
2017,525.56,Poland,Diesel,POL
2017,530.16,Poland,Diesel,POL
2017,533.1,Poland,Diesel,POL
2017,536.44,Poland,Diesel,POL
2017,541.42,Poland,Diesel,POL
2017,528.53,Poland,Diesel,POL
2017,509.45,Poland,Diesel,POL
2017,511.54,Poland,Diesel,POL
2017,503.71,Poland,Diesel,POL
2017,498.21,Poland,Diesel,POL
2017,500.56,Poland,Diesel,POL
2017,493.92,Poland,Diesel,POL
2017,484.83,Poland,Diesel,POL
2017,492.8,Poland,Diesel,POL
2017,474.29,Poland,Diesel,POL
2017,475.12,Poland,Diesel,POL
2017,477.87,Poland,Diesel,POL
2017,472.31,Poland,Diesel,POL
2017,477.75,Poland,Diesel,POL
2017,470.48,Poland,Diesel,POL
2017,454.96,Poland,Diesel,POL
2017,458.58,Poland,Diesel,POL
2017,458.49,Poland,Diesel,POL
2017,446.91,Poland,Diesel,POL
2017,452.7,Poland,Diesel,POL
2017,458.52,Poland,Diesel,POL
2017,467.82,Poland,Diesel,POL
2017,477.62,Poland,Diesel,POL
2017,484.73,Poland,Diesel,POL
2017,490.43,Poland,Diesel,POL
2017,497.22,Poland,Diesel,POL
2017,512.49,Poland,Diesel,POL
2017,528.39,Poland,Diesel,POL
2017,525.95,Poland,Diesel,POL
2017,517.74,Poland,Diesel,POL
2017,503.06,Poland,Diesel,POL
2017,504.89,Poland,Diesel,POL
2017,514.38,Poland,Diesel,POL
2017,519.54,Poland,Diesel,POL
2017,526.64,Poland,Diesel,POL
2017,536.21,Poland,Diesel,POL
2017,530.47,Poland,Diesel,POL
2017,534.99,Poland,Diesel,POL
2017,537.17,Poland,Diesel,POL
2017,533.24,Poland,Diesel,POL
2017,527.74,Poland,Diesel,POL
2017,531.61,Poland,Diesel,POL
2017,529.9,Poland,Diesel,POL
2017,532.92,Poland,Diesel,POL
2025,848.85,Portugal,Diesel,PRT
2025,848.85,Portugal,Diesel,PRT
2025,844.78,Portugal,Diesel,PRT
2025,834.21,Portugal,Diesel,PRT
2025,833.4,Portugal,Diesel,PRT
2025,852.91,Portugal,Diesel,PRT
2025,867.54,Portugal,Diesel,PRT
2025,829.33,Portugal,Diesel,PRT
2025,823.64,Portugal,Diesel,PRT
2024,805.76,Portugal,Diesel,PRT
2024,804.13,Portugal,Diesel,PRT
2024,793.56,Portugal,Diesel,PRT
2024,789.5,Portugal,Diesel,PRT
2024,797.63,Portugal,Diesel,PRT
2024,797.63,Portugal,Diesel,PRT
2024,781.37,Portugal,Diesel,PRT
2024,780.55,Portugal,Diesel,PRT
2024,762.67,Portugal,Diesel,PRT
2024,768.36,Portugal,Diesel,PRT
2024,766.73,Portugal,Diesel,PRT
2024,782.99,Portugal,Diesel,PRT
2024,761.85,Portugal,Diesel,PRT
2024,749.66,Portugal,Diesel,PRT
2024,744.78,Portugal,Diesel,PRT
2024,743.97,Portugal,Diesel,PRT
2024,752.91,Portugal,Diesel,PRT
2024,771.16,Portugal,Diesel,PRT
2024,771.98,Portugal,Diesel,PRT
2024,801.16,Portugal,Diesel,PRT
2024,797.1,Portugal,Diesel,PRT
2024,812.54,Portugal,Diesel,PRT
2024,819.86,Portugal,Diesel,PRT
2024,829.62,Portugal,Diesel,PRT
2024,844.25,Portugal,Diesel,PRT
2024,861.33,Portugal,Diesel,PRT
2024,853.19,Portugal,Diesel,PRT
2024,845.88,Portugal,Diesel,PRT
2024,818.24,Portugal,Diesel,PRT
2024,795.47,Portugal,Diesel,PRT
2024,818.24,Portugal,Diesel,PRT
2024,819.05,Portugal,Diesel,PRT
2024,819.86,Portugal,Diesel,PRT
2024,829.62,Portugal,Diesel,PRT
2024,833.68,Portugal,Diesel,PRT
2024,850.76,Portugal,Diesel,PRT
2024,864.58,Portugal,Diesel,PRT
2024,884.09,Portugal,Diesel,PRT
2024,893.85,Portugal,Diesel,PRT
2024,874.33,Portugal,Diesel,PRT
2024,882.46,Portugal,Diesel,PRT
2024,868.64,Portugal,Diesel,PRT
2024,871.08,Portugal,Diesel,PRT
2024,882.46,Portugal,Diesel,PRT
2024,890.59,Portugal,Diesel,PRT
2024,910.11,Portugal,Diesel,PRT
2024,896.28,Portugal,Diesel,PRT
2024,879.21,Portugal,Diesel,PRT
2024,861.33,Portugal,Diesel,PRT
2024,841,Portugal,Diesel,PRT
2024,826.37,Portugal,Diesel,PRT
2024,819.05,Portugal,Diesel,PRT
2024,831.24,Portugal,Diesel,PRT
2023,836.93,Portugal,Diesel,PRT
2023,820.67,Portugal,Diesel,PRT
2023,838.56,Portugal,Diesel,PRT
2023,863.76,Portugal,Diesel,PRT
2023,880.02,Portugal,Diesel,PRT
2023,883.28,Portugal,Diesel,PRT
2023,897.91,Portugal,Diesel,PRT
2023,932.87,Portugal,Diesel,PRT
2023,944.25,Portugal,Diesel,PRT
2023,960.51,Portugal,Diesel,PRT
2023,948.32,Portugal,Diesel,PRT
2023,975.15,Portugal,Diesel,PRT
2023,1006.04,Portugal,Diesel,PRT
2023,1024.74,Portugal,Diesel,PRT
2023,1004.74,Portugal,Diesel,PRT
2023,961.65,Portugal,Diesel,PRT
2023,935.63,Portugal,Diesel,PRT
2023,938.89,Portugal,Diesel,PRT
2023,921.81,Portugal,Diesel,PRT
2023,924.25,Portugal,Diesel,PRT
2023,909.62,Portugal,Diesel,PRT
2023,859.21,Portugal,Diesel,PRT
2023,808.48,Portugal,Diesel,PRT
2023,805.23,Portugal,Diesel,PRT
2023,792.22,Portugal,Diesel,PRT
2023,763.76,Portugal,Diesel,PRT
2023,795.96,Portugal,Diesel,PRT
2023,782.14,Portugal,Diesel,PRT
2023,780.51,Portugal,Diesel,PRT
2023,747.18,Portugal,Diesel,PRT
2023,771.24,Portugal,Diesel,PRT
2023,767.18,Portugal,Diesel,PRT
2023,755.8,Portugal,Diesel,PRT
2023,739.54,Portugal,Diesel,PRT
2023,779.37,Portugal,Diesel,PRT
2023,816.89,Portugal,Diesel,PRT
2023,830.71,Portugal,Diesel,PRT
2023,847.22,Portugal,Diesel,PRT
2023,843.96,Portugal,Diesel,PRT
2023,854.53,Portugal,Diesel,PRT
2023,861.04,Portugal,Diesel,PRT
2023,891.12,Portugal,Diesel,PRT
2023,902.5,Portugal,Diesel,PRT
2023,881.41,Portugal,Diesel,PRT
2023,896.04,Portugal,Diesel,PRT
2023,891.16,Portugal,Diesel,PRT
2023,929.37,Portugal,Diesel,PRT
2023,986.28,Portugal,Diesel,PRT
2023,973.28,Portugal,Diesel,PRT
2023,954.58,Portugal,Diesel,PRT
2023,944.82,Portugal,Diesel,PRT
2023,973.28,Portugal,Diesel,PRT
2022,964.34,Portugal,Diesel,PRT
2022,965.16,Portugal,Diesel,PRT
2022,928.57,Portugal,Diesel,PRT
2022,993.61,Portugal,Diesel,PRT
2022,1033.8,Portugal,Diesel,PRT
2022,1080.14,Portugal,Diesel,PRT
2022,1158.19,Portugal,Diesel,PRT
2022,1224.85,Portugal,Diesel,PRT
2022,1244.37,Portugal,Diesel,PRT
2022,1254.12,Portugal,Diesel,PRT
2022,1254.94,Portugal,Diesel,PRT
2022,1175.26,Portugal,Diesel,PRT
2022,1090.71,Portugal,Diesel,PRT
2022,1079.2,Portugal,Diesel,PRT
2022,1097.89,Portugal,Diesel,PRT
2022,1149.11,Portugal,Diesel,PRT
2022,1153.99,Portugal,Diesel,PRT
2022,1183.26,Portugal,Diesel,PRT
2022,1106.84,Portugal,Diesel,PRT
2022,1072.69,Portugal,Diesel,PRT
2022,1086.51,Portugal,Diesel,PRT
2022,1154.8,Portugal,Diesel,PRT
2022,1176.76,Portugal,Diesel,PRT
2022,1256.43,Portugal,Diesel,PRT
2022,1230.41,Portugal,Diesel,PRT
2022,1287.33,Portugal,Diesel,PRT
2022,1346.67,Portugal,Diesel,PRT
2022,1358.06,Portugal,Diesel,PRT
2022,1309.49,Portugal,Diesel,PRT
2022,1202.98,Portugal,Diesel,PRT
2022,1115.9,Portugal,Diesel,PRT
2022,1096.39,Portugal,Diesel,PRT
2022,1122.41,Portugal,Diesel,PRT
2022,1157.36,Portugal,Diesel,PRT
2022,1145.15,Portugal,Diesel,PRT
2022,1099.67,Portugal,Diesel,PRT
2022,1049.27,Portugal,Diesel,PRT
2022,1100.49,Portugal,Diesel,PRT
2022,1155.77,Portugal,Diesel,PRT
2022,1022.6,Portugal,Diesel,PRT
2022,1129.91,Portugal,Diesel,PRT
2022,969.82,Portugal,Diesel,PRT
2022,858.44,Portugal,Diesel,PRT
2022,842.99,Portugal,Diesel,PRT
2022,836.49,Portugal,Diesel,PRT
2022,819.11,Portugal,Diesel,PRT
2022,814.54,Portugal,Diesel,PRT
2022,790.15,Portugal,Diesel,PRT
2022,757.63,Portugal,Diesel,PRT
2022,749.5,Portugal,Diesel,PRT
2022,726.73,Portugal,Diesel,PRT
2021,718.6,Portugal,Diesel,PRT
2021,715.35,Portugal,Diesel,PRT
2021,714.54,Portugal,Diesel,PRT
2021,738.11,Portugal,Diesel,PRT
2021,742.18,Portugal,Diesel,PRT
2021,749.5,Portugal,Diesel,PRT
2021,748.68,Portugal,Diesel,PRT
2021,750.31,Portugal,Diesel,PRT
2021,747.06,Portugal,Diesel,PRT
2021,745.43,Portugal,Diesel,PRT
2021,716.73,Portugal,Diesel,PRT
2021,707.79,Portugal,Diesel,PRT
2021,689.9,Portugal,Diesel,PRT
2021,679.33,Portugal,Diesel,PRT
2021,672.02,Portugal,Diesel,PRT
2021,668.76,Portugal,Diesel,PRT
2021,693.15,Portugal,Diesel,PRT
2021,651.69,Portugal,Diesel,PRT
2021,659.01,Portugal,Diesel,PRT
2021,664.7,Portugal,Diesel,PRT
2021,667.14,Portugal,Diesel,PRT
2021,665.51,Portugal,Diesel,PRT
2021,672.83,Portugal,Diesel,PRT
2021,669.58,Portugal,Diesel,PRT
2021,667.95,Portugal,Diesel,PRT
2021,663.89,Portugal,Diesel,PRT
2021,649.25,Portugal,Diesel,PRT
2021,641.12,Portugal,Diesel,PRT
2021,632.99,Portugal,Diesel,PRT
2021,619.98,Portugal,Diesel,PRT
2021,619.98,Portugal,Diesel,PRT
2021,621.61,Portugal,Diesel,PRT
2021,616.73,Portugal,Diesel,PRT
2021,602.91,Portugal,Diesel,PRT
2021,598.03,Portugal,Diesel,PRT
2021,593.15,Portugal,Diesel,PRT
2021,589.9,Portugal,Diesel,PRT
2021,590.72,Portugal,Diesel,PRT
2021,599.66,Portugal,Diesel,PRT
2021,598.85,Portugal,Diesel,PRT
2021,592.34,Portugal,Diesel,PRT
2021,588.28,Portugal,Diesel,PRT
2021,579.33,Portugal,Diesel,PRT
2021,562.26,Portugal,Diesel,PRT
2021,546.81,Portugal,Diesel,PRT
2021,536.24,Portugal,Diesel,PRT
2021,546,Portugal,Diesel,PRT
2021,541.93,Portugal,Diesel,PRT
2021,525.67,Portugal,Diesel,PRT
2020,513.42,Portugal,Diesel,PRT
2020,506.91,Portugal,Diesel,PRT
2020,494.72,Portugal,Diesel,PRT
2020,488.21,Portugal,Diesel,PRT
2020,476.83,Portugal,Diesel,PRT
2020,471.95,Portugal,Diesel,PRT
2020,460.57,Portugal,Diesel,PRT
2020,463.82,Portugal,Diesel,PRT
2020,468.7,Portugal,Diesel,PRT
2020,468.7,Portugal,Diesel,PRT
2020,465.45,Portugal,Diesel,PRT
2020,461.38,Portugal,Diesel,PRT
2020,461.38,Portugal,Diesel,PRT
2020,471.95,Portugal,Diesel,PRT
2020,479.27,Portugal,Diesel,PRT
2020,481.71,Portugal,Diesel,PRT
2020,495.53,Portugal,Diesel,PRT
2020,496.34,Portugal,Diesel,PRT
2020,492.28,Portugal,Diesel,PRT
2020,492.28,Portugal,Diesel,PRT
2020,492.28,Portugal,Diesel,PRT
2020,493.9,Portugal,Diesel,PRT
2020,493.9,Portugal,Diesel,PRT
2020,491.47,Portugal,Diesel,PRT
2020,470.33,Portugal,Diesel,PRT
2020,466.26,Portugal,Diesel,PRT
2020,458.94,Portugal,Diesel,PRT
2020,450,Portugal,Diesel,PRT
2020,440.25,Portugal,Diesel,PRT
2020,437.81,Portugal,Diesel,PRT
2020,432.93,Portugal,Diesel,PRT
2020,413.42,Portugal,Diesel,PRT
2020,405.29,Portugal,Diesel,PRT
2020,402.85,Portugal,Diesel,PRT
2020,425.61,Portugal,Diesel,PRT
2020,471.95,Portugal,Diesel,PRT
2020,486.59,Portugal,Diesel,PRT
2020,484.15,Portugal,Diesel,PRT
2020,489.84,Portugal,Diesel,PRT
2020,523.99,Portugal,Diesel,PRT
2020,567.07,Portugal,Diesel,PRT
2020,587.4,Portugal,Diesel,PRT
2020,597.97,Portugal,Diesel,PRT
2020,601.22,Portugal,Diesel,PRT
2020,630.58,Portugal,Diesel,PRT
2020,641.96,Portugal,Diesel,PRT
2020,641.96,Portugal,Diesel,PRT
2020,657.41,Portugal,Diesel,PRT
2020,671.23,Portugal,Diesel,PRT
2020,669.6,Portugal,Diesel,PRT
2019,627.33,Portugal,Diesel,PRT
2019,626.52,Portugal,Diesel,PRT
2019,624.89,Portugal,Diesel,PRT
2019,623.26,Portugal,Diesel,PRT
2019,625.7,Portugal,Diesel,PRT
2019,624.08,Portugal,Diesel,PRT
2019,624.08,Portugal,Diesel,PRT
2019,622.45,Portugal,Diesel,PRT
2019,624.08,Portugal,Diesel,PRT
2019,623.26,Portugal,Diesel,PRT
2019,629.77,Portugal,Diesel,PRT
2019,637.9,Portugal,Diesel,PRT
2019,638.71,Portugal,Diesel,PRT
2019,620.01,Portugal,Diesel,PRT
2019,605.38,Portugal,Diesel,PRT
2019,599.69,Portugal,Diesel,PRT
2019,598.87,Portugal,Diesel,PRT
2019,594.81,Portugal,Diesel,PRT
2019,604.56,Portugal,Diesel,PRT
2019,615.13,Portugal,Diesel,PRT
2019,611.88,Portugal,Diesel,PRT
2019,611.88,Portugal,Diesel,PRT
2019,608.63,Portugal,Diesel,PRT
2019,604.56,Portugal,Diesel,PRT
2019,602.12,Portugal,Diesel,PRT
2019,593.18,Portugal,Diesel,PRT
2019,589.93,Portugal,Diesel,PRT
2019,602.94,Portugal,Diesel,PRT
2019,631.39,Portugal,Diesel,PRT
2019,649.28,Portugal,Diesel,PRT
2019,650.09,Portugal,Diesel,PRT
2019,646.03,Portugal,Diesel,PRT
2019,649.28,Portugal,Diesel,PRT
2019,646.03,Portugal,Diesel,PRT
2019,638.71,Portugal,Diesel,PRT
2019,631.39,Portugal,Diesel,PRT
2019,627.33,Portugal,Diesel,PRT
2019,644.4,Portugal,Diesel,PRT
2019,647.65,Portugal,Diesel,PRT
2019,647.65,Portugal,Diesel,PRT
2019,646.03,Portugal,Diesel,PRT
2019,641.15,Portugal,Diesel,PRT
2019,620.82,Portugal,Diesel,PRT
2019,613.51,Portugal,Diesel,PRT
2019,610.25,Portugal,Diesel,PRT
2019,607.82,Portugal,Diesel,PRT
2019,601.31,Portugal,Diesel,PRT
2019,593.99,Portugal,Diesel,PRT
2019,572.86,Portugal,Diesel,PRT
2018,593.94,Portugal,Diesel,PRT
2018,597.19,Portugal,Diesel,PRT
2018,611.01,Portugal,Diesel,PRT
2018,637.84,Portugal,Diesel,PRT
2018,659.79,Portugal,Diesel,PRT
2018,670.36,Portugal,Diesel,PRT
2018,682.56,Portugal,Diesel,PRT
2018,681.75,Portugal,Diesel,PRT
2018,688.25,Portugal,Diesel,PRT
2018,695.57,Portugal,Diesel,PRT
2018,691.5,Portugal,Diesel,PRT
2018,665.49,Portugal,Diesel,PRT
2018,654.1,Portugal,Diesel,PRT
2018,654.92,Portugal,Diesel,PRT
2018,653.29,Portugal,Diesel,PRT
2018,650.04,Portugal,Diesel,PRT
2018,637.84,Portugal,Diesel,PRT
2018,634.59,Portugal,Diesel,PRT
2018,633.78,Portugal,Diesel,PRT
2018,634.59,Portugal,Diesel,PRT
2018,632.97,Portugal,Diesel,PRT
2018,625.65,Portugal,Diesel,PRT
2018,636.22,Portugal,Diesel,PRT
2018,635.4,Portugal,Diesel,PRT
2018,632.97,Portugal,Diesel,PRT
2018,633.78,Portugal,Diesel,PRT
2018,635.4,Portugal,Diesel,PRT
2018,637.84,Portugal,Diesel,PRT
2018,652.48,Portugal,Diesel,PRT
2018,653.29,Portugal,Diesel,PRT
2018,635.4,Portugal,Diesel,PRT
2018,624.83,Portugal,Diesel,PRT
2018,610.2,Portugal,Diesel,PRT
2018,606.14,Portugal,Diesel,PRT
2018,592.31,Portugal,Diesel,PRT
2018,587.44,Portugal,Diesel,PRT
2018,576.87,Portugal,Diesel,PRT
2018,565.49,Portugal,Diesel,PRT
2018,549.23,Portugal,Diesel,PRT
2018,554.92,Portugal,Diesel,PRT
2018,555.73,Portugal,Diesel,PRT
2018,555.73,Portugal,Diesel,PRT
2018,567.11,Portugal,Diesel,PRT
2018,583.37,Portugal,Diesel,PRT
2018,594.75,Portugal,Diesel,PRT
2018,602.07,Portugal,Diesel,PRT
2018,603.7,Portugal,Diesel,PRT
2018,619.96,Portugal,Diesel,PRT
2018,614.27,Portugal,Diesel,PRT
2018,602.88,Portugal,Diesel,PRT
2017,575.1,Portugal,Diesel,PRT
2017,572.66,Portugal,Diesel,PRT
2017,575.1,Portugal,Diesel,PRT
2017,574.29,Portugal,Diesel,PRT
2017,573.48,Portugal,Diesel,PRT
2017,576.73,Portugal,Diesel,PRT
2017,562.91,Portugal,Diesel,PRT
2017,553.97,Portugal,Diesel,PRT
2017,550.71,Portugal,Diesel,PRT
2017,548.27,Portugal,Diesel,PRT
2017,549.9,Portugal,Diesel,PRT
2017,553.97,Portugal,Diesel,PRT
2017,540.14,Portugal,Diesel,PRT
2017,536.89,Portugal,Diesel,PRT
2017,534.45,Portugal,Diesel,PRT
2017,522.26,Portugal,Diesel,PRT
2017,516.57,Portugal,Diesel,PRT
2017,519.01,Portugal,Diesel,PRT
2017,522.26,Portugal,Diesel,PRT
2017,519.01,Portugal,Diesel,PRT
2017,510.06,Portugal,Diesel,PRT
2017,507.62,Portugal,Diesel,PRT
2017,506.81,Portugal,Diesel,PRT
2017,506,Portugal,Diesel,PRT
2017,492.99,Portugal,Diesel,PRT
2017,494.62,Portugal,Diesel,PRT
2017,497.87,Portugal,Diesel,PRT
2017,501.12,Portugal,Diesel,PRT
2017,523.07,Portugal,Diesel,PRT
2017,529.57,Portugal,Diesel,PRT
2017,521.44,Portugal,Diesel,PRT
2017,514.94,Portugal,Diesel,PRT
2017,522.26,Portugal,Diesel,PRT
2017,543.4,Portugal,Diesel,PRT
2017,555.59,Portugal,Diesel,PRT
2017,544.21,Portugal,Diesel,PRT
2017,536.89,Portugal,Diesel,PRT
2017,536.08,Portugal,Diesel,PRT
2017,546.65,Portugal,Diesel,PRT
2017,565.35,Portugal,Diesel,PRT
2017,571.85,Portugal,Diesel,PRT
2017,569.41,Portugal,Diesel,PRT
2017,569.41,Portugal,Diesel,PRT
2017,569.41,Portugal,Diesel,PRT
2017,562.91,Portugal,Diesel,PRT
2017,560.47,Portugal,Diesel,PRT
2017,579.98,Portugal,Diesel,PRT
2017,581.61,Portugal,Diesel,PRT
2017,572.66,Portugal,Diesel,PRT
2017,553.97,Portugal,Diesel,PRT
2025,848.1506037409841,Romania,Diesel,ROU
2025,859.0130997347906,Romania,Diesel,ROU
2025,846.3090214988948,Romania,Diesel,ROU
2025,833.2857803050093,Romania,Diesel,ROU
2025,826.3999678514739,Romania,Diesel,ROU
2025,829.937688442211,Romania,Diesel,ROU
2025,800.3315316763449,Romania,Diesel,ROU
2025,811.3309605678551,Romania,Diesel,ROU
2025,798.4642289987335,Romania,Diesel,ROU
2024,738.5933889279614,Romania,Diesel,ROU
2024,789.0984018494321,Romania,Diesel,ROU
2024,778.0921568233426,Romania,Diesel,ROU
2024,784.330249396621,Romania,Diesel,ROU
2024,788.221820373719,Romania,Diesel,ROU
2024,790.7408523720537,Romania,Diesel,ROU
2024,774.9341906962725,Romania,Diesel,ROU
2024,771.963255542825,Romania,Diesel,ROU
2024,760.024120603015,Romania,Diesel,ROU
2024,764.5060115002614,Romania,Diesel,ROU
2024,763.3807915057914,Romania,Diesel,ROU
2024,760.5833986691594,Romania,Diesel,ROU
2024,748.7223271324681,Romania,Diesel,ROU
2024,734.7999115631218,Romania,Diesel,ROU
2024,735.5132483615456,Romania,Diesel,ROU
2024,742.8694917980058,Romania,Diesel,ROU
2024,760.5532436724765,Romania,Diesel,ROU
2024,774.8216187968565,Romania,Diesel,ROU
2024,781.3429536136346,Romania,Diesel,ROU
2024,823.1912884495612,Romania,Diesel,ROU
2024,809.5545240822231,Romania,Diesel,ROU
2024,817.8367625783636,Romania,Diesel,ROU
2024,826.7511312217196,Romania,Diesel,ROU
2024,845.7920792079208,Romania,Diesel,ROU
2024,850.3642437414474,Romania,Diesel,ROU
2024,871.9767628849401,Romania,Diesel,ROU
2024,864.2727966885021,Romania,Diesel,ROU
2024,827.7313456824847,Romania,Diesel,ROU
2024,816.9683939801886,Romania,Diesel,ROU
2024,814.3563262271696,Romania,Diesel,ROU
2024,827.6114304087455,Romania,Diesel,ROU
2024,838.0624158511342,Romania,Diesel,ROU
2024,845.5336683417086,Romania,Diesel,ROU
2024,860.7712712511553,Romania,Diesel,ROU
2024,872.260908066334,Romania,Diesel,ROU
2024,880.4638356880163,Romania,Diesel,ROU
2024,897.473671517003,Romania,Diesel,ROU
2024,898.757589160066,Romania,Diesel,ROU
2024,895.0412557858724,Romania,Diesel,ROU
2024,881.6430857165858,Romania,Diesel,ROU
2024,883.14,Romania,Diesel,ROU
2024,881.09,Romania,Diesel,ROU
2024,895.6,Romania,Diesel,ROU
2024,901.97,Romania,Diesel,ROU
2024,905.7,Romania,Diesel,ROU
2024,894.46,Romania,Diesel,ROU
2024,873.29,Romania,Diesel,ROU
2024,859.82,Romania,Diesel,ROU
2024,855.58,Romania,Diesel,ROU
2024,844.74,Romania,Diesel,ROU
2024,836.32,Romania,Diesel,ROU
2024,844.24,Romania,Diesel,ROU
2024,855.3,Romania,Diesel,ROU
2023,855.62,Romania,Diesel,ROU
2023,857.66,Romania,Diesel,ROU
2023,869.34,Romania,Diesel,ROU
2023,896.28,Romania,Diesel,ROU
2023,897.5,Romania,Diesel,ROU
2023,904.75,Romania,Diesel,ROU
2023,920.6,Romania,Diesel,ROU
2023,944.95,Romania,Diesel,ROU
2023,957.34,Romania,Diesel,ROU
2023,960.22,Romania,Diesel,ROU
2023,957.95,Romania,Diesel,ROU
2023,968.14,Romania,Diesel,ROU
2023,971.34,Romania,Diesel,ROU
2023,960.24,Romania,Diesel,ROU
2023,939.91,Romania,Diesel,ROU
2023,930.15,Romania,Diesel,ROU
2023,921.67,Romania,Diesel,ROU
2023,916.88,Romania,Diesel,ROU
2023,912.89,Romania,Diesel,ROU
2023,893.36,Romania,Diesel,ROU
2023,855.3,Romania,Diesel,ROU
2023,828.79,Romania,Diesel,ROU
2023,807.57,Romania,Diesel,ROU
2023,804.57,Romania,Diesel,ROU
2023,803.44,Romania,Diesel,ROU
2023,803,Romania,Diesel,ROU
2023,804.65,Romania,Diesel,ROU
2023,808.7,Romania,Diesel,ROU
2023,804.68,Romania,Diesel,ROU
2023,789.95,Romania,Diesel,ROU
2023,789.93,Romania,Diesel,ROU
2023,785.03,Romania,Diesel,ROU
2023,824.48,Romania,Diesel,ROU
2023,824.15,Romania,Diesel,ROU
2023,804.69,Romania,Diesel,ROU
2023,814.96,Romania,Diesel,ROU
2023,913.63,Romania,Diesel,ROU
2023,922.26,Romania,Diesel,ROU
2023,875.66,Romania,Diesel,ROU
2023,887.56,Romania,Diesel,ROU
2023,904.64,Romania,Diesel,ROU
2023,931.78,Romania,Diesel,ROU
2023,912.42,Romania,Diesel,ROU
2023,899.12,Romania,Diesel,ROU
2023,909.5,Romania,Diesel,ROU
2023,915.24,Romania,Diesel,ROU
2023,946.82,Romania,Diesel,ROU
2023,959.37,Romania,Diesel,ROU
2023,939.87,Romania,Diesel,ROU
2023,918.91,Romania,Diesel,ROU
2023,907.13,Romania,Diesel,ROU
2023,930.45,Romania,Diesel,ROU
2022,934.48,Romania,Diesel,ROU
2022,963.25,Romania,Diesel,ROU
2022,979.34,Romania,Diesel,ROU
2022,1089.96,Romania,Diesel,ROU
2022,1128.72,Romania,Diesel,ROU
2022,1158.46,Romania,Diesel,ROU
2022,1186.68,Romania,Diesel,ROU
2022,1182.48,Romania,Diesel,ROU
2022,1163.7,Romania,Diesel,ROU
2022,1161.94,Romania,Diesel,ROU
2022,1132.64,Romania,Diesel,ROU
2022,1093.56,Romania,Diesel,ROU
2022,1079.18,Romania,Diesel,ROU
2022,1098.48,Romania,Diesel,ROU
2022,1122.31,Romania,Diesel,ROU
2022,1176.1,Romania,Diesel,ROU
2022,1179.75,Romania,Diesel,ROU
2022,1153.1,Romania,Diesel,ROU
2022,1128.56,Romania,Diesel,ROU
2022,1126.04,Romania,Diesel,ROU
2022,1139.84,Romania,Diesel,ROU
2022,1162.05,Romania,Diesel,ROU
2022,1166.92,Romania,Diesel,ROU
2022,1188.64,Romania,Diesel,ROU
2022,1187.83,Romania,Diesel,ROU
2022,1189.23,Romania,Diesel,ROU
2022,1194.26,Romania,Diesel,ROU
2022,1193.16,Romania,Diesel,ROU
2022,1183.58,Romania,Diesel,ROU
2022,1148.63,Romania,Diesel,ROU
2022,1130.06,Romania,Diesel,ROU
2022,1123.52,Romania,Diesel,ROU
2022,1126.03,Romania,Diesel,ROU
2022,1118.72,Romania,Diesel,ROU
2022,1088.32,Romania,Diesel,ROU
2022,1077.17,Romania,Diesel,ROU
2022,1080.89,Romania,Diesel,ROU
2022,1072.14,Romania,Diesel,ROU
2022,1075.96,Romania,Diesel,ROU
2022,1022.05,Romania,Diesel,ROU
2022,1021.64,Romania,Diesel,ROU
2022,910.01,Romania,Diesel,ROU
2022,824.26,Romania,Diesel,ROU
2022,800.95,Romania,Diesel,ROU
2022,787.19,Romania,Diesel,ROU
2022,780.5,Romania,Diesel,ROU
2022,750.04,Romania,Diesel,ROU
2022,736.93,Romania,Diesel,ROU
2022,721.49,Romania,Diesel,ROU
2022,704.6,Romania,Diesel,ROU
2022,703.46,Romania,Diesel,ROU
2021,682.53,Romania,Diesel,ROU
2021,678.66,Romania,Diesel,ROU
2021,687.34,Romania,Diesel,ROU
2021,716.99,Romania,Diesel,ROU
2021,717.34,Romania,Diesel,ROU
2021,726.41,Romania,Diesel,ROU
2021,727.67,Romania,Diesel,ROU
2021,737.69,Romania,Diesel,ROU
2021,730.32,Romania,Diesel,ROU
2021,716.24,Romania,Diesel,ROU
2021,697.99,Romania,Diesel,ROU
2021,676.71,Romania,Diesel,ROU
2021,655.97,Romania,Diesel,ROU
2021,650.87,Romania,Diesel,ROU
2021,645.01,Romania,Diesel,ROU
2021,641.37,Romania,Diesel,ROU
2021,625.94,Romania,Diesel,ROU
2021,625.93,Romania,Diesel,ROU
2021,636.91,Romania,Diesel,ROU
2021,643.24,Romania,Diesel,ROU
2021,648.14,Romania,Diesel,ROU
2021,646.46,Romania,Diesel,ROU
2021,643.01,Romania,Diesel,ROU
2021,637.36,Romania,Diesel,ROU
2021,631.05,Romania,Diesel,ROU
2021,618.15,Romania,Diesel,ROU
2021,610.25,Romania,Diesel,ROU
2021,600.23,Romania,Diesel,ROU
2021,596,Romania,Diesel,ROU
2021,582.95,Romania,Diesel,ROU
2021,583.5,Romania,Diesel,ROU
2021,584.41,Romania,Diesel,ROU
2021,583.65,Romania,Diesel,ROU
2021,566.43,Romania,Diesel,ROU
2021,575.11,Romania,Diesel,ROU
2021,576.9,Romania,Diesel,ROU
2021,566.58,Romania,Diesel,ROU
2021,565.62,Romania,Diesel,ROU
2021,584.96,Romania,Diesel,ROU
2021,583.72,Romania,Diesel,ROU
2021,574.16,Romania,Diesel,ROU
2021,568.84,Romania,Diesel,ROU
2021,557.57,Romania,Diesel,ROU
2021,543.3,Romania,Diesel,ROU
2021,526.65,Romania,Diesel,ROU
2021,515.89,Romania,Diesel,ROU
2021,517.14,Romania,Diesel,ROU
2021,507.81,Romania,Diesel,ROU
2021,502.52,Romania,Diesel,ROU
2020,486.87,Romania,Diesel,ROU
2020,480.84,Romania,Diesel,ROU
2020,463.53,Romania,Diesel,ROU
2020,453.05,Romania,Diesel,ROU
2020,447.59,Romania,Diesel,ROU
2020,433.78,Romania,Diesel,ROU
2020,421.93,Romania,Diesel,ROU
2020,418.72,Romania,Diesel,ROU
2020,431.06,Romania,Diesel,ROU
2020,428.15,Romania,Diesel,ROU
2020,426.23,Romania,Diesel,ROU
2020,417.72,Romania,Diesel,ROU
2020,407.68,Romania,Diesel,ROU
2020,407.61,Romania,Diesel,ROU
2020,412.67,Romania,Diesel,ROU
2020,432,Romania,Diesel,ROU
2020,438.3,Romania,Diesel,ROU
2020,440.75,Romania,Diesel,ROU
2020,454.53,Romania,Diesel,ROU
2020,454.03,Romania,Diesel,ROU
2020,449.3,Romania,Diesel,ROU
2020,459.91,Romania,Diesel,ROU
2020,461.51,Romania,Diesel,ROU
2020,456.07,Romania,Diesel,ROU
2020,454.83,Romania,Diesel,ROU
2020,449.51,Romania,Diesel,ROU
2020,443.8,Romania,Diesel,ROU
2020,443.73,Romania,Diesel,ROU
2020,431.15,Romania,Diesel,ROU
2020,430.46,Romania,Diesel,ROU
2020,430.53,Romania,Diesel,ROU
2020,430.69,Romania,Diesel,ROU
2020,431.46,Romania,Diesel,ROU
2020,432.67,Romania,Diesel,ROU
2020,457.97,Romania,Diesel,ROU
2020,472.01,Romania,Diesel,ROU
2020,477.77,Romania,Diesel,ROU
2020,479.08,Romania,Diesel,ROU
2020,487.69,Romania,Diesel,ROU
2020,517.45,Romania,Diesel,ROU
2020,559.86,Romania,Diesel,ROU
2020,564.12,Romania,Diesel,ROU
2020,577.59,Romania,Diesel,ROU
2020,573.52,Romania,Diesel,ROU
2020,581.6,Romania,Diesel,ROU
2020,594.22,Romania,Diesel,ROU
2020,604.31,Romania,Diesel,ROU
2020,613.92,Romania,Diesel,ROU
2020,616.75,Romania,Diesel,ROU
2020,597.19,Romania,Diesel,ROU
2019,594.54,Romania,Diesel,ROU
2019,601.09,Romania,Diesel,ROU
2019,605.49,Romania,Diesel,ROU
2019,600.61,Romania,Diesel,ROU
2019,605.48,Romania,Diesel,ROU
2019,613.17,Romania,Diesel,ROU
2019,613.7,Romania,Diesel,ROU
2019,607.66,Romania,Diesel,ROU
2019,591.01,Romania,Diesel,ROU
2019,612.64,Romania,Diesel,ROU
2019,619.65,Romania,Diesel,ROU
2019,622.18,Romania,Diesel,ROU
2019,611.83,Romania,Diesel,ROU
2019,599.3,Romania,Diesel,ROU
2019,595.72,Romania,Diesel,ROU
2019,594.17,Romania,Diesel,ROU
2019,581.04,Romania,Diesel,ROU
2019,580.68,Romania,Diesel,ROU
2019,591.47,Romania,Diesel,ROU
2019,612.32,Romania,Diesel,ROU
2019,609.07,Romania,Diesel,ROU
2019,604.21,Romania,Diesel,ROU
2019,603.53,Romania,Diesel,ROU
2019,597.53,Romania,Diesel,ROU
2019,599.47,Romania,Diesel,ROU
2019,597.79,Romania,Diesel,ROU
2019,609.74,Romania,Diesel,ROU
2019,616.05,Romania,Diesel,ROU
2019,637.5,Romania,Diesel,ROU
2019,645.94,Romania,Diesel,ROU
2019,652.5,Romania,Diesel,ROU
2019,650.25,Romania,Diesel,ROU
2019,652.35,Romania,Diesel,ROU
2019,650.17,Romania,Diesel,ROU
2019,641.04,Romania,Diesel,ROU
2019,633.48,Romania,Diesel,ROU
2019,627.36,Romania,Diesel,ROU
2019,633.12,Romania,Diesel,ROU
2019,620.13,Romania,Diesel,ROU
2019,619.77,Romania,Diesel,ROU
2019,621.92,Romania,Diesel,ROU
2019,612.99,Romania,Diesel,ROU
2019,602.01,Romania,Diesel,ROU
2019,590.76,Romania,Diesel,ROU
2019,581.06,Romania,Diesel,ROU
2019,563.87,Romania,Diesel,ROU
2019,567.66,Romania,Diesel,ROU
2019,568.12,Romania,Diesel,ROU
2019,551.04,Romania,Diesel,ROU
2018,592.43,Romania,Diesel,ROU
2018,599.19,Romania,Diesel,ROU
2018,611.77,Romania,Diesel,ROU
2018,637.28,Romania,Diesel,ROU
2018,661.29,Romania,Diesel,ROU
2018,674.16,Romania,Diesel,ROU
2018,682.44,Romania,Diesel,ROU
2018,676.75,Romania,Diesel,ROU
2018,681.26,Romania,Diesel,ROU
2018,694.21,Romania,Diesel,ROU
2018,677.24,Romania,Diesel,ROU
2018,671.12,Romania,Diesel,ROU
2018,669.98,Romania,Diesel,ROU
2018,672.65,Romania,Diesel,ROU
2018,673.18,Romania,Diesel,ROU
2018,663.6,Romania,Diesel,ROU
2018,647.88,Romania,Diesel,ROU
2018,643.01,Romania,Diesel,ROU
2018,643.04,Romania,Diesel,ROU
2018,647.44,Romania,Diesel,ROU
2018,641.97,Romania,Diesel,ROU
2018,641.09,Romania,Diesel,ROU
2018,647.87,Romania,Diesel,ROU
2018,649.37,Romania,Diesel,ROU
2018,648.86,Romania,Diesel,ROU
2018,642.74,Romania,Diesel,ROU
2018,645.39,Romania,Diesel,ROU
2018,663.78,Romania,Diesel,ROU
2018,675.21,Romania,Diesel,ROU
2018,669.03,Romania,Diesel,ROU
2018,662.89,Romania,Diesel,ROU
2018,633.61,Romania,Diesel,ROU
2018,616.87,Romania,Diesel,ROU
2018,614.31,Romania,Diesel,ROU
2018,606.55,Romania,Diesel,ROU
2018,601.04,Romania,Diesel,ROU
2018,589.29,Romania,Diesel,ROU
2018,575.62,Romania,Diesel,ROU
2018,559.41,Romania,Diesel,ROU
2018,562.09,Romania,Diesel,ROU
2018,565.55,Romania,Diesel,ROU
2018,559.31,Romania,Diesel,ROU
2018,552.74,Romania,Diesel,ROU
2018,571.45,Romania,Diesel,ROU
2018,588.54,Romania,Diesel,ROU
2018,593.12,Romania,Diesel,ROU
2018,587.59,Romania,Diesel,ROU
2018,587.93,Romania,Diesel,ROU
2018,578.21,Romania,Diesel,ROU
2018,561.83,Romania,Diesel,ROU
2017,560.91,Romania,Diesel,ROU
2017,553.52,Romania,Diesel,ROU
2017,557.06,Romania,Diesel,ROU
2017,558.76,Romania,Diesel,ROU
2017,556.09,Romania,Diesel,ROU
2017,551.33,Romania,Diesel,ROU
2017,550.04,Romania,Diesel,ROU
2017,517.57,Romania,Diesel,ROU
2017,530.02,Romania,Diesel,ROU
2017,525.46,Romania,Diesel,ROU
2017,519.95,Romania,Diesel,ROU
2017,471.79,Romania,Diesel,ROU
2017,527.34,Romania,Diesel,ROU
2017,510.01,Romania,Diesel,ROU
2017,521.12,Romania,Diesel,ROU
2017,513.6,Romania,Diesel,ROU
2017,499.01,Romania,Diesel,ROU
2017,494.93,Romania,Diesel,ROU
2017,508.02,Romania,Diesel,ROU
2017,508.62,Romania,Diesel,ROU
2017,501.91,Romania,Diesel,ROU
2017,500.73,Romania,Diesel,ROU
2017,488.28,Romania,Diesel,ROU
2017,490.22,Romania,Diesel,ROU
2017,484.34,Romania,Diesel,ROU
2017,478.76,Romania,Diesel,ROU
2017,483.9,Romania,Diesel,ROU
2017,497.62,Romania,Diesel,ROU
2017,513.43,Romania,Diesel,ROU
2017,524.72,Romania,Diesel,ROU
2017,510.43,Romania,Diesel,ROU
2017,512.3,Romania,Diesel,ROU
2017,523.23,Romania,Diesel,ROU
2017,541.41,Romania,Diesel,ROU
2017,553.29,Romania,Diesel,ROU
2017,539.97,Romania,Diesel,ROU
2017,522.46,Romania,Diesel,ROU
2017,521.04,Romania,Diesel,ROU
2017,525.19,Romania,Diesel,ROU
2017,541.41,Romania,Diesel,ROU
2017,556.19,Romania,Diesel,ROU
2017,561.14,Romania,Diesel,ROU
2017,556.67,Romania,Diesel,ROU
2017,557.81,Romania,Diesel,ROU
2017,554.99,Romania,Diesel,ROU
2017,552,Romania,Diesel,ROU
2017,552.8,Romania,Diesel,ROU
2017,542.14,Romania,Diesel,ROU
2017,546.61,Romania,Diesel,ROU
2017,510.88,Romania,Diesel,ROU
2025,876.8430493273542,Sweden,Diesel,SWE
2025,898.7716309513136,Sweden,Diesel,SWE
2025,892.0114122681882,Sweden,Diesel,SWE
2025,875.3070544938589,Sweden,Diesel,SWE
2025,864.8027175333158,Sweden,Diesel,SWE
2025,891.16214335421,Sweden,Diesel,SWE
2025,923.8505372134499,Sweden,Diesel,SWE
2025,901.2733040719656,Sweden,Diesel,SWE
2025,910.6371843516944,Sweden,Diesel,SWE
2024,878.2483785313194,Sweden,Diesel,SWE
2024,878.9005939220532,Sweden,Diesel,SWE
2024,880.732663413101,Sweden,Diesel,SWE
2024,851.7337031900139,Sweden,Diesel,SWE
2024,867.111997917932,Sweden,Diesel,SWE
2024,891.315309049813,Sweden,Diesel,SWE
2024,870.7586206896551,Sweden,Diesel,SWE
2024,858.592132505176,Sweden,Diesel,SWE
2024,838.782257718236,Sweden,Diesel,SWE
2024,841.8446517304507,Sweden,Diesel,SWE
2024,835.5983373441259,Sweden,Diesel,SWE
2024,859.6825955070999,Sweden,Diesel,SWE
2024,829.4210804152737,Sweden,Diesel,SWE
2024,808.070796460177,Sweden,Diesel,SWE
2024,804.4358387607816,Sweden,Diesel,SWE
2024,810.8485357127081,Sweden,Diesel,SWE
2024,815.9231776516805,Sweden,Diesel,SWE
2024,840.1021936393269,Sweden,Diesel,SWE
2024,827.3612207313864,Sweden,Diesel,SWE
2024,854.9416301764588,Sweden,Diesel,SWE
2024,861.2172097272372,Sweden,Diesel,SWE
2024,873.0362406797295,Sweden,Diesel,SWE
2024,882.3775209994458,Sweden,Diesel,SWE
2024,896.4160346695558,Sweden,Diesel,SWE
2024,903.8353196099674,Sweden,Diesel,SWE
2024,937.392908923158,Sweden,Diesel,SWE
2024,925.3045964372113,Sweden,Diesel,SWE
2024,923.2819510461553,Sweden,Diesel,SWE
2024,894.4064179646338,Sweden,Diesel,SWE
2024,869.6020471190329,Sweden,Diesel,SWE
2024,890.1126847020653,Sweden,Diesel,SWE
2024,882.6343154246101,Sweden,Diesel,SWE
2024,880.139846891765,Sweden,Diesel,SWE
2024,880.957264957265,Sweden,Diesel,SWE
2024,885.0580645161291,Sweden,Diesel,SWE
2024,903.5857937526742,Sweden,Diesel,SWE
2024,913.4680860233591,Sweden,Diesel,SWE
2024,941.5225422423714,Sweden,Diesel,SWE
2024,964.5896191350737,Sweden,Diesel,SWE
2024,942.5831533477323,Sweden,Diesel,SWE
2024,938.33,Sweden,Diesel,SWE
2024,944.57,Sweden,Diesel,SWE
2024,943.85,Sweden,Diesel,SWE
2024,952.11,Sweden,Diesel,SWE
2024,973.11,Sweden,Diesel,SWE
2024,1000.77,Sweden,Diesel,SWE
2024,1014.46,Sweden,Diesel,SWE
2024,968.67,Sweden,Diesel,SWE
2024,961.94,Sweden,Diesel,SWE
2024,934.54,Sweden,Diesel,SWE
2024,926.12,Sweden,Diesel,SWE
2024,913.3,Sweden,Diesel,SWE
2024,912.04,Sweden,Diesel,SWE
2023,1269.71,Sweden,Diesel,SWE
2023,1248.11,Sweden,Diesel,SWE
2023,1229.48,Sweden,Diesel,SWE
2023,1262.56,Sweden,Diesel,SWE
2023,1267.33,Sweden,Diesel,SWE
2023,1263.87,Sweden,Diesel,SWE
2023,1291.49,Sweden,Diesel,SWE
2023,1344.08,Sweden,Diesel,SWE
2023,1316.06,Sweden,Diesel,SWE
2023,1359.09,Sweden,Diesel,SWE
2023,1373.45,Sweden,Diesel,SWE
2023,1359.81,Sweden,Diesel,SWE
2023,1420.51,Sweden,Diesel,SWE
2023,1432.93,Sweden,Diesel,SWE
2023,1412.82,Sweden,Diesel,SWE
2023,1380.31,Sweden,Diesel,SWE
2023,1313.69,Sweden,Diesel,SWE
2023,1338.27,Sweden,Diesel,SWE
2023,1312.48,Sweden,Diesel,SWE
2023,1299.19,Sweden,Diesel,SWE
2023,1301.18,Sweden,Diesel,SWE
2023,1260.3,Sweden,Diesel,SWE
2023,1197.61,Sweden,Diesel,SWE
2023,1198.38,Sweden,Diesel,SWE
2023,1170.9,Sweden,Diesel,SWE
2023,1151.95,Sweden,Diesel,SWE
2023,1169.94,Sweden,Diesel,SWE
2023,1161.51,Sweden,Diesel,SWE
2023,1159.38,Sweden,Diesel,SWE
2023,1138.96,Sweden,Diesel,SWE
2023,1126.07,Sweden,Diesel,SWE
2023,1137.41,Sweden,Diesel,SWE
2023,1113.91,Sweden,Diesel,SWE
2023,1125.72,Sweden,Diesel,SWE
2023,1125.54,Sweden,Diesel,SWE
2023,1169.32,Sweden,Diesel,SWE
2023,1209.14,Sweden,Diesel,SWE
2023,1214.02,Sweden,Diesel,SWE
2023,1226.84,Sweden,Diesel,SWE
2023,1213.11,Sweden,Diesel,SWE
2023,1227.69,Sweden,Diesel,SWE
2023,1235.13,Sweden,Diesel,SWE
2023,1295.73,Sweden,Diesel,SWE
2023,1265.43,Sweden,Diesel,SWE
2023,1272.3,Sweden,Diesel,SWE
2023,1279.98,Sweden,Diesel,SWE
2023,1261.31,Sweden,Diesel,SWE
2023,1348.87,Sweden,Diesel,SWE
2023,1398.47,Sweden,Diesel,SWE
2023,1366.92,Sweden,Diesel,SWE
2023,1330.67,Sweden,Diesel,SWE
2023,1357.28,Sweden,Diesel,SWE
2022,1297.44,Sweden,Diesel,SWE
2022,1310.18,Sweden,Diesel,SWE
2022,1266.45,Sweden,Diesel,SWE
2022,1384.67,Sweden,Diesel,SWE
2022,1376.87,Sweden,Diesel,SWE
2022,1387.95,Sweden,Diesel,SWE
2022,1484.63,Sweden,Diesel,SWE
2022,1600.98,Sweden,Diesel,SWE
2022,1627.98,Sweden,Diesel,SWE
2022,1603.84,Sweden,Diesel,SWE
2022,1647.07,Sweden,Diesel,SWE
2022,1644.48,Sweden,Diesel,SWE
2022,1454.75,Sweden,Diesel,SWE
2022,1493.19,Sweden,Diesel,SWE
2022,1438.91,Sweden,Diesel,SWE
2022,1555.88,Sweden,Diesel,SWE
2022,1566.22,Sweden,Diesel,SWE
2022,1666.69,Sweden,Diesel,SWE
2022,1600.15,Sweden,Diesel,SWE
2022,1527.15,Sweden,Diesel,SWE
2022,1503.14,Sweden,Diesel,SWE
2022,1612.46,Sweden,Diesel,SWE
2022,1610.73,Sweden,Diesel,SWE
2022,1675.62,Sweden,Diesel,SWE
2022,1635.71,Sweden,Diesel,SWE
2022,1651.67,Sweden,Diesel,SWE
2022,1721.85,Sweden,Diesel,SWE
2022,1746.2,Sweden,Diesel,SWE
2022,1712.81,Sweden,Diesel,SWE
2022,1696.44,Sweden,Diesel,SWE
2022,1537.17,Sweden,Diesel,SWE
2022,1471.47,Sweden,Diesel,SWE
2022,1523.44,Sweden,Diesel,SWE
2022,1527.83,Sweden,Diesel,SWE
2022,1626.38,Sweden,Diesel,SWE
2022,1468.09,Sweden,Diesel,SWE
2022,1405.32,Sweden,Diesel,SWE
2022,1494.09,Sweden,Diesel,SWE
2022,1557.02,Sweden,Diesel,SWE
2022,1524.33,Sweden,Diesel,SWE
2022,1429.43,Sweden,Diesel,SWE
2022,1478.38,Sweden,Diesel,SWE
2022,1248.94,Sweden,Diesel,SWE
2022,1180.61,Sweden,Diesel,SWE
2022,1187.21,Sweden,Diesel,SWE
2022,1190.47,Sweden,Diesel,SWE
2022,1114.58,Sweden,Diesel,SWE
2022,1063.5,Sweden,Diesel,SWE
2022,1084.02,Sweden,Diesel,SWE
2022,1076.38,Sweden,Diesel,SWE
2022,1051.19,Sweden,Diesel,SWE
2021,1035.8,Sweden,Diesel,SWE
2021,1038.35,Sweden,Diesel,SWE
2021,1034.53,Sweden,Diesel,SWE
2021,1038.28,Sweden,Diesel,SWE
2021,1056.81,Sweden,Diesel,SWE
2021,1083.18,Sweden,Diesel,SWE
2021,1084.41,Sweden,Diesel,SWE
2021,1110.34,Sweden,Diesel,SWE
2021,1100.66,Sweden,Diesel,SWE
2021,1095.67,Sweden,Diesel,SWE
2021,1082.79,Sweden,Diesel,SWE
2021,1047.07,Sweden,Diesel,SWE
2021,1000.63,Sweden,Diesel,SWE
2021,974.6,Sweden,Diesel,SWE
2021,965.41,Sweden,Diesel,SWE
2021,959.87,Sweden,Diesel,SWE
2021,959.03,Sweden,Diesel,SWE
2021,892.51,Sweden,Diesel,SWE
2021,911.02,Sweden,Diesel,SWE
2021,889.41,Sweden,Diesel,SWE
2021,897.92,Sweden,Diesel,SWE
2021,851.93,Sweden,Diesel,SWE
2021,842.14,Sweden,Diesel,SWE
2021,855.49,Sweden,Diesel,SWE
2021,851.89,Sweden,Diesel,SWE
2021,866.17,Sweden,Diesel,SWE
2021,839.86,Sweden,Diesel,SWE
2021,833.13,Sweden,Diesel,SWE
2021,822.93,Sweden,Diesel,SWE
2021,812.44,Sweden,Diesel,SWE
2021,796.72,Sweden,Diesel,SWE
2021,809.94,Sweden,Diesel,SWE
2021,809.79,Sweden,Diesel,SWE
2021,791.68,Sweden,Diesel,SWE
2021,775.64,Sweden,Diesel,SWE
2021,786.84,Sweden,Diesel,SWE
2021,774.73,Sweden,Diesel,SWE
2021,781.75,Sweden,Diesel,SWE
2021,787.11,Sweden,Diesel,SWE
2021,804.04,Sweden,Diesel,SWE
2021,799.06,Sweden,Diesel,SWE
2021,774.95,Sweden,Diesel,SWE
2021,778.78,Sweden,Diesel,SWE
2021,777.45,Sweden,Diesel,SWE
2021,758.13,Sweden,Diesel,SWE
2021,729.05,Sweden,Diesel,SWE
2021,727.56,Sweden,Diesel,SWE
2021,725.97,Sweden,Diesel,SWE
2021,716.5,Sweden,Diesel,SWE
2020,660.24,Sweden,Diesel,SWE
2020,661.5,Sweden,Diesel,SWE
2020,648.23,Sweden,Diesel,SWE
2020,650.7,Sweden,Diesel,SWE
2020,635.99,Sweden,Diesel,SWE
2020,622.63,Sweden,Diesel,SWE
2020,612.13,Sweden,Diesel,SWE
2020,598.8,Sweden,Diesel,SWE
2020,609.57,Sweden,Diesel,SWE
2020,619.23,Sweden,Diesel,SWE
2020,616.58,Sweden,Diesel,SWE
2020,601.83,Sweden,Diesel,SWE
2020,598.99,Sweden,Diesel,SWE
2020,613.93,Sweden,Diesel,SWE
2020,600.08,Sweden,Diesel,SWE
2020,617.64,Sweden,Diesel,SWE
2020,631.32,Sweden,Diesel,SWE
2020,627.67,Sweden,Diesel,SWE
2020,639.13,Sweden,Diesel,SWE
2020,652.68,Sweden,Diesel,SWE
2020,643.32,Sweden,Diesel,SWE
2020,657.15,Sweden,Diesel,SWE
2020,660.7,Sweden,Diesel,SWE
2020,661.32,Sweden,Diesel,SWE
2020,657.36,Sweden,Diesel,SWE
2020,639.39,Sweden,Diesel,SWE
2020,652.16,Sweden,Diesel,SWE
2020,618.36,Sweden,Diesel,SWE
2020,621.01,Sweden,Diesel,SWE
2020,602.81,Sweden,Diesel,SWE
2020,591.93,Sweden,Diesel,SWE
2020,563.48,Sweden,Diesel,SWE
2020,563.36,Sweden,Diesel,SWE
2020,550.56,Sweden,Diesel,SWE
2020,571.92,Sweden,Diesel,SWE
2020,584.43,Sweden,Diesel,SWE
2020,604.39,Sweden,Diesel,SWE
2020,609.37,Sweden,Diesel,SWE
2020,606.85,Sweden,Diesel,SWE
2020,687.97,Sweden,Diesel,SWE
2020,730.38,Sweden,Diesel,SWE
2020,755.35,Sweden,Diesel,SWE
2020,775.89,Sweden,Diesel,SWE
2020,765.29,Sweden,Diesel,SWE
2020,754.64,Sweden,Diesel,SWE
2020,756.15,Sweden,Diesel,SWE
2020,793.79,Sweden,Diesel,SWE
2020,810.65,Sweden,Diesel,SWE
2020,824.36,Sweden,Diesel,SWE
2020,821.85,Sweden,Diesel,SWE
2019,783.58,Sweden,Diesel,SWE
2019,773.13,Sweden,Diesel,SWE
2019,776.23,Sweden,Diesel,SWE
2019,771.18,Sweden,Diesel,SWE
2019,774.94,Sweden,Diesel,SWE
2019,773.69,Sweden,Diesel,SWE
2019,765.76,Sweden,Diesel,SWE
2019,772.1,Sweden,Diesel,SWE
2019,774.15,Sweden,Diesel,SWE
2019,767.57,Sweden,Diesel,SWE
2019,767.78,Sweden,Diesel,SWE
2019,780.45,Sweden,Diesel,SWE
2019,787.91,Sweden,Diesel,SWE
2019,787.56,Sweden,Diesel,SWE
2019,770.25,Sweden,Diesel,SWE
2019,753.5,Sweden,Diesel,SWE
2019,753.19,Sweden,Diesel,SWE
2019,749.85,Sweden,Diesel,SWE
2019,751.01,Sweden,Diesel,SWE
2019,762.39,Sweden,Diesel,SWE
2019,746.84,Sweden,Diesel,SWE
2019,743.88,Sweden,Diesel,SWE
2019,754.38,Sweden,Diesel,SWE
2019,743.92,Sweden,Diesel,SWE
2019,755.19,Sweden,Diesel,SWE
2019,765.07,Sweden,Diesel,SWE
2019,744.57,Sweden,Diesel,SWE
2019,745.3,Sweden,Diesel,SWE
2019,774.13,Sweden,Diesel,SWE
2019,780.43,Sweden,Diesel,SWE
2019,803.4,Sweden,Diesel,SWE
2019,783.7,Sweden,Diesel,SWE
2019,787.9,Sweden,Diesel,SWE
2019,796.03,Sweden,Diesel,SWE
2019,783.47,Sweden,Diesel,SWE
2019,778.69,Sweden,Diesel,SWE
2019,769.57,Sweden,Diesel,SWE
2019,773.24,Sweden,Diesel,SWE
2019,772.27,Sweden,Diesel,SWE
2019,769.71,Sweden,Diesel,SWE
2019,766.07,Sweden,Diesel,SWE
2019,770.23,Sweden,Diesel,SWE
2019,764.63,Sweden,Diesel,SWE
2019,737.81,Sweden,Diesel,SWE
2019,737.94,Sweden,Diesel,SWE
2019,739.12,Sweden,Diesel,SWE
2019,749.83,Sweden,Diesel,SWE
2019,715.49,Sweden,Diesel,SWE
2019,712.13,Sweden,Diesel,SWE
2018,748.15,Sweden,Diesel,SWE
2018,746.87,Sweden,Diesel,SWE
2018,748.12,Sweden,Diesel,SWE
2018,791.43,Sweden,Diesel,SWE
2018,815.66,Sweden,Diesel,SWE
2018,819.8,Sweden,Diesel,SWE
2018,824.09,Sweden,Diesel,SWE
2018,835.55,Sweden,Diesel,SWE
2018,833.98,Sweden,Diesel,SWE
2018,836.09,Sweden,Diesel,SWE
2018,845.45,Sweden,Diesel,SWE
2018,804.55,Sweden,Diesel,SWE
2018,794.01,Sweden,Diesel,SWE
2018,795.79,Sweden,Diesel,SWE
2018,803.01,Sweden,Diesel,SWE
2018,794.11,Sweden,Diesel,SWE
2018,784.49,Sweden,Diesel,SWE
2018,774.07,Sweden,Diesel,SWE
2018,771.37,Sweden,Diesel,SWE
2018,787.48,Sweden,Diesel,SWE
2018,791.61,Sweden,Diesel,SWE
2018,775.1,Sweden,Diesel,SWE
2018,777.43,Sweden,Diesel,SWE
2018,786.81,Sweden,Diesel,SWE
2018,775.79,Sweden,Diesel,SWE
2018,757.03,Sweden,Diesel,SWE
2018,757.54,Sweden,Diesel,SWE
2018,772.05,Sweden,Diesel,SWE
2018,793.95,Sweden,Diesel,SWE
2018,786.98,Sweden,Diesel,SWE
2018,792.69,Sweden,Diesel,SWE
2018,771.32,Sweden,Diesel,SWE
2018,748.41,Sweden,Diesel,SWE
2018,738.01,Sweden,Diesel,SWE
2018,732.19,Sweden,Diesel,SWE
2018,720.9,Sweden,Diesel,SWE
2018,711.87,Sweden,Diesel,SWE
2018,686.04,Sweden,Diesel,SWE
2018,693.05,Sweden,Diesel,SWE
2018,684.09,Sweden,Diesel,SWE
2018,682.41,Sweden,Diesel,SWE
2018,691.77,Sweden,Diesel,SWE
2018,672.79,Sweden,Diesel,SWE
2018,690.26,Sweden,Diesel,SWE
2018,726.37,Sweden,Diesel,SWE
2018,730.2,Sweden,Diesel,SWE
2018,725.14,Sweden,Diesel,SWE
2018,733.23,Sweden,Diesel,SWE
2018,734.01,Sweden,Diesel,SWE
2018,729.78,Sweden,Diesel,SWE
2017,702,Sweden,Diesel,SWE
2017,692.64,Sweden,Diesel,SWE
2017,692.6,Sweden,Diesel,SWE
2017,704,Sweden,Diesel,SWE
2017,696.4,Sweden,Diesel,SWE
2017,717.17,Sweden,Diesel,SWE
2017,697.27,Sweden,Diesel,SWE
2017,684.8,Sweden,Diesel,SWE
2017,682.53,Sweden,Diesel,SWE
2017,688.23,Sweden,Diesel,SWE
2017,693.2,Sweden,Diesel,SWE
2017,684.1,Sweden,Diesel,SWE
2017,689.34,Sweden,Diesel,SWE
2017,682.57,Sweden,Diesel,SWE
2017,672.98,Sweden,Diesel,SWE
2017,665.69,Sweden,Diesel,SWE
2017,657.28,Sweden,Diesel,SWE
2017,651.52,Sweden,Diesel,SWE
2017,543.29,Sweden,Diesel,SWE
2017,509.63,Sweden,Diesel,SWE
2017,513.65,Sweden,Diesel,SWE
2017,511.19,Sweden,Diesel,SWE
2017,513.77,Sweden,Diesel,SWE
2017,509.63,Sweden,Diesel,SWE
2017,508.67,Sweden,Diesel,SWE
2017,502.1,Sweden,Diesel,SWE
2017,505.71,Sweden,Diesel,SWE
2017,512.44,Sweden,Diesel,SWE
2017,535.08,Sweden,Diesel,SWE
2017,546.13,Sweden,Diesel,SWE
2017,552.82,Sweden,Diesel,SWE
2017,550.61,Sweden,Diesel,SWE
2017,531.63,Sweden,Diesel,SWE
2017,551.73,Sweden,Diesel,SWE
2017,571.77,Sweden,Diesel,SWE
2017,587.63,Sweden,Diesel,SWE
2017,568.29,Sweden,Diesel,SWE
2017,549.07,Sweden,Diesel,SWE
2017,560.11,Sweden,Diesel,SWE
2017,577.95,Sweden,Diesel,SWE
2017,592.42,Sweden,Diesel,SWE
2017,598.13,Sweden,Diesel,SWE
2017,595.35,Sweden,Diesel,SWE
2017,597.91,Sweden,Diesel,SWE
2017,587.35,Sweden,Diesel,SWE
2017,586.48,Sweden,Diesel,SWE
2017,582.53,Sweden,Diesel,SWE
2017,589.75,Sweden,Diesel,SWE
2017,602.66,Sweden,Diesel,SWE
2017,605.52,Sweden,Diesel,SWE
2025,746.2,Slovenia,Diesel,SVN
2025,741.81,Slovenia,Diesel,SVN
2025,754.76,Slovenia,Diesel,SVN
2025,767.88,Slovenia,Diesel,SVN
2025,749.36,Slovenia,Diesel,SVN
2025,738.17,Slovenia,Diesel,SVN
2025,727.29,Slovenia,Diesel,SVN
2025,727.77,Slovenia,Diesel,SVN
2025,714.21,Slovenia,Diesel,SVN
2024,718.38,Slovenia,Diesel,SVN
2024,718.38,Slovenia,Diesel,SVN
2024,723.06,Slovenia,Diesel,SVN
2024,712.98,Slovenia,Diesel,SVN
2024,706.98,Slovenia,Diesel,SVN
2024,694.36,Slovenia,Diesel,SVN
2024,686.72,Slovenia,Diesel,SVN
2024,692.52,Slovenia,Diesel,SVN
2024,696.4,Slovenia,Diesel,SVN
2024,681.64,Slovenia,Diesel,SVN
2024,672.42,Slovenia,Diesel,SVN
2024,666.03,Slovenia,Diesel,SVN
2024,650.38,Slovenia,Diesel,SVN
2024,676.16,Slovenia,Diesel,SVN
2024,688.45,Slovenia,Diesel,SVN
2024,691.3,Slovenia,Diesel,SVN
2024,715.29,Slovenia,Diesel,SVN
2024,719.54,Slovenia,Diesel,SVN
2024,732.84,Slovenia,Diesel,SVN
2024,736.56,Slovenia,Diesel,SVN
2024,758.79,Slovenia,Diesel,SVN
2024,756.81,Slovenia,Diesel,SVN
2024,778.72,Slovenia,Diesel,SVN
2024,768.94,Slovenia,Diesel,SVN
2024,759.19,Slovenia,Diesel,SVN
2024,732.54,Slovenia,Diesel,SVN
2024,715.34,Slovenia,Diesel,SVN
2024,716.41,Slovenia,Diesel,SVN
2024,721.39,Slovenia,Diesel,SVN
2024,721.49,Slovenia,Diesel,SVN
2024,721.32,Slovenia,Diesel,SVN
2024,735.38,Slovenia,Diesel,SVN
2024,747.44,Slovenia,Diesel,SVN
2024,765.85,Slovenia,Diesel,SVN
2024,786.27,Slovenia,Diesel,SVN
2024,789.13,Slovenia,Diesel,SVN
2024,793.38,Slovenia,Diesel,SVN
2024,786.65,Slovenia,Diesel,SVN
2024,782.68,Slovenia,Diesel,SVN
2024,779.28,Slovenia,Diesel,SVN
2024,775.24,Slovenia,Diesel,SVN
2024,776.21,Slovenia,Diesel,SVN
2024,808.8,Slovenia,Diesel,SVN
2024,797.11,Slovenia,Diesel,SVN
2024,786.25,Slovenia,Diesel,SVN
2024,767.84,Slovenia,Diesel,SVN
2024,754.47,Slovenia,Diesel,SVN
2024,732.06,Slovenia,Diesel,SVN
2024,719.52,Slovenia,Diesel,SVN
2024,725.95,Slovenia,Diesel,SVN
2024,742.14,Slovenia,Diesel,SVN
2024,730.42,Slovenia,Diesel,SVN
2024,742.14,Slovenia,Diesel,SVN
2023,742.14,Slovenia,Diesel,SVN
2023,757.28,Slovenia,Diesel,SVN
2023,785.25,Slovenia,Diesel,SVN
2023,787.88,Slovenia,Diesel,SVN
2023,818.43,Slovenia,Diesel,SVN
2023,844.97,Slovenia,Diesel,SVN
2023,864.31,Slovenia,Diesel,SVN
2023,885.74,Slovenia,Diesel,SVN
2023,881.59,Slovenia,Diesel,SVN
2023,910.57,Slovenia,Diesel,SVN
2023,915.14,Slovenia,Diesel,SVN
2023,933.28,Slovenia,Diesel,SVN
2023,902.12,Slovenia,Diesel,SVN
2023,884.37,Slovenia,Diesel,SVN
2023,872.01,Slovenia,Diesel,SVN
2023,867.71,Slovenia,Diesel,SVN
2023,864.9,Slovenia,Diesel,SVN
2023,862.47,Slovenia,Diesel,SVN
2023,793.56,Slovenia,Diesel,SVN
2023,793.52,Slovenia,Diesel,SVN
2023,767.67,Slovenia,Diesel,SVN
2023,747.78,Slovenia,Diesel,SVN
2023,732.07,Slovenia,Diesel,SVN
2023,720.99,Slovenia,Diesel,SVN
2023,709.65,Slovenia,Diesel,SVN
2023,712.42,Slovenia,Diesel,SVN
2023,698.39,Slovenia,Diesel,SVN
2023,687.66,Slovenia,Diesel,SVN
2023,684.56,Slovenia,Diesel,SVN
2023,683.82,Slovenia,Diesel,SVN
2023,678.7,Slovenia,Diesel,SVN
2023,678.15,Slovenia,Diesel,SVN
2023,686.03,Slovenia,Diesel,SVN
2023,747.19,Slovenia,Diesel,SVN
2023,737.23,Slovenia,Diesel,SVN
2023,762.99,Slovenia,Diesel,SVN
2023,770.79,Slovenia,Diesel,SVN
2023,769.66,Slovenia,Diesel,SVN
2023,788.93,Slovenia,Diesel,SVN
2023,827.22,Slovenia,Diesel,SVN
2023,820.31,Slovenia,Diesel,SVN
2023,815.34,Slovenia,Diesel,SVN
2023,816.71,Slovenia,Diesel,SVN
2023,836.93,Slovenia,Diesel,SVN
2023,852.61,Slovenia,Diesel,SVN
2023,927.07,Slovenia,Diesel,SVN
2023,903.14,Slovenia,Diesel,SVN
2023,887.02,Slovenia,Diesel,SVN
2023,887.59,Slovenia,Diesel,SVN
2023,900.43,Slovenia,Diesel,SVN
2023,885.26,Slovenia,Diesel,SVN
2023,888.24,Slovenia,Diesel,SVN
2022,916.45,Slovenia,Diesel,SVN
2022,946.69,Slovenia,Diesel,SVN
2022,971.21,Slovenia,Diesel,SVN
2022,999.1,Slovenia,Diesel,SVN
2022,1037.65,Slovenia,Diesel,SVN
2022,1076.38,Slovenia,Diesel,SVN
2022,1101.08,Slovenia,Diesel,SVN
2022,1131.64,Slovenia,Diesel,SVN
2022,1073.63,Slovenia,Diesel,SVN
2022,1050.96,Slovenia,Diesel,SVN
2022,1009.88,Slovenia,Diesel,SVN
2022,986.17,Slovenia,Diesel,SVN
2022,1021.49,Slovenia,Diesel,SVN
2022,1053.64,Slovenia,Diesel,SVN
2022,1093.34,Slovenia,Diesel,SVN
2022,1080.55,Slovenia,Diesel,SVN
2022,1017.64,Slovenia,Diesel,SVN
2022,978.06,Slovenia,Diesel,SVN
2022,1009.04,Slovenia,Diesel,SVN
2022,1023.96,Slovenia,Diesel,SVN
2022,1039.39,Slovenia,Diesel,SVN
2022,1086.46,Slovenia,Diesel,SVN
2022,1126.65,Slovenia,Diesel,SVN
2022,1165.45,Slovenia,Diesel,SVN
2022,1172.84,Slovenia,Diesel,SVN
2022,1186.91,Slovenia,Diesel,SVN
2022,1058.47,Slovenia,Diesel,SVN
2022,960.94,Slovenia,Diesel,SVN
2022,960.94,Slovenia,Diesel,SVN
2022,960.94,Slovenia,Diesel,SVN
2022,960.94,Slovenia,Diesel,SVN
2022,960.94,Slovenia,Diesel,SVN
2022,1064.92,Slovenia,Diesel,SVN
2022,961.03,Slovenia,Diesel,SVN
2022,856.84,Slovenia,Diesel,SVN
2022,856.84,Slovenia,Diesel,SVN
2022,856.84,Slovenia,Diesel,SVN
2022,856.84,Slovenia,Diesel,SVN
2022,856.84,Slovenia,Diesel,SVN
2022,935.49,Slovenia,Diesel,SVN
2022,859.3,Slovenia,Diesel,SVN
2022,798.8,Slovenia,Diesel,SVN
2022,778.81,Slovenia,Diesel,SVN
2022,774.16,Slovenia,Diesel,SVN
2022,759.62,Slovenia,Diesel,SVN
2022,757.55,Slovenia,Diesel,SVN
2022,737.11,Slovenia,Diesel,SVN
2022,727.17,Slovenia,Diesel,SVN
2022,713.72,Slovenia,Diesel,SVN
2022,683.11,Slovenia,Diesel,SVN
2022,656.78,Slovenia,Diesel,SVN
2021,681.57,Slovenia,Diesel,SVN
2021,695.99,Slovenia,Diesel,SVN
2021,718.67,Slovenia,Diesel,SVN
2021,724.95,Slovenia,Diesel,SVN
2021,744.13,Slovenia,Diesel,SVN
2021,743.93,Slovenia,Diesel,SVN
2021,741.43,Slovenia,Diesel,SVN
2021,726.3,Slovenia,Diesel,SVN
2021,708.85,Slovenia,Diesel,SVN
2021,692.9,Slovenia,Diesel,SVN
2021,662.35,Slovenia,Diesel,SVN
2021,639.21,Slovenia,Diesel,SVN
2021,620.74,Slovenia,Diesel,SVN
2021,613.04,Slovenia,Diesel,SVN
2021,609.78,Slovenia,Diesel,SVN
2021,599.13,Slovenia,Diesel,SVN
2021,593.81,Slovenia,Diesel,SVN
2021,596.47,Slovenia,Diesel,SVN
2021,613.17,Slovenia,Diesel,SVN
2021,604.25,Slovenia,Diesel,SVN
2021,605.35,Slovenia,Diesel,SVN
2021,603,Slovenia,Diesel,SVN
2021,601.48,Slovenia,Diesel,SVN
2021,597.07,Slovenia,Diesel,SVN
2021,588.38,Slovenia,Diesel,SVN
2021,577.56,Slovenia,Diesel,SVN
2021,568.91,Slovenia,Diesel,SVN
2021,557.89,Slovenia,Diesel,SVN
2021,546.44,Slovenia,Diesel,SVN
2021,547.67,Slovenia,Diesel,SVN
2021,542.42,Slovenia,Diesel,SVN
2021,535.62,Slovenia,Diesel,SVN
2021,519.39,Slovenia,Diesel,SVN
2021,518.23,Slovenia,Diesel,SVN
2021,511.72,Slovenia,Diesel,SVN
2021,507.25,Slovenia,Diesel,SVN
2021,509.44,Slovenia,Diesel,SVN
2021,524.7,Slovenia,Diesel,SVN
2021,524.76,Slovenia,Diesel,SVN
2021,517.41,Slovenia,Diesel,SVN
2021,510.76,Slovenia,Diesel,SVN
2021,499.04,Slovenia,Diesel,SVN
2021,483.26,Slovenia,Diesel,SVN
2021,466.33,Slovenia,Diesel,SVN
2021,454.13,Slovenia,Diesel,SVN
2021,455.99,Slovenia,Diesel,SVN
2021,447.72,Slovenia,Diesel,SVN
2021,433.58,Slovenia,Diesel,SVN
2021,430.95,Slovenia,Diesel,SVN
2020,410.86,Slovenia,Diesel,SVN
2020,404.36,Slovenia,Diesel,SVN
2020,386.63,Slovenia,Diesel,SVN
2020,381.22,Slovenia,Diesel,SVN
2020,366.22,Slovenia,Diesel,SVN
2020,355.55,Slovenia,Diesel,SVN
2020,357.43,Slovenia,Diesel,SVN
2020,357.35,Slovenia,Diesel,SVN
2020,367.64,Slovenia,Diesel,SVN
2020,360.93,Slovenia,Diesel,SVN
2020,355.16,Slovenia,Diesel,SVN
2020,355.18,Slovenia,Diesel,SVN
2020,357.43,Slovenia,Diesel,SVN
2020,378,Slovenia,Diesel,SVN
2020,379.71,Slovenia,Diesel,SVN
2020,389.86,Slovenia,Diesel,SVN
2020,394.61,Slovenia,Diesel,SVN
2020,399.28,Slovenia,Diesel,SVN
2020,400.61,Slovenia,Diesel,SVN
2020,401.14,Slovenia,Diesel,SVN
2020,400.8,Slovenia,Diesel,SVN
2020,398.99,Slovenia,Diesel,SVN
2020,398.75,Slovenia,Diesel,SVN
2020,386.56,Slovenia,Diesel,SVN
2020,387.68,Slovenia,Diesel,SVN
2020,364.8,Slovenia,Diesel,SVN
2020,363.07,Slovenia,Diesel,SVN
2020,344.42,Slovenia,Diesel,SVN
2020,341.57,Slovenia,Diesel,SVN
2020,310.88,Slovenia,Diesel,SVN
2020,309.08,Slovenia,Diesel,SVN
2020,273.04,Slovenia,Diesel,SVN
2020,274.14,Slovenia,Diesel,SVN
2020,321.91,Slovenia,Diesel,SVN
2020,320.66,Slovenia,Diesel,SVN
2020,335.04,Slovenia,Diesel,SVN
2020,360.25,Slovenia,Diesel,SVN
2020,405.7,Slovenia,Diesel,SVN
2020,467.27,Slovenia,Diesel,SVN
2020,492.1,Slovenia,Diesel,SVN
2020,514.78,Slovenia,Diesel,SVN
2020,511.39,Slovenia,Diesel,SVN
2020,508.13,Slovenia,Diesel,SVN
2020,525.93,Slovenia,Diesel,SVN
2020,546.59,Slovenia,Diesel,SVN
2020,565.7,Slovenia,Diesel,SVN
2020,583.04,Slovenia,Diesel,SVN
2020,584.69,Slovenia,Diesel,SVN
2020,589.45,Slovenia,Diesel,SVN
2020,574.25,Slovenia,Diesel,SVN
2019,552.43,Slovenia,Diesel,SVN
2019,557.47,Slovenia,Diesel,SVN
2019,560.01,Slovenia,Diesel,SVN
2019,557.47,Slovenia,Diesel,SVN
2019,555.72,Slovenia,Diesel,SVN
2019,557.76,Slovenia,Diesel,SVN
2019,558.14,Slovenia,Diesel,SVN
2019,560.6,Slovenia,Diesel,SVN
2019,563.76,Slovenia,Diesel,SVN
2019,570.29,Slovenia,Diesel,SVN
2019,576.78,Slovenia,Diesel,SVN
2019,562.62,Slovenia,Diesel,SVN
2019,554.35,Slovenia,Diesel,SVN
2019,549.24,Slovenia,Diesel,SVN
2019,546.18,Slovenia,Diesel,SVN
2019,549.36,Slovenia,Diesel,SVN
2019,549.82,Slovenia,Diesel,SVN
2019,557.19,Slovenia,Diesel,SVN
2019,559.92,Slovenia,Diesel,SVN
2019,555.09,Slovenia,Diesel,SVN
2019,551.73,Slovenia,Diesel,SVN
2019,546.49,Slovenia,Diesel,SVN
2019,542.69,Slovenia,Diesel,SVN
2019,537.93,Slovenia,Diesel,SVN
2019,526.76,Slovenia,Diesel,SVN
2019,549.9,Slovenia,Diesel,SVN
2019,572.26,Slovenia,Diesel,SVN
2019,579.47,Slovenia,Diesel,SVN
2019,589.47,Slovenia,Diesel,SVN
2019,587.26,Slovenia,Diesel,SVN
2019,587.59,Slovenia,Diesel,SVN
2019,582.96,Slovenia,Diesel,SVN
2019,582.71,Slovenia,Diesel,SVN
2019,570.22,Slovenia,Diesel,SVN
2019,560.71,Slovenia,Diesel,SVN
2019,558.08,Slovenia,Diesel,SVN
2019,564.28,Slovenia,Diesel,SVN
2019,568.66,Slovenia,Diesel,SVN
2019,566.81,Slovenia,Diesel,SVN
2019,566.58,Slovenia,Diesel,SVN
2019,552.99,Slovenia,Diesel,SVN
2019,543.71,Slovenia,Diesel,SVN
2019,542.46,Slovenia,Diesel,SVN
2019,540.49,Slovenia,Diesel,SVN
2019,528.2,Slovenia,Diesel,SVN
2019,519.26,Slovenia,Diesel,SVN
2019,512.56,Slovenia,Diesel,SVN
2019,510.4,Slovenia,Diesel,SVN
2019,539.92,Slovenia,Diesel,SVN
2018,569.06,Slovenia,Diesel,SVN
2018,596.84,Slovenia,Diesel,SVN
2018,626.96,Slovenia,Diesel,SVN
2018,634.31,Slovenia,Diesel,SVN
2018,641.26,Slovenia,Diesel,SVN
2018,644.21,Slovenia,Diesel,SVN
2018,647.89,Slovenia,Diesel,SVN
2018,642.62,Slovenia,Diesel,SVN
2018,638.35,Slovenia,Diesel,SVN
2018,618.51,Slovenia,Diesel,SVN
2018,601.81,Slovenia,Diesel,SVN
2018,605.4,Slovenia,Diesel,SVN
2018,606.8,Slovenia,Diesel,SVN
2018,597.52,Slovenia,Diesel,SVN
2018,591.42,Slovenia,Diesel,SVN
2018,589.2,Slovenia,Diesel,SVN
2018,587.05,Slovenia,Diesel,SVN
2018,584.9,Slovenia,Diesel,SVN
2018,582.12,Slovenia,Diesel,SVN
2018,583.88,Slovenia,Diesel,SVN
2018,586.71,Slovenia,Diesel,SVN
2018,582.08,Slovenia,Diesel,SVN
2018,579.02,Slovenia,Diesel,SVN
2018,577.85,Slovenia,Diesel,SVN
2018,580.9,Slovenia,Diesel,SVN
2018,591.27,Slovenia,Diesel,SVN
2018,601.21,Slovenia,Diesel,SVN
2018,594.31,Slovenia,Diesel,SVN
2018,589.66,Slovenia,Diesel,SVN
2018,589.89,Slovenia,Diesel,SVN
2018,556.32,Slovenia,Diesel,SVN
2018,544.25,Slovenia,Diesel,SVN
2018,538.65,Slovenia,Diesel,SVN
2018,525.87,Slovenia,Diesel,SVN
2018,519.45,Slovenia,Diesel,SVN
2018,510.47,Slovenia,Diesel,SVN
2018,503.06,Slovenia,Diesel,SVN
2018,497.67,Slovenia,Diesel,SVN
2018,493.56,Slovenia,Diesel,SVN
2018,490.45,Slovenia,Diesel,SVN
2018,499.44,Slovenia,Diesel,SVN
2018,508.62,Slovenia,Diesel,SVN
2018,515.5,Slovenia,Diesel,SVN
2018,521.09,Slovenia,Diesel,SVN
2018,523.98,Slovenia,Diesel,SVN
2018,526.47,Slovenia,Diesel,SVN
2018,519.74,Slovenia,Diesel,SVN
2018,516.11,Slovenia,Diesel,SVN
2018,512.09,Slovenia,Diesel,SVN
2018,511.05,Slovenia,Diesel,SVN
2017,511.05,Slovenia,Diesel,SVN
2017,515.29,Slovenia,Diesel,SVN
2017,516.2,Slovenia,Diesel,SVN
2017,507.17,Slovenia,Diesel,SVN
2017,500.96,Slovenia,Diesel,SVN
2017,492.88,Slovenia,Diesel,SVN
2017,488.32,Slovenia,Diesel,SVN
2017,489.91,Slovenia,Diesel,SVN
2017,491.59,Slovenia,Diesel,SVN
2017,483.97,Slovenia,Diesel,SVN
2017,478.33,Slovenia,Diesel,SVN
2017,474.38,Slovenia,Diesel,SVN
2017,470.68,Slovenia,Diesel,SVN
2017,459.43,Slovenia,Diesel,SVN
2017,451.52,Slovenia,Diesel,SVN
2017,455.67,Slovenia,Diesel,SVN
2017,459.43,Slovenia,Diesel,SVN
2017,453.96,Slovenia,Diesel,SVN
2017,448.38,Slovenia,Diesel,SVN
2017,439.01,Slovenia,Diesel,SVN
2017,440.41,Slovenia,Diesel,SVN
2017,433.62,Slovenia,Diesel,SVN
2017,428.75,Slovenia,Diesel,SVN
2017,411.08,Slovenia,Diesel,SVN
2017,400.72,Slovenia,Diesel,SVN
2017,415.87,Slovenia,Diesel,SVN
2017,430.26,Slovenia,Diesel,SVN
2017,429.51,Slovenia,Diesel,SVN
2017,429.52,Slovenia,Diesel,SVN
2017,429.02,Slovenia,Diesel,SVN
2017,430.79,Slovenia,Diesel,SVN
2017,448.77,Slovenia,Diesel,SVN
2017,467.41,Slovenia,Diesel,SVN
2017,457.89,Slovenia,Diesel,SVN
2017,452.48,Slovenia,Diesel,SVN
2017,435.18,Slovenia,Diesel,SVN
2017,450.96,Slovenia,Diesel,SVN
2017,465.03,Slovenia,Diesel,SVN
2017,473.54,Slovenia,Diesel,SVN
2017,474.27,Slovenia,Diesel,SVN
2017,471.91,Slovenia,Diesel,SVN
2017,471.97,Slovenia,Diesel,SVN
2017,467.04,Slovenia,Diesel,SVN
2017,465.61,Slovenia,Diesel,SVN
2017,468.38,Slovenia,Diesel,SVN
2017,471.79,Slovenia,Diesel,SVN
2017,473.37,Slovenia,Diesel,SVN
2017,476.08,Slovenia,Diesel,SVN
2017,462.7,Slovenia,Diesel,SVN
2017,471.66,Slovenia,Diesel,SVN
2025,853.33,Slovakia,Diesel,SVK
2025,850.07,Slovakia,Diesel,SVK
2025,849.26,Slovakia,Diesel,SVK
2025,851.7,Slovakia,Diesel,SVK
2025,851.7,Slovakia,Diesel,SVK
2025,867.15,Slovakia,Diesel,SVK
2025,849.26,Slovakia,Diesel,SVK
2025,823.24,Slovakia,Diesel,SVK
2025,819.18,Slovakia,Diesel,SVK
2024,820.68,Slovakia,Diesel,SVK
2024,823.18,Slovakia,Diesel,SVK
2024,808.18,Slovakia,Diesel,SVK
2024,808.18,Slovakia,Diesel,SVK
2024,824.85,Slovakia,Diesel,SVK
2024,793.18,Slovakia,Diesel,SVK
2024,793.18,Slovakia,Diesel,SVK
2024,776.52,Slovakia,Diesel,SVK
2024,777.35,Slovakia,Diesel,SVK
2024,774.02,Slovakia,Diesel,SVK
2024,779.02,Slovakia,Diesel,SVK
2024,775.68,Slovakia,Diesel,SVK
2024,760.68,Slovakia,Diesel,SVK
2024,759.85,Slovakia,Diesel,SVK
2024,760.68,Slovakia,Diesel,SVK
2024,761.52,Slovakia,Diesel,SVK
2024,782.35,Slovakia,Diesel,SVK
2024,794.85,Slovakia,Diesel,SVK
2024,808.18,Slovakia,Diesel,SVK
2024,820.68,Slovakia,Diesel,SVK
2024,823.18,Slovakia,Diesel,SVK
2024,829.02,Slovakia,Diesel,SVK
2024,846.52,Slovakia,Diesel,SVK
2024,849.85,Slovakia,Diesel,SVK
2024,864.02,Slovakia,Diesel,SVK
2024,876.52,Slovakia,Diesel,SVK
2024,874.02,Slovakia,Diesel,SVK
2024,861.52,Slovakia,Diesel,SVK
2024,823.18,Slovakia,Diesel,SVK
2024,819.02,Slovakia,Diesel,SVK
2024,839.85,Slovakia,Diesel,SVK
2024,846.52,Slovakia,Diesel,SVK
2024,848.18,Slovakia,Diesel,SVK
2024,855.68,Slovakia,Diesel,SVK
2024,876.52,Slovakia,Diesel,SVK
2024,876.52,Slovakia,Diesel,SVK
2024,900.68,Slovakia,Diesel,SVK
2024,902.35,Slovakia,Diesel,SVK
2024,897.35,Slovakia,Diesel,SVK
2024,900.68,Slovakia,Diesel,SVK
2024,922.35,Slovakia,Diesel,SVK
2024,899.85,Slovakia,Diesel,SVK
2024,916.52,Slovakia,Diesel,SVK
2024,917.35,Slovakia,Diesel,SVK
2024,935.68,Slovakia,Diesel,SVK
2024,959.85,Slovakia,Diesel,SVK
2024,918.18,Slovakia,Diesel,SVK
2024,918.18,Slovakia,Diesel,SVK
2024,897.35,Slovakia,Diesel,SVK
2024,861.52,Slovakia,Diesel,SVK
2024,839.85,Slovakia,Diesel,SVK
2024,854.85,Slovakia,Diesel,SVK
2024,854.85,Slovakia,Diesel,SVK
2023,869.85,Slovakia,Diesel,SVK
2023,859.85,Slovakia,Diesel,SVK
2023,884.85,Slovakia,Diesel,SVK
2023,930.68,Slovakia,Diesel,SVK
2023,929.85,Slovakia,Diesel,SVK
2023,933.18,Slovakia,Diesel,SVK
2023,958.18,Slovakia,Diesel,SVK
2023,974.85,Slovakia,Diesel,SVK
2023,993.18,Slovakia,Diesel,SVK
2023,999.85,Slovakia,Diesel,SVK
2023,986.52,Slovakia,Diesel,SVK
2023,1005.68,Slovakia,Diesel,SVK
2023,1023.18,Slovakia,Diesel,SVK
2023,1024.85,Slovakia,Diesel,SVK
2023,1010.68,Slovakia,Diesel,SVK
2023,974.02,Slovakia,Diesel,SVK
2023,966.52,Slovakia,Diesel,SVK
2023,963.18,Slovakia,Diesel,SVK
2023,949.02,Slovakia,Diesel,SVK
2023,947.35,Slovakia,Diesel,SVK
2023,904.85,Slovakia,Diesel,SVK
2023,857.35,Slovakia,Diesel,SVK
2023,831.52,Slovakia,Diesel,SVK
2023,830.68,Slovakia,Diesel,SVK
2023,792.35,Slovakia,Diesel,SVK
2023,804.85,Slovakia,Diesel,SVK
2023,815.68,Slovakia,Diesel,SVK
2023,796.52,Slovakia,Diesel,SVK
2023,788.18,Slovakia,Diesel,SVK
2023,789.85,Slovakia,Diesel,SVK
2023,793.18,Slovakia,Diesel,SVK
2023,788.18,Slovakia,Diesel,SVK
2023,779.85,Slovakia,Diesel,SVK
2023,786.52,Slovakia,Diesel,SVK
2023,812.35,Slovakia,Diesel,SVK
2023,829.02,Slovakia,Diesel,SVK
2023,846.52,Slovakia,Diesel,SVK
2023,849.02,Slovakia,Diesel,SVK
2023,853.18,Slovakia,Diesel,SVK
2023,872.35,Slovakia,Diesel,SVK
2023,874.85,Slovakia,Diesel,SVK
2023,900.68,Slovakia,Diesel,SVK
2023,889.85,Slovakia,Diesel,SVK
2023,890.68,Slovakia,Diesel,SVK
2023,895.68,Slovakia,Diesel,SVK
2023,896.52,Slovakia,Diesel,SVK
2023,936.52,Slovakia,Diesel,SVK
2023,940.68,Slovakia,Diesel,SVK
2023,941.52,Slovakia,Diesel,SVK
2023,949.85,Slovakia,Diesel,SVK
2023,951.52,Slovakia,Diesel,SVK
2023,945.68,Slovakia,Diesel,SVK
2022,949.02,Slovakia,Diesel,SVK
2022,949.85,Slovakia,Diesel,SVK
2022,983.18,Slovakia,Diesel,SVK
2022,1034.02,Slovakia,Diesel,SVK
2022,1056.52,Slovakia,Diesel,SVK
2022,1105.68,Slovakia,Diesel,SVK
2022,1159.85,Slovakia,Diesel,SVK
2022,1199.02,Slovakia,Diesel,SVK
2022,1194.02,Slovakia,Diesel,SVK
2022,1169.85,Slovakia,Diesel,SVK
2022,1124.85,Slovakia,Diesel,SVK
2022,1084.02,Slovakia,Diesel,SVK
2022,1068.18,Slovakia,Diesel,SVK
2022,1113.18,Slovakia,Diesel,SVK
2022,1141.52,Slovakia,Diesel,SVK
2022,1141.52,Slovakia,Diesel,SVK
2022,1119.85,Slovakia,Diesel,SVK
2022,1095.68,Slovakia,Diesel,SVK
2022,1076.52,Slovakia,Diesel,SVK
2022,1079.85,Slovakia,Diesel,SVK
2022,1119.02,Slovakia,Diesel,SVK
2022,1153.18,Slovakia,Diesel,SVK
2022,1155.68,Slovakia,Diesel,SVK
2022,1184.02,Slovakia,Diesel,SVK
2022,1188.18,Slovakia,Diesel,SVK
2022,1224.02,Slovakia,Diesel,SVK
2022,1199.02,Slovakia,Diesel,SVK
2022,1155.68,Slovakia,Diesel,SVK
2022,1134.02,Slovakia,Diesel,SVK
2022,1084.02,Slovakia,Diesel,SVK
2022,1071.52,Slovakia,Diesel,SVK
2022,1087.35,Slovakia,Diesel,SVK
2022,1099.85,Slovakia,Diesel,SVK
2022,1099.85,Slovakia,Diesel,SVK
2022,1054.02,Slovakia,Diesel,SVK
2022,1028.18,Slovakia,Diesel,SVK
2022,1029.85,Slovakia,Diesel,SVK
2022,1039.85,Slovakia,Diesel,SVK
2022,990.68,Slovakia,Diesel,SVK
2022,942.35,Slovakia,Diesel,SVK
2022,892.35,Slovakia,Diesel,SVK
2022,832.35,Slovakia,Diesel,SVK
2022,828.18,Slovakia,Diesel,SVK
2022,821.52,Slovakia,Diesel,SVK
2022,804.85,Slovakia,Diesel,SVK
2022,788.18,Slovakia,Diesel,SVK
2022,788.18,Slovakia,Diesel,SVK
2022,772.35,Slovakia,Diesel,SVK
2022,755.68,Slovakia,Diesel,SVK
2022,740.68,Slovakia,Diesel,SVK
2022,738.18,Slovakia,Diesel,SVK
2021,743.18,Slovakia,Diesel,SVK
2021,748.18,Slovakia,Diesel,SVK
2021,752.35,Slovakia,Diesel,SVK
2021,764.85,Slovakia,Diesel,SVK
2021,764.02,Slovakia,Diesel,SVK
2021,764.85,Slovakia,Diesel,SVK
2021,764.02,Slovakia,Diesel,SVK
2021,764.02,Slovakia,Diesel,SVK
2021,746.52,Slovakia,Diesel,SVK
2021,727.35,Slovakia,Diesel,SVK
2021,707.35,Slovakia,Diesel,SVK
2021,688.18,Slovakia,Diesel,SVK
2021,672.35,Slovakia,Diesel,SVK
2021,660.68,Slovakia,Diesel,SVK
2021,660.68,Slovakia,Diesel,SVK
2021,659.02,Slovakia,Diesel,SVK
2021,649.02,Slovakia,Diesel,SVK
2021,649.02,Slovakia,Diesel,SVK
2021,651.52,Slovakia,Diesel,SVK
2021,657.35,Slovakia,Diesel,SVK
2021,649.02,Slovakia,Diesel,SVK
2021,649.02,Slovakia,Diesel,SVK
2021,648.18,Slovakia,Diesel,SVK
2021,649.02,Slovakia,Diesel,SVK
2021,648.18,Slovakia,Diesel,SVK
2021,630.68,Slovakia,Diesel,SVK
2021,614.02,Slovakia,Diesel,SVK
2021,606.52,Slovakia,Diesel,SVK
2021,594.02,Slovakia,Diesel,SVK
2021,594.85,Slovakia,Diesel,SVK
2021,594.02,Slovakia,Diesel,SVK
2021,594.02,Slovakia,Diesel,SVK
2021,581.52,Slovakia,Diesel,SVK
2021,581.52,Slovakia,Diesel,SVK
2021,580.68,Slovakia,Diesel,SVK
2021,581.52,Slovakia,Diesel,SVK
2021,580.68,Slovakia,Diesel,SVK
2021,581.52,Slovakia,Diesel,SVK
2021,580.68,Slovakia,Diesel,SVK
2021,580.68,Slovakia,Diesel,SVK
2021,580.68,Slovakia,Diesel,SVK
2021,563.18,Slovakia,Diesel,SVK
2021,548.18,Slovakia,Diesel,SVK
2021,532.35,Slovakia,Diesel,SVK
2021,515.68,Slovakia,Diesel,SVK
2021,515.68,Slovakia,Diesel,SVK
2021,514.85,Slovakia,Diesel,SVK
2021,499.02,Slovakia,Diesel,SVK
2021,490.68,Slovakia,Diesel,SVK
2020,487.35,Slovakia,Diesel,SVK
2020,474.02,Slovakia,Diesel,SVK
2020,473.18,Slovakia,Diesel,SVK
2020,457.35,Slovakia,Diesel,SVK
2020,441.52,Slovakia,Diesel,SVK
2020,425.68,Slovakia,Diesel,SVK
2020,427.35,Slovakia,Diesel,SVK
2020,427.35,Slovakia,Diesel,SVK
2020,438.18,Slovakia,Diesel,SVK
2020,438.18,Slovakia,Diesel,SVK
2020,438.18,Slovakia,Diesel,SVK
2020,437.35,Slovakia,Diesel,SVK
2020,437.35,Slovakia,Diesel,SVK
2020,438.18,Slovakia,Diesel,SVK
2020,441.52,Slovakia,Diesel,SVK
2020,458.18,Slovakia,Diesel,SVK
2020,466.52,Slovakia,Diesel,SVK
2020,466.52,Slovakia,Diesel,SVK
2020,466.52,Slovakia,Diesel,SVK
2020,465.68,Slovakia,Diesel,SVK
2020,468.18,Slovakia,Diesel,SVK
2020,474.02,Slovakia,Diesel,SVK
2020,474.02,Slovakia,Diesel,SVK
2020,466.52,Slovakia,Diesel,SVK
2020,466.52,Slovakia,Diesel,SVK
2020,464.85,Slovakia,Diesel,SVK
2020,458.18,Slovakia,Diesel,SVK
2020,444.85,Slovakia,Diesel,SVK
2020,444.85,Slovakia,Diesel,SVK
2020,444.85,Slovakia,Diesel,SVK
2020,444.85,Slovakia,Diesel,SVK
2020,444.02,Slovakia,Diesel,SVK
2020,445.68,Slovakia,Diesel,SVK
2020,448.18,Slovakia,Diesel,SVK
2020,468.18,Slovakia,Diesel,SVK
2020,484.85,Slovakia,Diesel,SVK
2020,494.02,Slovakia,Diesel,SVK
2020,502.35,Slovakia,Diesel,SVK
2020,514.85,Slovakia,Diesel,SVK
2020,545.68,Slovakia,Diesel,SVK
2020,571.52,Slovakia,Diesel,SVK
2020,591.52,Slovakia,Diesel,SVK
2020,588.18,Slovakia,Diesel,SVK
2020,589.02,Slovakia,Diesel,SVK
2020,591.52,Slovakia,Diesel,SVK
2020,626.52,Slovakia,Diesel,SVK
2020,619.02,Slovakia,Diesel,SVK
2020,633.18,Slovakia,Diesel,SVK
2020,645.68,Slovakia,Diesel,SVK
2020,645.68,Slovakia,Diesel,SVK
2019,629.02,Slovakia,Diesel,SVK
2019,629.02,Slovakia,Diesel,SVK
2019,629.85,Slovakia,Diesel,SVK
2019,631.52,Slovakia,Diesel,SVK
2019,637.35,Slovakia,Diesel,SVK
2019,638.18,Slovakia,Diesel,SVK
2019,637.35,Slovakia,Diesel,SVK
2019,637.35,Slovakia,Diesel,SVK
2019,637.35,Slovakia,Diesel,SVK
2019,637.35,Slovakia,Diesel,SVK
2019,629.85,Slovakia,Diesel,SVK
2019,636.52,Slovakia,Diesel,SVK
2019,616.52,Slovakia,Diesel,SVK
2019,614.02,Slovakia,Diesel,SVK
2019,615.68,Slovakia,Diesel,SVK
2019,604.85,Slovakia,Diesel,SVK
2019,604.85,Slovakia,Diesel,SVK
2019,605.68,Slovakia,Diesel,SVK
2019,607.35,Slovakia,Diesel,SVK
2019,624.02,Slovakia,Diesel,SVK
2019,622.35,Slovakia,Diesel,SVK
2019,624.02,Slovakia,Diesel,SVK
2019,622.35,Slovakia,Diesel,SVK
2019,624.02,Slovakia,Diesel,SVK
2019,614.02,Slovakia,Diesel,SVK
2019,597.35,Slovakia,Diesel,SVK
2019,602.35,Slovakia,Diesel,SVK
2019,616.52,Slovakia,Diesel,SVK
2019,651.52,Slovakia,Diesel,SVK
2019,666.52,Slovakia,Diesel,SVK
2019,664.02,Slovakia,Diesel,SVK
2019,662.35,Slovakia,Diesel,SVK
2019,662.35,Slovakia,Diesel,SVK
2019,651.52,Slovakia,Diesel,SVK
2019,644.02,Slovakia,Diesel,SVK
2019,636.52,Slovakia,Diesel,SVK
2019,636.52,Slovakia,Diesel,SVK
2019,635.68,Slovakia,Diesel,SVK
2019,639.02,Slovakia,Diesel,SVK
2019,645.68,Slovakia,Diesel,SVK
2019,644.85,Slovakia,Diesel,SVK
2019,629.85,Slovakia,Diesel,SVK
2019,613.18,Slovakia,Diesel,SVK
2019,614.02,Slovakia,Diesel,SVK
2019,605.68,Slovakia,Diesel,SVK
2019,597.35,Slovakia,Diesel,SVK
2019,598.18,Slovakia,Diesel,SVK
2019,579.85,Slovakia,Diesel,SVK
2019,582.35,Slovakia,Diesel,SVK
2018,619.02,Slovakia,Diesel,SVK
2018,620.68,Slovakia,Diesel,SVK
2018,624.85,Slovakia,Diesel,SVK
2018,659.85,Slovakia,Diesel,SVK
2018,680.68,Slovakia,Diesel,SVK
2018,694.85,Slovakia,Diesel,SVK
2018,710.68,Slovakia,Diesel,SVK
2018,709.85,Slovakia,Diesel,SVK
2018,710.68,Slovakia,Diesel,SVK
2018,709.85,Slovakia,Diesel,SVK
2018,686.52,Slovakia,Diesel,SVK
2018,674.02,Slovakia,Diesel,SVK
2018,674.85,Slovakia,Diesel,SVK
2018,679.85,Slovakia,Diesel,SVK
2018,679.02,Slovakia,Diesel,SVK
2018,667.35,Slovakia,Diesel,SVK
2018,652.35,Slovakia,Diesel,SVK
2018,651.52,Slovakia,Diesel,SVK
2018,653.18,Slovakia,Diesel,SVK
2018,652.35,Slovakia,Diesel,SVK
2018,631.52,Slovakia,Diesel,SVK
2018,633.18,Slovakia,Diesel,SVK
2018,649.85,Slovakia,Diesel,SVK
2018,664.02,Slovakia,Diesel,SVK
2018,664.85,Slovakia,Diesel,SVK
2018,664.85,Slovakia,Diesel,SVK
2018,664.85,Slovakia,Diesel,SVK
2018,673.18,Slovakia,Diesel,SVK
2018,692.35,Slovakia,Diesel,SVK
2018,674.85,Slovakia,Diesel,SVK
2018,654.85,Slovakia,Diesel,SVK
2018,634.85,Slovakia,Diesel,SVK
2018,633.18,Slovakia,Diesel,SVK
2018,621.52,Slovakia,Diesel,SVK
2018,613.18,Slovakia,Diesel,SVK
2018,596.52,Slovakia,Diesel,SVK
2018,597.35,Slovakia,Diesel,SVK
2018,588.18,Slovakia,Diesel,SVK
2018,572.35,Slovakia,Diesel,SVK
2018,573.18,Slovakia,Diesel,SVK
2018,581.52,Slovakia,Diesel,SVK
2018,569.02,Slovakia,Diesel,SVK
2018,569.02,Slovakia,Diesel,SVK
2018,594.02,Slovakia,Diesel,SVK
2018,604.02,Slovakia,Diesel,SVK
2018,578.95,Slovakia,Diesel,SVK
2018,579.78,Slovakia,Diesel,SVK
2018,585.62,Slovakia,Diesel,SVK
2018,575.62,Slovakia,Diesel,SVK
2018,564.78,Slovakia,Diesel,SVK
2017,550.62,Slovakia,Diesel,SVK
2017,551.45,Slovakia,Diesel,SVK
2017,562.28,Slovakia,Diesel,SVK
2017,562.28,Slovakia,Diesel,SVK
2017,565.62,Slovakia,Diesel,SVK
2017,560.62,Slovakia,Diesel,SVK
2017,552.28,Slovakia,Diesel,SVK
2017,543.12,Slovakia,Diesel,SVK
2017,528.95,Slovakia,Diesel,SVK
2017,530.62,Slovakia,Diesel,SVK
2017,533.12,Slovakia,Diesel,SVK
2017,528.12,Slovakia,Diesel,SVK
2017,517.28,Slovakia,Diesel,SVK
2017,516.45,Slovakia,Diesel,SVK
2017,490.62,Slovakia,Diesel,SVK
2017,489.78,Slovakia,Diesel,SVK
2017,488.95,Slovakia,Diesel,SVK
2017,490.62,Slovakia,Diesel,SVK
2017,496.45,Slovakia,Diesel,SVK
2017,488.12,Slovakia,Diesel,SVK
2017,487.28,Slovakia,Diesel,SVK
2017,476.45,Slovakia,Diesel,SVK
2017,477.28,Slovakia,Diesel,SVK
2017,468.95,Slovakia,Diesel,SVK
2017,468.12,Slovakia,Diesel,SVK
2017,469.78,Slovakia,Diesel,SVK
2017,478.95,Slovakia,Diesel,SVK
2017,488.12,Slovakia,Diesel,SVK
2017,503.12,Slovakia,Diesel,SVK
2017,509.78,Slovakia,Diesel,SVK
2017,510.62,Slovakia,Diesel,SVK
2017,512.28,Slovakia,Diesel,SVK
2017,532.28,Slovakia,Diesel,SVK
2017,536.45,Slovakia,Diesel,SVK
2017,558.12,Slovakia,Diesel,SVK
2017,532.28,Slovakia,Diesel,SVK
2017,527.28,Slovakia,Diesel,SVK
2017,531.45,Slovakia,Diesel,SVK
2017,544.78,Slovakia,Diesel,SVK
2017,558.12,Slovakia,Diesel,SVK
2017,560.62,Slovakia,Diesel,SVK
2017,561.45,Slovakia,Diesel,SVK
2017,561.45,Slovakia,Diesel,SVK
2017,553.95,Slovakia,Diesel,SVK
2017,553.95,Slovakia,Diesel,SVK
2017,553.95,Slovakia,Diesel,SVK
2017,553.12,Slovakia,Diesel,SVK
2017,566.45,Slovakia,Diesel,SVK
2017,566.45,Slovakia,Diesel,SVK
2017,564.78,Slovakia,Diesel,SVK
2020,451.47,United Kingdom,Diesel,GBR
2020,450.52,United Kingdom,Diesel,GBR
2020,442.6,United Kingdom,Diesel,GBR
2020,443.99,United Kingdom,Diesel,GBR
2020,446.2,United Kingdom,Diesel,GBR
2020,440.95,United Kingdom,Diesel,GBR
2020,440.91,United Kingdom,Diesel,GBR
2020,448.97,United Kingdom,Diesel,GBR
2020,445.72,United Kingdom,Diesel,GBR
2020,446.49,United Kingdom,Diesel,GBR
2020,446.24,United Kingdom,Diesel,GBR
2020,445.74,United Kingdom,Diesel,GBR
2020,447.68,United Kingdom,Diesel,GBR
2020,442.31,United Kingdom,Diesel,GBR
2020,439.64,United Kingdom,Diesel,GBR
2020,451.55,United Kingdom,Diesel,GBR
2020,452.36,United Kingdom,Diesel,GBR
2020,449.13,United Kingdom,Diesel,GBR
2020,445.57,United Kingdom,Diesel,GBR
2020,448.02,United Kingdom,Diesel,GBR
2020,448.4,United Kingdom,Diesel,GBR
2020,439.89,United Kingdom,Diesel,GBR
2020,439.9,United Kingdom,Diesel,GBR
2020,437.41,United Kingdom,Diesel,GBR
2020,419.03,United Kingdom,Diesel,GBR
2020,405.66,United Kingdom,Diesel,GBR
2020,400.77,United Kingdom,Diesel,GBR
2020,399.64,United Kingdom,Diesel,GBR
2020,396.61,United Kingdom,Diesel,GBR
2020,392.39,United Kingdom,Diesel,GBR
2020,392.53,United Kingdom,Diesel,GBR
2020,398.95,United Kingdom,Diesel,GBR
2020,429.47,United Kingdom,Diesel,GBR
2020,430.41,United Kingdom,Diesel,GBR
2020,436.19,United Kingdom,Diesel,GBR
2020,440.72,United Kingdom,Diesel,GBR
2020,448.87,United Kingdom,Diesel,GBR
2020,459.87,United Kingdom,Diesel,GBR
2020,482.85,United Kingdom,Diesel,GBR
2020,502.5,United Kingdom,Diesel,GBR
2020,540.85,United Kingdom,Diesel,GBR
2020,546.05,United Kingdom,Diesel,GBR
2020,577.88,United Kingdom,Diesel,GBR
2020,587.3,United Kingdom,Diesel,GBR
2020,592.44,United Kingdom,Diesel,GBR
2020,608.82,United Kingdom,Diesel,GBR
2020,625.71,United Kingdom,Diesel,GBR
2020,617.61,United Kingdom,Diesel,GBR
2020,613.61,United Kingdom,Diesel,GBR
2020,606.45,United Kingdom,Diesel,GBR
2019,599.63,United Kingdom,Diesel,GBR
2019,596.33,United Kingdom,Diesel,GBR
2019,589.22,United Kingdom,Diesel,GBR
2019,589.93,United Kingdom,Diesel,GBR
2019,593.84,United Kingdom,Diesel,GBR
2019,591.73,United Kingdom,Diesel,GBR
2019,586.99,United Kingdom,Diesel,GBR
2019,589.46,United Kingdom,Diesel,GBR
2019,598.73,United Kingdom,Diesel,GBR
2019,590.58,United Kingdom,Diesel,GBR
2019,582.14,United Kingdom,Diesel,GBR
2019,586.09,United Kingdom,Diesel,GBR
2019,584.68,United Kingdom,Diesel,GBR
2019,581.91,United Kingdom,Diesel,GBR
2019,581.98,United Kingdom,Diesel,GBR
2019,575.78,United Kingdom,Diesel,GBR
2019,577.88,United Kingdom,Diesel,GBR
2019,573.76,United Kingdom,Diesel,GBR
2019,567.31,United Kingdom,Diesel,GBR
2019,572,United Kingdom,Diesel,GBR
2019,581,United Kingdom,Diesel,GBR
2019,580.52,United Kingdom,Diesel,GBR
2019,577.85,United Kingdom,Diesel,GBR
2019,577.79,United Kingdom,Diesel,GBR
2019,576.02,United Kingdom,Diesel,GBR
2019,580.71,United Kingdom,Diesel,GBR
2019,599.89,United Kingdom,Diesel,GBR
2019,614.97,United Kingdom,Diesel,GBR
2019,628.68,United Kingdom,Diesel,GBR
2019,631.96,United Kingdom,Diesel,GBR
2019,630.4,United Kingdom,Diesel,GBR
2019,635.19,United Kingdom,Diesel,GBR
2019,642.2,United Kingdom,Diesel,GBR
2019,627.98,United Kingdom,Diesel,GBR
2019,612.4,United Kingdom,Diesel,GBR
2019,604.76,United Kingdom,Diesel,GBR
2019,602.63,United Kingdom,Diesel,GBR
2019,599.54,United Kingdom,Diesel,GBR
2019,596.46,United Kingdom,Diesel,GBR
2019,589.95,United Kingdom,Diesel,GBR
2019,589.82,United Kingdom,Diesel,GBR
2019,577.03,United Kingdom,Diesel,GBR
2019,567.71,United Kingdom,Diesel,GBR
2019,567.17,United Kingdom,Diesel,GBR
2019,566.4,United Kingdom,Diesel,GBR
2019,571.21,United Kingdom,Diesel,GBR
2019,560.41,United Kingdom,Diesel,GBR
2019,559.48,United Kingdom,Diesel,GBR
2019,564.61,United Kingdom,Diesel,GBR
2018,572.17,United Kingdom,Diesel,GBR
2018,581.43,United Kingdom,Diesel,GBR
2018,606.1,United Kingdom,Diesel,GBR
2018,620.84,United Kingdom,Diesel,GBR
2018,625.43,United Kingdom,Diesel,GBR
2018,642.82,United Kingdom,Diesel,GBR
2018,642.5,United Kingdom,Diesel,GBR
2018,633.1,United Kingdom,Diesel,GBR
2018,635.07,United Kingdom,Diesel,GBR
2018,634.98,United Kingdom,Diesel,GBR
2018,624.85,United Kingdom,Diesel,GBR
2018,611.06,United Kingdom,Diesel,GBR
2018,607.63,United Kingdom,Diesel,GBR
2018,609.73,United Kingdom,Diesel,GBR
2018,604.13,United Kingdom,Diesel,GBR
2018,592.73,United Kingdom,Diesel,GBR
2018,587.06,United Kingdom,Diesel,GBR
2018,590.76,United Kingdom,Diesel,GBR
2018,587.91,United Kingdom,Diesel,GBR
2018,586.62,United Kingdom,Diesel,GBR
2018,583.8,United Kingdom,Diesel,GBR
2018,582.79,United Kingdom,Diesel,GBR
2018,588.24,United Kingdom,Diesel,GBR
2018,584.73,United Kingdom,Diesel,GBR
2018,576.16,United Kingdom,Diesel,GBR
2018,584.26,United Kingdom,Diesel,GBR
2018,593.65,United Kingdom,Diesel,GBR
2018,596.13,United Kingdom,Diesel,GBR
2018,596.93,United Kingdom,Diesel,GBR
2018,591.86,United Kingdom,Diesel,GBR
2018,575.26,United Kingdom,Diesel,GBR
2018,554.76,United Kingdom,Diesel,GBR
2018,543.98,United Kingdom,Diesel,GBR
2018,535.03,United Kingdom,Diesel,GBR
2018,531.04,United Kingdom,Diesel,GBR
2018,527.67,United Kingdom,Diesel,GBR
2018,517.12,United Kingdom,Diesel,GBR
2018,509.64,United Kingdom,Diesel,GBR
2018,507.04,United Kingdom,Diesel,GBR
2018,502.46,United Kingdom,Diesel,GBR
2018,499.4,United Kingdom,Diesel,GBR
2018,508.12,United Kingdom,Diesel,GBR
2018,514,United Kingdom,Diesel,GBR
2018,521.81,United Kingdom,Diesel,GBR
2018,525.25,United Kingdom,Diesel,GBR
2018,528.59,United Kingdom,Diesel,GBR
2018,525.31,United Kingdom,Diesel,GBR
2018,515.1,United Kingdom,Diesel,GBR
2018,513.04,United Kingdom,Diesel,GBR
2018,506.94,United Kingdom,Diesel,GBR
2017,512.72,United Kingdom,Diesel,GBR
2017,511.35,United Kingdom,Diesel,GBR
2017,509.81,United Kingdom,Diesel,GBR
2017,505.85,United Kingdom,Diesel,GBR
2017,503.87,United Kingdom,Diesel,GBR
2017,497.58,United Kingdom,Diesel,GBR
2017,487.71,United Kingdom,Diesel,GBR
2017,483.93,United Kingdom,Diesel,GBR
2017,478.09,United Kingdom,Diesel,GBR
2017,477.71,United Kingdom,Diesel,GBR
2017,476.2,United Kingdom,Diesel,GBR
2017,479.1,United Kingdom,Diesel,GBR
2017,486.85,United Kingdom,Diesel,GBR
2017,482.05,United Kingdom,Diesel,GBR
2017,462.67,United Kingdom,Diesel,GBR
2017,446.63,United Kingdom,Diesel,GBR
2017,439.56,United Kingdom,Diesel,GBR
2017,442.65,United Kingdom,Diesel,GBR
2017,438.84,United Kingdom,Diesel,GBR
2017,434.04,United Kingdom,Diesel,GBR
2017,432.87,United Kingdom,Diesel,GBR
2017,430.79,United Kingdom,Diesel,GBR
2017,437.23,United Kingdom,Diesel,GBR
2017,431.07,United Kingdom,Diesel,GBR
2017,437.91,United Kingdom,Diesel,GBR
2017,443.25,United Kingdom,Diesel,GBR
2017,453.61,United Kingdom,Diesel,GBR
2017,453.83,United Kingdom,Diesel,GBR
2017,462.97,United Kingdom,Diesel,GBR
2017,462.53,United Kingdom,Diesel,GBR
2017,465.32,United Kingdom,Diesel,GBR
2017,472.06,United Kingdom,Diesel,GBR
2017,491.34,United Kingdom,Diesel,GBR
2017,505.48,United Kingdom,Diesel,GBR
2017,503.25,United Kingdom,Diesel,GBR
2017,492.53,United Kingdom,Diesel,GBR
2017,492.38,United Kingdom,Diesel,GBR
2017,497.07,United Kingdom,Diesel,GBR
2017,502.15,United Kingdom,Diesel,GBR
2017,508.33,United Kingdom,Diesel,GBR
2017,515.21,United Kingdom,Diesel,GBR
2017,522.98,United Kingdom,Diesel,GBR
2017,524.66,United Kingdom,Diesel,GBR
2017,526.47,United Kingdom,Diesel,GBR
2017,520.72,United Kingdom,Diesel,GBR
2017,526.43,United Kingdom,Diesel,GBR
2017,514.66,United Kingdom,Diesel,GBR
2017,498.8,United Kingdom,Diesel,GBR
2017,497.76,United Kingdom,Diesel,GBR
2017,494.2,United Kingdom,Diesel,GBR
2021,612.9,United Kingdom,Petrol,GBR
2022,989.7,United Kingdom,Petrol,GBR
2023,836.33,United Kingdom,Petrol,GBR
2024,773.13065,United Kingdom,Petrol,GBR
2021,649.1867,United Kingdom,Diesel,GBR
2022,1117.9741,United Kingdom,Diesel,GBR
2023,939.39361,United Kingdom,Diesel,GBR
2024,841.32059,United Kingdom,Diesel,GBR
